application_id,country_code,secondary_income,application_date,last_login,applicant_age,annual_income,credit_score,loan_amount,num_dependents,debt_to_income,account_score,monthly_payment,employment_type,loan_purpose,region,marital_status,branch_code,application_notes,is_homeowner,has_cosigner,loan_default
APP-200000,TWN,-,2023-02-16,2022-10-03 00:00:00,21.0,95144.0,638,203963.73,3,0.666,6.25,"$6,150.84",Salaried,Medical,North,Married,BR-016,Applicant seeks a loan to cover expanding a small business; first-time applicant. Ref-900000.,Yes,false,Yes
APP-200001,TWN,null,2023-08-02,2022/02/06,46.0,38091.0,741,34116.64,0,0.26,8.97,$910.19,Salaried,Car,South,Married,BR-032,Client applies for credit toward tuition and education costs; good repayment record. Ref-900001.,No,true,No
APP-200002,TWN,Rental,2022-03-29,26-04-2022,51.0,74456.0,685,107674.66,1,0.424,7.76,"$2,725.35",Salaried,Car,North,Married,BR-020,Client seeks a loan to cover home renovation and repairs; existing customer over 5 years. Ref-900002.,No,false,Yes
APP-200003,TWN,n/a,2023-11-25,10/09/2024,65.0,45992.0,677,66943.34,0,0.472,2.25,"$1,925.63",Salaried,Car,North,Married,BR-002,Client applies for credit toward medical expenses; stable employment history. Ref-900003.,No,true,No
APP-200004,TWN,,2024-05-29,2022/01/02,NA,33291.0,831,54496.0,2,0.581,3.0,"$1,456.84",,Home,North,Married,BR-009,Borrower requests funding for tuition and education costs; first-time applicant. Ref-900004.,Yes,false,No
APP-200005,TWN,?,2021-06-03,2023-07-31 00:00:00,48.0,-,529,74229.51,0,0.826,8.74,"$2,152.46",Salaried,Car,North,Married,BR-028,Applicant seeks a loan to cover tuition and education costs; first-time applicant. Ref-900005.,Yes,false,No
APP-200006,TWN,?,2021-06-23,02-10-2023,37.0,n/a,632,39958.54,0,0.16,0.05,"$1,150.68",Salaried,Education,North,Married,BR-008,Applicant applies for credit toward a new vehicle purchase; existing customer over 5 years. Ref-900006.,No,false,No
APP-200007,TWN,NA,2021-09-21,07/30/2024,34.0,NA,554,92922.4,0,0.252,8.21,"$2,671.71",Contract,Car,North,Divorced,BR-013,Client seeks a loan to cover tuition and education costs; first-time applicant. Ref-900007.,Yes,false,No
APP-200008,TWN,Freelance,2022-04-29,23-08-2022,36.0,,657,68060.65,1,0.833,7.97,"$2,008.85",Salaried,Home,East,Separated,BR-025,Client applies for credit toward expanding a small business; good repayment record. Ref-900008.,No,false,No
APP-200009,TWN,,2022-03-28,02/26/2022,30.0,143679.0,663,105220.57,1,0.15,4.68,"$2,722.67",Salaried,Home,North,Single,BR-014,Borrower applies for credit toward tuition and education costs; existing customer over 5 years. Ref-900009.,No,true,No
APP-200010,TWN,Dividend,2024-02-13,2021/04/17,37.0,125124.0,850,326631.58,1,0.924,3.03,"$8,493.76",Self-employed,Car,East,Married,BR-036,Applicant requests funding for expanding a small business; moderate credit risk profile. Ref-900010.,Yes,false,Yes
APP-200011,TWN,Dividend,2022-02-16,2024/12/05,18.0,49614.0,703,70759.06,1,0.301,2.78,"$1,973.46",NA,Car,North,Single,BR-021,Applicant needs financing for tuition and education costs; good repayment record. Ref-900011.,No,false,No
APP-200012,TWN,null,2024-07-19,01-10-2022,n/a,47602.0,804,28119.25,1,0.153,2.55,$729.10,Self-employed,Travel,North,Divorced,BR-037,Client needs financing for expanding a small business; existing customer over 5 years. Ref-900012.,No,false,No
APP-200013,TWN,null,2024-01-09,06/03/2021,40.0,57844.0,769,140031.99,3,0.931,4.45,"$3,892.75",Salaried,Home,North,Single,BR-037,Borrower seeks a loan to cover medical expenses; good repayment record. Ref-900013.,Yes,false,No
APP-200014,TWN,-,2024-10-04,03/28/2021,71.0,97981.0,649,109020.83,1,0.292,5.05,"$2,887.70",Unemployed,Home,North,Widowed,BR-038,Client seeks a loan to cover expanding a small business; moderate credit risk profile. Ref-900014.,No,false,No
APP-200015,TWN,?,2024-12-21,14-02-2023,49.0,49524.0,712,148388.62,1,0.629,5.53,"$4,522.33",Salaried,Home,North,Single,BR-032,Borrower applies for credit toward tuition and education costs; stable employment history. Ref-900015.,No,true,No
APP-200016,TWN,NA,2021-04-14,11/14/2022,34.0,34490.0,795,96797.27,3,0.632,9.96,"$2,870.42",Contract,Car,North,Married,BR-029,Applicant applies for credit toward expanding a small business; existing customer over 5 years. Ref-900016.,Yes,true,No
APP-200017,TWN,Pension,2023-09-25,2021-06-11 00:00:00,47.0,71195.0,691,193175.79,2,1.062,7.93,"$5,675.97",Salaried,Education,North,Married,BR-006,Client needs financing for medical expenses; moderate credit risk profile. Ref-900017.,Yes,false,No
APP-200018,TWN,n/a,2024-06-19,07/16/2024,25.0,21346.0,694,57838.51,1,0.764,6.22,"$1,724.85",Contract,Car,North,Married,BR-044,Client applies for credit toward home renovation and repairs; stable employment history. Ref-900018.,Yes,true,No
APP-200019,TWN,null,2021-02-18,10/05/2021,33.0,64309.0,714,43986.32,0,0.187,9.89,"$1,159.47",Salaried,Business,North,Widowed,BR-027,Applicant seeks a loan to cover medical expenses; first-time applicant. Ref-900019.,Yes,false,No
APP-200020,TWN,NA,2021-08-29,07/06/2022,18.0,106980.0,575,60629.72,2,0.216,2.15,"$1,694.56",Salaried,Home,North,Married,BR-025,Client seeks a loan to cover a family vacation abroad; moderate credit risk profile. Ref-900020.,No,false,No
APP-200021,TWN,Freelance,2022-03-11,2024-01-21 00:00:00,-,69809.0,623,104888.0,0,0.555,1.6,"$2,980.86",Retired,Home,North,Single,BR-039,Borrower requests funding for home renovation and repairs; moderate credit risk profile. Ref-900021.,Yes,true,No
APP-200022,TWN,Rental,2021-10-29,04-10-2022,47.0,88500.0,703,137286.42,0,0.387,6.13,"$3,470.22",Salaried,Home,North,Single,BR-025,Borrower requests funding for medical expenses; stable employment history. Ref-900022.,Yes,true,No
APP-200023,TWN,?,2024-03-18,2021-04-07 00:00:00,26.0,76675.0,717,116698.75,0,0.341,0.44,"$3,078.90",Contract,Travel,North,Married,BR-007,Client seeks a loan to cover a family vacation abroad; existing customer over 5 years. Ref-900023.,No,false,No
APP-200024,TWN,Pension,2021-07-14,09/04/2023,39.0,86191.0,615,171690.02,1,0.755,0.36,"$5,078.34",Salaried,Car,North,Married,BR-043,Client requests funding for medical expenses; first-time applicant. Ref-900024.,Yes,false,No
APP-200025,TWN,Freelance,,2022/07/13,51.0,64399.0,657,158409.67,0,0.68,5.15,"$4,186.60",Salaried,Car,North,Divorced,BR-012,Client seeks a loan to cover tuition and education costs; stable employment history. Ref-900025.,Yes,false,Yes
APP-200026,TWN,Freelance,2022-06-07,08-12-2023,46.0,null,671,97731.64,2,0.722,4.66,"$2,935.06",Salaried,Home,North,Married,BR-036,Customer seeks a loan to cover medical expenses; good repayment record. Ref-900026.,No,false,No
APP-200027,TWN,Freelance,2023-05-19,2021-10-07 00:00:00,45.0,53521.0,669,151221.4,1,0.654,9.17,"$4,175.92",Salaried,Car,East,Married,BR-019,Customer requests funding for a family vacation abroad; existing customer over 5 years. Ref-900027.,Yes,false,No
APP-200028,TWN,null,2022-08-20,06/01/2023,30.0,57721.0,727,126481.35,0,0.618,6.29,"$3,513.45",Retired,Medical,North,Single,BR-037,Customer applies for credit toward medical expenses; existing customer over 5 years. Ref-900028.,Yes,false,Yes
APP-200029,TWN,?,2022-05-25,2024/05/26,32.0,112356.0,687,302610.27,2,1.02,5.14,"$7,772.24",NA,Business,North,Married,BR-007,Applicant seeks a loan to cover a family vacation abroad; existing customer over 5 years. Ref-900029.,Yes,false,Yes
APP-200030,TWN,,2024-06-16,03-12-2021,41.0,135006.0,691,98300.13,2,0.278,4.97,"$2,923.16",Salaried,Travel,North,Single,BR-017,Customer seeks a loan to cover medical expenses; existing customer over 5 years. Ref-900030.,No,true,No
APP-200031,TWN,?,-,01-05-2021,51.0,73888.0,581,41741.95,2,0.134,2.48,"$1,138.33",Contract,Home,East,Single,BR-031,Client seeks a loan to cover expanding a small business; good repayment record. Ref-900031.,No,false,No
APP-200032,TWN,NA,NA,12/03/2022,30.0,41094.0,606,66932.66,1,0.535,0.12,"$1,755.81",Salaried,Home,North,Divorced,BR-026,Borrower requests funding for home renovation and repairs; first-time applicant. Ref-900032.,No,false,No
APP-200033,TWN,Pension,2023-07-14,07-05-2022,27.0,41571.0,701,112533.73,0,0.618,1.92,"$2,919.12",Salaried,Home,South,Married,BR-025,Customer seeks a loan to cover tuition and education costs; stable employment history. Ref-900033.,No,false,No
APP-200034,TWN,Rental,2022-06-09,2023/06/26,54.0,54516.0,568,79796.08,0,0.441,6.92,"$2,068.07",Contract,Home,North,Married,BR-005,Borrower seeks a loan to cover tuition and education costs; moderate credit risk profile. Ref-900034.,Yes,false,Yes
APP-200035,TWN,null,2024-06-15,06/04/2024,29.0,119898.0,698,93174.06,0,0.277,2.01,"$2,731.05",Salaried,Business,North,Single,BR-013,Customer applies for credit toward medical expenses; first-time applicant. Ref-900035.,No,false,No
APP-200036,TWN,null,2022-02-10,13-09-2024,53.0,70777.0,633,57730.63,0,0.205,3.7,"$1,560.83",Salaried,Home,North,Married,BR-037,Customer applies for credit toward expanding a small business; first-time applicant. Ref-900036.,Yes,false,Yes
APP-200037,TWN,-,2022-05-13,2023-09-30 00:00:00,43.0,58240.0,623,62439.82,0,0.341,0.04,"$1,766.49",Self-employed,Business,North,Divorced,BR-045,Customer requests funding for tuition and education costs; stable employment history. Ref-900037.,Yes,true,No
APP-200038,TWN,-,2024-07-21,25-09-2024,51.0,40843.0,724,108611.62,2,0.635,8.3,"$2,924.65",Unemployed,Home,North,Divorced,BR-013,Borrower requests funding for medical expenses; first-time applicant. Ref-900038.,Yes,true,Yes
APP-200039,TWN,Rental,null,2023-10-24 00:00:00,61.0,93078.0,632,124770.68,3,0.343,1.54,"$3,761.20",Self-employed,Home,North,Divorced,BR-025,Customer seeks a loan to cover home renovation and repairs; first-time applicant. Ref-900039.,No,true,No
APP-200040,TWN,NA,2024-07-13,09/29/2024,48.0,69195.0,619,183232.9,2,0.869,2.68,"$5,104.88",Unemployed,Home,North,Married,BR-030,Customer requests funding for a family vacation abroad; moderate credit risk profile. Ref-900040.,No,false,Yes
APP-200041,TWN,?,2021-01-05,2024/12/18,49.0,58373.0,632,166688.91,1,0.764,8.8,"$4,597.29",Salaried,Education,North,Single,BR-032,Client requests funding for a family vacation abroad; existing customer over 5 years. Ref-900041.,No,false,No
APP-200042,TWN,NA,2021-01-14,2021/09/25,29.0,63052.0,683,153629.14,3,0.593,5.1,"$4,646.32",Salaried,Travel,North,Single,BR-002,Applicant applies for credit toward a family vacation abroad; moderate credit risk profile. Ref-900042.,No,true,No
APP-200043,TWN,null,2021-07-20,04-02-2021,,139143.0,850,390794.49,1,0.742,8.47,"$11,538.17",Salaried,Education,North,Single,BR-031,Customer requests funding for expanding a small business; stable employment history. Ref-900043.,No,false,No
APP-200044,TWN,Dividend,2023-06-18,2021/01/07,48.0,55260.0,532,62885.34,2,0.401,6.4,"$1,914.72",Contract,Medical,North,Married,BR-016,Borrower seeks a loan to cover tuition and education costs; moderate credit risk profile. Ref-900044.,No,false,No
APP-200045,TWN,n/a,2024-05-27,08/29/2023,58.0,139278.0,677,137390.65,1,0.28,7.42,"$4,020.10",Unemployed,Car,North,Married,BR-003,Applicant requests funding for tuition and education costs; first-time applicant. Ref-900045.,No,false,Yes
APP-200046,TWN,null,2024-05-19,06/13/2022,57.0,null,662,123069.75,0,0.354,0.91,"$3,233.32",Salaried,Travel,North,Married,BR-007,Customer seeks a loan to cover expanding a small business; good repayment record. Ref-900046.,No,false,Yes
APP-200047,TWN,?,2023-07-01,2023/12/24,68.0,61462.0,745,33480.33,0,0.137,5.41,$922.90,Contract,Business,North,Married,BR-023,Applicant requests funding for home renovation and repairs; good repayment record. Ref-900047.,No,true,No
APP-200048,TWN,Pension,2023-07-25,16-06-2024,44.0,93147.0,653,263325.82,0,0.918,5.08,"$7,739.24",Contract,Travel,North,Single,BR-018,Client applies for credit toward medical expenses; existing customer over 5 years. Ref-900048.,Yes,false,Yes
APP-200049,TWN,?,2024-12-17,12/29/2023,42.0,56281.0,507,57134.77,1,0.212,8.71,"$1,501.64",Salaried,Business,North,Married,BR-004,Borrower needs financing for home renovation and repairs; stable employment history. Ref-900049.,Yes,false,No
APP-200050,TWN,Rental,2024-10-17,2022-08-13 00:00:00,52.0,39569.0,771,82106.43,1,0.439,3.61,"$2,256.52",Contract,Education,North,Married,BR-029,Applicant needs financing for expanding a small business; first-time applicant. Ref-900050.,No,false,No
APP-200051,TWN,Dividend,2021-04-12,09-11-2023,40.0,52368.0,603,63430.3,0,0.295,5.98,"$1,631.00",Salaried,Business,North,Single,BR-026,Applicant seeks a loan to cover a family vacation abroad; stable employment history. Ref-900051.,Yes,false,No
APP-200052,TWN,Freelance,2023-03-30,2023/10/09,39.0,38040.0,674,70370.32,2,0.662,0.59,"$1,932.45",Salaried,Business,North,Married,BR-024,Applicant requests funding for medical expenses; first-time applicant. Ref-900052.,No,false,Yes
APP-200053,TWN,Rental,2022-06-19,16-04-2021,27.0,77321.0,584,122899.36,3,0.374,3.88,"$3,451.98",Self-employed,Education,North,Single,BR-010,Applicant applies for credit toward a new vehicle purchase; moderate credit risk profile. Ref-900053.,No,false,No
APP-200054,TWN,n/a,2021-07-16,08-03-2021,52.0,60317.0,602,138869.72,1,0.654,3.23,"$3,606.84",Salaried,Home,North,Married,BR-003,Customer requests funding for home renovation and repairs; good repayment record. Ref-900054.,No,false,No
APP-200055,TWN,Rental,2024-03-07,2021-05-03 00:00:00,27.0,79532.0,644,79714.96,2,0.4,1.5,"$2,257.67",Salaried,Car,East,Divorced,BR-025,Customer needs financing for a family vacation abroad; moderate credit risk profile. Ref-900055.,Yes,false,No
APP-200056,TWN,-,2023-03-03,2023-02-20 00:00:00,46.0,90521.0,738,110594.51,1,0.301,8.16,"$2,855.74",Retired,Travel,North,Single,BR-023,Customer seeks a loan to cover a new vehicle purchase; first-time applicant. Ref-900056.,No,true,No
APP-200057,TWN,NA,2023-08-24,03-02-2024,23.0,12580.0,737,10645.49,1,0.194,3.79,$295.40,Salaried,Education,North,Married,BR-044,Borrower needs financing for a family vacation abroad; stable employment history. Ref-900057.,No,false,No
APP-200058,TWN,n/a,2023-01-24,2024/04/25,53.0,69965.0,637,91800.12,0,0.335,9.79,"$2,648.29",Self-employed,Car,North,Married,BR-001,Customer applies for credit toward tuition and education costs; stable employment history. Ref-900058.,No,true,No
APP-200059,TWN,,2021-04-08,13-06-2023,28.0,24323.0,713,62857.36,0,0.792,5.9,"$1,826.37",Salaried,Business,North,Divorced,BR-036,Client requests funding for home renovation and repairs; good repayment record. Ref-900059.,Yes,false,No
APP-200060,TWN,?,2024-06-19,2024-10-18 00:00:00,50.0,65076.0,653,189299.22,1,1.104,6.05,"$5,187.79",Salaried,Car,North,Divorced,BR-020,Customer needs financing for tuition and education costs; stable employment history. Ref-900060.,No,false,No
APP-200061,TWN,-,2022-08-10,19-01-2022,21.0,38611.0,686,20767.06,1,0.111,6.38,$539.04,null,Car,North,Married,BR-015,Customer requests funding for medical expenses; first-time applicant. Ref-900061.,No,true,No
APP-200062,TWN,null,2021-11-17,12/20/2021,35.0,?,689,164815.92,0,0.8,6.76,"$5,014.67",,Car,North,Single,BR-036,Client applies for credit toward tuition and education costs; good repayment record. Ref-900062.,No,false,No
APP-200063,TWN,?,2023-07-20,2021-01-14 00:00:00,54.0,118507.0,721,276715.58,1,0.475,1.51,"$7,753.53",Unemployed,Education,North,Married,BR-022,Client applies for credit toward tuition and education costs; good repayment record. Ref-900063.,No,false,No
APP-200064,TWN,Freelance,2022-03-20,07/17/2021,30.0,25492.0,636,17792.6,3,0.278,4.4,$492.96,Contract,Education,North,Single,BR-026,Client requests funding for a new vehicle purchase; moderate credit risk profile. Ref-900064.,No,true,No
APP-200065,TWN,null,2023-10-02,18-02-2023,41.0,65863.0,669,59349.49,0,0.263,2.4,"$1,496.38",Salaried,Car,North,Single,BR-018,Customer seeks a loan to cover expanding a small business; stable employment history. Ref-900065.,Yes,true,No
APP-200066,TWN,,2023-01-16,06-02-2024,34.0,-,693,153343.46,0,0.893,4.02,"$4,479.72",Salaried,Education,North,Married,BR-017,Applicant seeks a loan to cover a family vacation abroad; moderate credit risk profile. Ref-900066.,Yes,false,Yes
APP-200067,TWN,Freelance,2022-10-22,2021/05/13,18.0,23246.0,684,22908.18,2,0.248,0.97,$672.85,Salaried,Car,North,Married,BR-017,Customer applies for credit toward tuition and education costs; good repayment record. Ref-900067.,No,false,No
APP-200068,TWN,NA,null,04/30/2024,44.0,82784.0,623,229326.59,3,0.817,9.68,"$6,649.91",Salaried,Education,North,Married,BR-030,Applicant applies for credit toward home renovation and repairs; good repayment record. Ref-900068.,No,false,No
APP-200069,TWN,?,2021-10-02,29-12-2023,45.0,?,798,112673.09,0,0.675,2.15,"$3,102.96",Salaried,Education,North,Single,BR-007,Customer requests funding for expanding a small business; existing customer over 5 years. Ref-900069.,Yes,false,No
APP-200070,TWN,Pension,2024-06-16,07/05/2021,27.0,-,646,137469.61,1,0.662,6.72,"$3,790.90",Self-employed,Home,North,Married,BR-026,Borrower seeks a loan to cover a family vacation abroad; good repayment record. Ref-900070.,Yes,false,Yes
APP-200071,TWN,null,2024-11-11,2022/05/13,47.0,41736.0,731,73528.11,1,0.428,3.0,"$2,174.30",Salaried,Education,North,Single,BR-002,Client seeks a loan to cover medical expenses; existing customer over 5 years. Ref-900071.,No,false,No
APP-200072,TWN,?,,2023-07-20 00:00:00,30.0,298426.0,692,247032.83,2,0.216,8.74,"$7,455.68",Self-employed,Travel,North,Single,BR-018,Applicant applies for credit toward a family vacation abroad; good repayment record. Ref-900072.,No,false,Yes
APP-200073,TWN,NA,2022-11-13,24-03-2024,28.0,49171.0,763,99087.3,0,0.734,6.62,"$2,803.96",Salaried,Education,North,Single,BR-011,Applicant seeks a loan to cover medical expenses; existing customer over 5 years. Ref-900073.,Yes,true,Yes
APP-200074,TWN,NA,2021-09-20,04/10/2024,40.0,n/a,526,39268.36,4,0.613,1.32,"$1,121.25",Retired,Home,North,Married,BR-018,Applicant needs financing for a family vacation abroad; good repayment record. Ref-900074.,No,false,Yes
APP-200075,TWN,Rental,2023-11-14,20-05-2021,32.0,NA,821,25453.96,0,0.237,8.45,$754.95,Salaried,Education,North,Separated,BR-009,Client requests funding for medical expenses; first-time applicant. Ref-900075.,Yes,false,No
APP-200076,TWN,NA,2023-08-05,2021/04/07,68.0,49846.0,663,126922.66,1,0.634,9.45,"$3,411.98",Salaried,Home,West,Married,BR-031,Client needs financing for expanding a small business; existing customer over 5 years. Ref-900076.,No,false,No
APP-200077,TWN,Pension,2023-02-20,12/23/2022,21.0,49405.0,592,135759.66,0,0.723,9.04,"$3,526.69",Contract,Car,North,Divorced,BR-018,Borrower applies for credit toward expanding a small business; stable employment history. Ref-900077.,Yes,false,No
APP-200078,TWN,Pension,2022-01-27,2021-11-30 00:00:00,49.0,57559.0,687,167495.23,2,1.01,5.7,"$4,887.03",Salaried,Home,North,Married,BR-029,Client seeks a loan to cover tuition and education costs; first-time applicant. Ref-900078.,No,false,Yes
APP-200079,TWN,NA,2021-04-28,2021/05/26,52.0,35472.0,835,74866.59,4,0.61,1.45,"$2,127.86",Contract,Business,South,Single,BR-005,Borrower seeks a loan to cover tuition and education costs; first-time applicant. Ref-900079.,No,false,No
APP-200080,TWN,Dividend,2024-11-16,2022/10/22,18.0,78493.0,713,153690.14,1,0.528,1.92,"$4,133.20",Salaried,Medical,South,Divorced,BR-030,Borrower applies for credit toward medical expenses; moderate credit risk profile. Ref-900080.,No,false,No
APP-200081,TWN,null,2021-12-12,14-02-2024,19.0,47010.0,592,46416.12,1,0.394,9.28,"$1,377.39",Salaried,Education,North,Single,BR-021,Client needs financing for medical expenses; first-time applicant. Ref-900081.,No,false,Yes
APP-200082,TWN,null,2023-08-12,2023-02-22 00:00:00,47.0,30322.0,646,88247.74,1,0.731,5.52,"$2,575.99",Unemployed,Home,North,Single,BR-006,Customer seeks a loan to cover home renovation and repairs; first-time applicant. Ref-900082.,No,true,Yes
APP-200083,TWN,null,2021-04-03,03/29/2023,34.0,39823.0,771,93071.33,2,0.832,1.81,"$2,343.83",Unemployed,Home,North,Separated,BR-018,Applicant applies for credit toward a family vacation abroad; first-time applicant. Ref-900083.,No,false,Yes
APP-200084,TWN,?,2023-09-25,2023/06/12,45.0,49398.0,580,107256.54,3,0.511,8.84,"$2,982.96",Salaried,Medical,North,Married,BR-043,Customer requests funding for a family vacation abroad; stable employment history. Ref-900084.,Yes,false,No
APP-200085,TWN,NA,2021-10-06,09-12-2021,?,91520.0,665,204655.49,0,0.855,6.42,"$5,916.41",Salaried,Home,North,Married,BR-036,Customer applies for credit toward home renovation and repairs; first-time applicant. Ref-900085.,Yes,false,Yes
APP-200086,TWN,?,2023-10-18,08/16/2023,36.0,76287.0,657,198655.83,0,0.669,5.7,"$5,966.90",Self-employed,Business,North,Married,BR-040,Borrower seeks a loan to cover a new vehicle purchase; moderate credit risk profile. Ref-900086.,No,false,Yes
APP-200087,TWN,?,2021-10-20,11/06/2024,27.0,?,829,68656.18,1,0.522,3.76,"$1,986.88",Salaried,Business,North,Single,BR-021,Borrower seeks a loan to cover home renovation and repairs; moderate credit risk profile. Ref-900087.,Yes,true,No
APP-200088,TWN,Rental,2022-12-25,2021/05/13,18.0,null,658,47128.83,3,0.267,4.11,"$1,240.13",Salaried,Home,North,Married,BR-008,Client applies for credit toward a new vehicle purchase; moderate credit risk profile. Ref-900088.,Yes,false,No
APP-200089,TWN,Freelance,2022-08-29,2023-09-23 00:00:00,42.0,66674.0,769,198561.63,2,1.116,2.39,"$5,130.45",Salaried,Travel,North,Single,BR-007,Customer requests funding for tuition and education costs; stable employment history. Ref-900089.,No,true,Yes
APP-200090,TWN,Dividend,2023-01-19,08/30/2022,29.0,NA,631,96035.98,2,0.189,0.38,"$2,915.14",Salaried,Travel,North,Married,BR-035,Borrower requests funding for a family vacation abroad; existing customer over 5 years. Ref-900090.,Yes,false,No
APP-200091,TWN,NA,2022-04-15,2022/05/07,44.0,43967.0,622,51836.28,1,0.26,8.76,"$1,543.42",null,Home,North,Married,BR-027,Client needs financing for tuition and education costs; moderate credit risk profile. Ref-900091.,Yes,false,No
APP-200092,TWN,Freelance,2022-05-09,06-08-2021,43.0,75624.0,748,130811.39,3,0.483,4.68,"$3,578.29",Unemployed,Car,North,Married,BR-017,Customer requests funding for expanding a small business; existing customer over 5 years. Ref-900092.,No,true,Yes
APP-200093,TWN,Dividend,2022-06-14,02-06-2024,23.0,86093.0,721,51692.99,0,0.238,5.48,"$1,410.55",Contract,Home,North,Single,BR-001,Customer needs financing for a new vehicle purchase; existing customer over 5 years. Ref-900093.,No,false,No
APP-200094,TWN,NA,2023-07-20,10/02/2022,61.0,37178.0,558,47423.85,2,0.287,3.22,"$1,387.44",n/a,Education,North,Married,BR-037,Client seeks a loan to cover expanding a small business; first-time applicant. Ref-900094.,Yes,false,Yes
APP-200095,TWN,Rental,2024-04-07,07/09/2022,NA,65816.0,722,176114.02,0,0.82,7.51,"$5,033.05",Self-employed,Business,North,Married,BR-030,Customer needs financing for a new vehicle purchase; stable employment history. Ref-900095.,No,false,No
APP-200096,TWN,,2022-06-19,2024-11-19 00:00:00,NA,64972.0,723,134070.68,0,0.628,0.25,"$3,547.91",Retired,Home,South,Married,BR-023,Customer requests funding for tuition and education costs; moderate credit risk profile. Ref-900096.,No,true,Yes
APP-200097,TWN,n/a,2021-02-01,2024-10-07 00:00:00,,47339.0,635,92758.58,0,0.563,3.72,"$2,569.29",Salaried,Home,North,Single,BR-012,Customer seeks a loan to cover medical expenses; existing customer over 5 years. Ref-900097.,No,false,Yes
APP-200098,TWN,Dividend,2021-10-12,2021/05/22,35.0,79522.0,693,43389.98,1,0.14,0.3,"$1,320.54",Salaried,Car,North,Married,BR-029,Applicant seeks a loan to cover a new vehicle purchase; stable employment history. Ref-900098.,Yes,false,No
APP-200099,TWN,,2021-05-31,2022-03-10 00:00:00,33.0,100132.0,697,157010.98,0,0.41,1.23,"$4,317.38",Salaried,Home,North,Single,BR-037,Borrower seeks a loan to cover tuition and education costs; good repayment record. Ref-900099.,Yes,false,No
APP-200100,TWN,Pension,2023-07-07,07-03-2022,35.0,105357.0,644,84801.43,1,0.194,9.67,"$2,129.79",Salaried,Medical,North,Married,BR-028,Customer applies for credit toward expanding a small business; moderate credit risk profile. Ref-900100.,No,false,Yes
APP-200101,TWN,n/a,2024-03-25,12/08/2024,27.0,54399.0,637,79855.45,2,0.371,6.58,"$2,043.08",Salaried,Home,North,Divorced,BR-041,Applicant requests funding for expanding a small business; moderate credit risk profile. Ref-900101.,Yes,true,No
APP-200102,TWN,Rental,2021-11-06,2021/02/08,45.0,65837.0,631,96887.96,2,0.305,4.28,"$2,504.24",Salaried,Education,North,Married,BR-029,Client needs financing for a family vacation abroad; moderate credit risk profile. Ref-900102.,No,true,No
APP-200103,TWN,?,2023-02-19,2021-04-02 00:00:00,43.0,193945.0,659,302853.18,1,0.546,5.24,"$8,669.79",Salaried,Home,North,Single,BR-010,Client applies for credit toward home renovation and repairs; moderate credit risk profile. Ref-900103.,No,false,Yes
APP-200104,TWN,Pension,2022-11-29,2024-05-13 00:00:00,44.0,34482.0,585,44480.43,3,0.488,8.73,"$1,202.86",Salaried,Home,North,Married,BR-029,Customer applies for credit toward home renovation and repairs; existing customer over 5 years. Ref-900104.,Yes,false,Yes
APP-200105,TWN,NA,2022-10-03,2023-12-09 00:00:00,34.0,66899.0,675,164101.32,2,0.599,3.44,"$4,703.85",Salaried,Medical,North,Married,BR-016,Applicant seeks a loan to cover a new vehicle purchase; moderate credit risk profile. Ref-900105.,Yes,false,Yes
APP-200106,TWN,n/a,2024-07-16,09/06/2022,55.0,93432.0,574,154924.82,0,0.351,5.9,"$4,119.34",Salaried,Business,North,Married,BR-030,Applicant needs financing for a family vacation abroad; existing customer over 5 years. Ref-900106.,No,false,Yes
APP-200107,TWN,null,2022-01-26,03/02/2022,42.0,64541.0,683,178778.7,1,0.767,6.84,"$5,256.06",Salaried,Education,North,Single,BR-038,Borrower applies for credit toward a new vehicle purchase; first-time applicant. Ref-900107.,No,true,No
APP-200108,TWN,Freelance,2023-06-30,04-01-2021,18.0,83115.0,672,113051.52,1,0.301,3.55,"$3,138.50",Salaried,Education,North,Married,BR-022,Applicant requests funding for home renovation and repairs; existing customer over 5 years. Ref-900108.,No,true,No
APP-200109,TWN,,2023-03-03,11-09-2022,32.0,65274.0,606,56068.57,1,0.245,5.19,"$1,693.19",Unemployed,Home,North,Single,BR-038,Applicant requests funding for medical expenses; first-time applicant. Ref-900109.,No,false,No
APP-200110,TWN,null,2024-07-02,18-03-2023,39.0,87276.0,737,121125.67,1,0.348,7.65,"$3,543.01",Salaried,Education,North,Married,BR-024,Customer applies for credit toward a new vehicle purchase; good repayment record. Ref-900110.,No,false,No
APP-200111,TWN,Rental,2021-11-20,2023/07/18,n/a,113696.0,812,304590.06,0,0.845,9.09,"$8,424.65",Salaried,Education,North,Married,BR-031,Customer applies for credit toward tuition and education costs; good repayment record. Ref-900111.,Yes,true,No
APP-200112,TWN,n/a,2024-09-25,11-05-2022,NA,53600.0,770,74898.37,2,0.487,1.51,"$2,277.19",Salaried,Home,North,Married,BR-007,Borrower seeks a loan to cover medical expenses; good repayment record. Ref-900112.,Yes,false,No
APP-200113,TWN,Dividend,2024-06-07,08-03-2021,37.0,66089.0,583,168621.13,0,0.957,9.33,"$4,518.03",Retired,Medical,North,Single,BR-031,Customer seeks a loan to cover home renovation and repairs; moderate credit risk profile. Ref-900113.,No,true,Yes
APP-200114,TWN,Dividend,2022-10-17,2022-01-15 00:00:00,32.0,58244.0,766,130031.64,1,0.766,0.05,"$3,589.86",Self-employed,Home,North,Divorced,BR-029,Borrower seeks a loan to cover a family vacation abroad; first-time applicant. Ref-900114.,No,false,Yes
APP-200115,TWN,Freelance,2024-04-18,2021-11-23 00:00:00,-,null,693,56080.82,1,0.419,7.53,"$1,512.93",Salaried,Car,North,Married,BR-017,Customer requests funding for tuition and education costs; moderate credit risk profile. Ref-900115.,No,true,No
APP-200116,TWN,Freelance,2023-08-04,11/11/2024,35.0,59289.0,674,58004.17,0,0.39,8.11,"$1,460.48",Self-employed,Home,North,Married,BR-018,Client requests funding for home renovation and repairs; first-time applicant. Ref-900116.,Yes,false,No
APP-200117,TWN,n/a,2022-04-15,06/01/2021,33.0,34002.0,636,26586.99,1,0.219,1.37,$710.53,Self-employed,Business,North,Married,BR-026,Borrower applies for credit toward medical expenses; moderate credit risk profile. Ref-900117.,No,true,No
APP-200118,TWN,?,2024-05-30,2024-04-08 00:00:00,31.0,86878.0,677,141036.97,1,0.376,4.19,"$3,581.64",Salaried,Car,North,Single,BR-003,Client requests funding for a family vacation abroad; first-time applicant. Ref-900118.,No,true,No
APP-200119,TWN,n/a,2021-02-05,2023-12-16 00:00:00,47.0,140256.0,774,313681.79,2,0.523,8.15,"$8,042.45",Salaried,Travel,North,Single,BR-017,Client seeks a loan to cover a new vehicle purchase; existing customer over 5 years. Ref-900119.,Yes,true,No
APP-200120,TWN,Freelance,2021-07-23,18-11-2022,34.0,140401.0,715,173393.18,2,0.362,0.14,"$4,449.33",NA,Car,North,Married,BR-035,Client applies for credit toward medical expenses; first-time applicant. Ref-900120.,Yes,false,No
APP-200121,TWN,null,2024-07-19,20-11-2021,20.0,113315.0,649,327044.17,1,0.978,6.28,"$8,851.28",Contract,Medical,North,Married,BR-037,Customer seeks a loan to cover home renovation and repairs; first-time applicant. Ref-900121.,No,true,Yes
APP-200122,TWN,NA,2024-03-04,25-05-2021,-,36973.0,631,19803.12,1,0.196,7.93,$556.27,Salaried,Car,North,Married,BR-030,Borrower requests funding for tuition and education costs; moderate credit risk profile. Ref-900122.,No,true,No
APP-200123,TWN,-,2022-03-13,12/29/2022,32.0,128013.0,649,315386.79,2,0.575,5.13,"$8,877.08",Salaried,Home,North,Married,BR-032,Borrower seeks a loan to cover medical expenses; stable employment history. Ref-900123.,No,true,No
APP-200124,TWN,Rental,2024-12-10,02/16/2024,44.0,41869.0,718,38730.44,1,0.282,7.26,"$1,105.12",Self-employed,Car,North,Single,BR-017,Applicant needs financing for expanding a small business; existing customer over 5 years. Ref-900124.,Yes,false,No
APP-200125,TWN,,2023-08-18,25-04-2022,44.0,58307.0,807,174627.77,0,0.645,2.26,"$4,547.56",Unemployed,Education,North,Single,BR-041,Applicant requests funding for home renovation and repairs; first-time applicant. Ref-900125.,No,true,No
APP-200126,TWN,n/a,2021-12-21,2024-02-16 00:00:00,54.0,150706.0,604,112402.25,2,0.235,1.99,"$2,990.92",Unemployed,Medical,North,Married,BR-030,Borrower requests funding for a family vacation abroad; moderate credit risk profile. Ref-900126.,No,false,No
APP-200127,TWN,-,2024-06-06,2021/12/11,53.0,35033.0,677,98184.55,2,1.045,3.63,"$2,523.64",Salaried,Home,North,Single,BR-023,Borrower requests funding for a family vacation abroad; existing customer over 5 years. Ref-900127.,Yes,true,No
APP-200128,TWN,?,2024-12-18,2022/03/11,33.0,91185.0,651,137121.75,4,0.404,1.79,"$4,117.78",Contract,Car,North,Married,BR-045,Applicant needs financing for home renovation and repairs; existing customer over 5 years. Ref-900128.,No,false,No
APP-200129,TWN,n/a,2024-03-11,2024-09-27 00:00:00,38.0,68915.0,625,83825.23,0,0.408,3.46,"$2,168.78",-,Medical,North,Single,BR-003,Customer applies for credit toward a new vehicle purchase; first-time applicant. Ref-900129.,No,true,Yes
APP-200130,TWN,,2023-07-02,05-05-2023,25.0,55490.0,705,33405.8,1,0.197,9.48,$952.41,Salaried,Home,North,Single,BR-007,Customer requests funding for a new vehicle purchase; good repayment record. Ref-900130.,No,false,No
APP-200131,TWN,Rental,2024-06-13,11-01-2023,60.0,38638.0,716,40504.48,1,0.349,5.73,"$1,124.03",Salaried,Car,North,Married,BR-022,Customer needs financing for expanding a small business; stable employment history. Ref-900131.,Yes,false,No
APP-200132,TWN,Pension,2024-03-22,03/27/2023,45.0,73958.0,579,107841.77,0,0.345,3.4,"$2,740.64",Self-employed,Home,North,Married,BR-034,Customer seeks a loan to cover tuition and education costs; good repayment record. Ref-900132.,Yes,false,No
APP-200133,TWN,-,2022-12-16,2023/08/08,57.0,47482.0,606,134819.82,3,0.857,2.72,"$3,992.48",Salaried,Medical,North,Separated,BR-009,Applicant seeks a loan to cover medical expenses; stable employment history. Ref-900133.,Yes,true,No
APP-200134,TWN,n/a,2024-01-13,2023-04-10 00:00:00,36.0,100975.0,761,294766.34,1,0.616,9.52,"$8,199.12",Unemployed,Home,North,Widowed,BR-045,Borrower applies for credit toward tuition and education costs; good repayment record. Ref-900134.,No,false,Yes
APP-200135,TWN,?,2024-05-14,2023-10-26 00:00:00,18.0,110431.0,700,77198.46,0,0.197,4.44,"$2,170.30",Salaried,Business,North,Single,BR-040,Borrower seeks a loan to cover a new vehicle purchase; good repayment record. Ref-900135.,Yes,false,Yes
APP-200136,TWN,,2021-02-18,09-12-2021,null,30042.0,714,57227.53,1,0.401,9.8,"$1,669.29",Salaried,Business,North,Married,BR-006,Applicant requests funding for home renovation and repairs; existing customer over 5 years. Ref-900136.,Yes,false,No
APP-200137,TWN,n/a,2022-11-05,2024-04-13 00:00:00,41.0,NA,643,27037.51,1,0.229,5.16,$721.86,Salaried,Car,North,Married,BR-010,Applicant needs financing for a family vacation abroad; moderate credit risk profile. Ref-900137.,Yes,true,No
APP-200138,TWN,Freelance,2024-09-28,2021/01/14,42.0,51045.0,651,38764.24,0,0.204,5.21,"$1,052.62",Salaried,Travel,North,Married,BR-011,Client requests funding for home renovation and repairs; stable employment history. Ref-900138.,No,true,No
APP-200139,TWN,Freelance,2022-01-21,01/20/2022,41.0,33161.0,709,67639.97,2,0.509,8.97,"$1,744.90",Self-employed,Car,North,Married,BR-037,Client seeks a loan to cover medical expenses; moderate credit risk profile. Ref-900139.,No,true,No
APP-200140,TWN,,2023-06-17,04/02/2022,48.0,34237.0,643,62211.6,1,0.692,7.43,"$1,858.72",Salaried,Home,North,Married,BR-015,Client needs financing for medical expenses; stable employment history. Ref-900140.,No,false,No
APP-200141,TWN,?,2022-12-04,2021/04/25,46.0,62588.0,601,172154.48,1,0.788,5.81,"$4,669.28",NA,Education,North,Married,BR-020,Borrower needs financing for tuition and education costs; first-time applicant. Ref-900141.,No,false,Yes
APP-200142,TWN,Rental,2023-05-07,2024-04-01 00:00:00,21.0,n/a,678,148885.91,4,0.834,4.27,"$4,424.17",Salaried,Medical,North,Widowed,BR-044,Customer requests funding for a family vacation abroad; good repayment record. Ref-900142.,No,false,No
APP-200143,TWN,Dividend,2022-05-05,11/14/2022,53.0,26215.0,740,23571.51,0,0.336,8.78,$700.88,Self-employed,Travel,North,Married,BR-042,Customer applies for credit toward home renovation and repairs; existing customer over 5 years. Ref-900143.,No,false,No
APP-200144,TWN,Pension,2023-07-20,2023/11/17,NA,45750.0,606,95372.11,1,0.635,4.12,"$2,599.33",Salaried,Home,North,Single,BR-001,Client needs financing for a new vehicle purchase; stable employment history. Ref-900144.,No,false,Yes
APP-200145,TWN,,2024-01-26,09/06/2021,34.0,77610.0,751,195252.15,0,0.701,9.23,"$5,528.46",Contract,Home,North,Married,BR-034,Applicant needs financing for a new vehicle purchase; first-time applicant. Ref-900145.,No,true,No
APP-200146,TWN,-,2023-12-14,20-12-2024,61.0,32757.0,726,79642.82,2,0.845,0.69,"$2,096.02",Salaried,Education,North,Married,BR-025,Client applies for credit toward expanding a small business; moderate credit risk profile. Ref-900146.,No,true,No
APP-200147,TWN,Rental,2024-04-29,30-01-2021,51.0,37730.0,618,72374.31,1,0.499,4.3,"$2,002.79",Salaried,Car,North,Separated,BR-017,Client requests funding for a family vacation abroad; first-time applicant. Ref-900147.,No,false,No
APP-200148,TWN,Rental,2022-01-05,07/27/2023,36.0,132434.0,678,235824.9,1,0.41,5.2,"$6,308.58",Unemployed,Home,North,Married,BR-012,Client needs financing for a new vehicle purchase; first-time applicant. Ref-900148.,Yes,false,No
APP-200149,TWN,-,2021-07-26,04-09-2024,18.0,115683.0,675,223005.53,3,0.662,9.51,"$6,727.14",Self-employed,Education,North,Married,BR-026,Applicant seeks a loan to cover a family vacation abroad; stable employment history. Ref-900149.,Yes,true,Yes
APP-200150,TWN,Rental,2023-03-03,2024/06/27,42.0,-,722,40808.29,1,0.459,2.51,"$1,172.03",Salaried,Car,North,Single,BR-007,Client applies for credit toward medical expenses; existing customer over 5 years. Ref-900150.,Yes,false,No
APP-200151,TWN,,2021-08-29,2023-07-04 00:00:00,46.0,30470.0,724,58282.53,1,0.764,8.06,"$1,747.80",Salaried,Education,North,Single,BR-035,Customer needs financing for a new vehicle purchase; existing customer over 5 years. Ref-900151.,Yes,false,Yes
APP-200152,TWN,,2023-07-06,2024-11-30 00:00:00,39.0,-,587,197322.29,1,0.844,6.76,"$5,205.86",Self-employed,Travel,North,Married,BR-001,Client needs financing for medical expenses; moderate credit risk profile. Ref-900152.,No,true,No
APP-200153,TWN,Dividend,2022-07-15,28-08-2022,25.0,33000.0,584,45208.33,2,0.52,7.17,"$1,182.16",Retired,Business,North,Single,BR-007,Borrower needs financing for a new vehicle purchase; good repayment record. Ref-900153.,No,false,No
APP-200154,TWN,?,2023-11-16,2022-06-03 00:00:00,31.0,52765.0,749,84515.71,0,0.334,6.3,"$2,113.81",Salaried,Home,North,Married,BR-019,Applicant applies for credit toward tuition and education costs; first-time applicant. Ref-900154.,Yes,false,Yes
APP-200155,TWN,null,2022-11-08,2021/07/19,25.0,47780.0,685,76216.14,1,0.326,9.72,"$2,153.85",NA,Home,North,Single,BR-019,Client requests funding for expanding a small business; good repayment record. Ref-900155.,No,false,Yes
APP-200156,TWN,,2023-04-01,2023-10-12 00:00:00,43.0,,707,211243.53,1,0.72,3.33,"$5,626.05",Self-employed,Education,North,Single,BR-014,Customer seeks a loan to cover home renovation and repairs; existing customer over 5 years. Ref-900156.,No,false,No
APP-200157,TWN,-,2024-10-28,01/17/2024,50.0,16910.0,701,18801.11,0,0.408,3.98,$498.72,Retired,Home,North,Single,BR-040,Borrower seeks a loan to cover expanding a small business; moderate credit risk profile. Ref-900157.,No,false,No
APP-200158,TWN,NA,2023-07-07,03/27/2021,?,19905.0,784,31819.14,1,0.472,2.03,$875.23,null,Home,North,Divorced,BR-017,Client applies for credit toward medical expenses; first-time applicant. Ref-900158.,No,false,Yes
APP-200159,TWN,Dividend,2024-10-06,2023/02/18,31.0,32432.0,594,77130.06,1,0.766,0.51,"$2,171.64",Salaried,Business,North,Single,BR-011,Customer requests funding for medical expenses; moderate credit risk profile. Ref-900159.,Yes,false,No
APP-200160,TWN,NA,2021-12-21,06/25/2023,43.0,99403.0,753,147183.11,2,0.404,2.13,"$4,293.82",Salaried,Car,North,Single,BR-036,Borrower applies for credit toward a new vehicle purchase; stable employment history. Ref-900160.,Yes,false,No
APP-200161,TWN,?,2024-11-12,12-09-2021,47.0,55428.0,621,146261.17,3,0.71,9.15,"$4,376.18",Unemployed,Medical,North,Married,BR-026,Client requests funding for home renovation and repairs; first-time applicant. Ref-900161.,No,false,Yes
APP-200162,TWN,n/a,2021-11-10,2023/01/13,34.0,25486.0,728,47008.33,0,0.491,8.4,"$1,225.95",Salaried,Education,North,Married,BR-020,Applicant applies for credit toward a new vehicle purchase; first-time applicant. Ref-900162.,No,false,No
APP-200163,TWN,?,2023-12-02,05-12-2024,38.0,76611.0,771,57251.97,2,0.192,1.12,"$1,588.21",?,Home,North,Divorced,BR-030,Client requests funding for medical expenses; stable employment history. Ref-900163.,Yes,false,No
APP-200164,TWN,n/a,2021-03-09,07-03-2024,65.0,85292.0,582,120848.68,2,0.294,6.04,"$3,638.47",Self-employed,Medical,North,Married,BR-018,Customer needs financing for a new vehicle purchase; existing customer over 5 years. Ref-900164.,No,false,No
APP-200165,TWN,?,2023-09-16,10/20/2024,42.0,52948.0,706,45851.0,1,0.29,4.79,"$1,227.30",Unemployed,Medical,North,Single,BR-033,Borrower requests funding for expanding a small business; good repayment record. Ref-900165.,No,true,No
APP-200166,TWN,-,2024-07-09,10-02-2023,51.0,50753.0,658,81123.49,0,0.418,5.95,"$2,277.94",Salaried,Home,North,Married,BR-025,Client requests funding for expanding a small business; first-time applicant. Ref-900166.,No,true,No
APP-200167,TWN,Rental,2022-01-30,2024-09-15 00:00:00,35.0,74520.0,657,105115.81,2,0.541,6.59,"$2,888.10",Salaried,Travel,North,Married,BR-012,Applicant seeks a loan to cover a family vacation abroad; good repayment record. Ref-900167.,No,false,No
APP-200168,TWN,Freelance,2021-08-18,2024-11-08 00:00:00,41.0,109615.0,681,147808.88,0,0.429,3.07,"$4,310.12",Unemployed,Home,North,Single,BR-023,Client needs financing for expanding a small business; stable employment history. Ref-900168.,No,false,Yes
APP-200169,TWN,?,2022-06-29,21-04-2024,19.0,64616.0,605,166285.29,0,0.595,9.61,"$4,829.98",Self-employed,Car,North,Single,BR-004,Client needs financing for home renovation and repairs; existing customer over 5 years. Ref-900169.,Yes,false,No
APP-200170,TWN,?,2021-04-08,2022/10/05,40.0,78163.0,611,214424.98,0,0.71,4.66,"$5,835.80",Retired,Car,North,Married,BR-033,Borrower applies for credit toward tuition and education costs; first-time applicant. Ref-900170.,No,false,Yes
APP-200171,TWN,Rental,2021-01-04,02/16/2023,null,58448.0,723,139649.81,0,0.565,6.28,"$3,697.24",Contract,Car,East,Widowed,BR-042,Client seeks a loan to cover a family vacation abroad; stable employment history. Ref-900171.,No,false,No
APP-200172,TWN,-,2022-09-17,07-11-2022,65.0,49482.0,736,119515.63,1,0.848,6.35,"$3,406.25",Self-employed,Travel,North,Married,BR-028,Customer applies for credit toward a family vacation abroad; existing customer over 5 years. Ref-900172.,Yes,false,Yes
APP-200173,TWN,NA,2024-05-01,15-03-2022,?,37875.0,638,103474.39,0,0.685,1.84,"$3,123.96",,Home,North,Married,BR-026,Borrower seeks a loan to cover expanding a small business; existing customer over 5 years. Ref-900173.,Yes,false,Yes
APP-200174,TWN,,2022-08-12,11-04-2023,48.0,68060.0,577,190159.41,1,0.871,0.62,"$5,178.26",Salaried,Medical,North,Single,BR-020,Customer seeks a loan to cover expanding a small business; stable employment history. Ref-900174.,Yes,false,Yes
APP-200175,TWN,,2022-02-08,2023-08-10 00:00:00,41.0,51529.0,838,48229.27,0,0.268,4.12,"$1,339.60",Contract,Business,North,Single,BR-028,Applicant seeks a loan to cover home renovation and repairs; moderate credit risk profile. Ref-900175.,Yes,false,No
APP-200176,TWN,Dividend,2021-11-24,2024/05/02,-,53007.0,754,145426.39,0,0.751,7.64,"$3,835.17",Salaried,Home,North,Married,BR-045,Applicant requests funding for a new vehicle purchase; existing customer over 5 years. Ref-900176.,No,false,No
APP-200177,TWN,,2021-04-26,2021/08/09,38.0,95307.0,703,86030.77,1,0.337,8.15,"$2,574.79",Salaried,Home,North,Divorced,BR-008,Applicant requests funding for a family vacation abroad; stable employment history. Ref-900177.,Yes,true,No
APP-200178,TWN,?,2022-07-30,01/17/2023,47.0,76420.0,606,90153.16,0,0.357,7.3,"$2,281.00",Self-employed,Home,North,Married,BR-044,Client needs financing for expanding a small business; moderate credit risk profile. Ref-900178.,Yes,false,Yes
APP-200179,TWN,Pension,2022-04-06,06/20/2023,31.0,92508.0,637,229159.0,0,0.649,1.13,"$6,214.19",Retired,Home,North,Single,BR-034,Client needs financing for a family vacation abroad; moderate credit risk profile. Ref-900179.,No,false,No
APP-200180,TWN,Dividend,2022-10-18,2023-06-13 00:00:00,51.0,27233.0,694,23355.52,0,0.201,9.13,$595.57,Self-employed,Home,North,Married,BR-030,Applicant requests funding for tuition and education costs; good repayment record. Ref-900180.,No,false,No
APP-200181,TWN,NA,2022-04-17,04/07/2021,28.0,79157.0,611,230448.16,2,0.756,8.02,"$6,326.26",Salaried,Business,North,Single,BR-041,Customer seeks a loan to cover tuition and education costs; first-time applicant. Ref-900181.,No,true,No
APP-200182,TWN,,2023-05-13,10-12-2023,19.0,44581.0,788,126130.98,2,0.673,8.78,"$3,573.63",Salaried,Home,South,Single,BR-037,Borrower applies for credit toward tuition and education costs; moderate credit risk profile. Ref-900182.,No,false,No
APP-200183,TWN,?,2023-11-24,01/20/2021,28.0,39970.0,687,19993.6,1,0.166,5.23,$512.03,Salaried,Home,North,Married,BR-035,Client applies for credit toward home renovation and repairs; moderate credit risk profile. Ref-900183.,No,true,No
APP-200184,TWN,Pension,,07/28/2023,20.0,39102.0,705,81758.52,1,0.729,9.16,"$2,346.71",Salaried,Home,North,Married,BR-008,Applicant applies for credit toward a family vacation abroad; good repayment record. Ref-900184.,No,false,Yes
APP-200185,TWN,,2021-01-09,11-11-2023,24.0,109721.0,606,308722.3,2,0.899,0.47,"$8,174.10",Self-employed,Home,North,Married,BR-005,Customer needs financing for tuition and education costs; existing customer over 5 years. Ref-900185.,No,true,Yes
APP-200186,TWN,n/a,2022-02-09,2022-03-15 00:00:00,54.0,90575.0,615,167658.7,3,0.634,0.3,"$4,387.82",Self-employed,Car,North,Divorced,BR-043,Customer requests funding for expanding a small business; stable employment history. Ref-900186.,No,false,Yes
APP-200187,TWN,-,2021-12-02,2022/05/16,38.0,41838.0,623,77120.55,1,0.645,0.2,"$2,072.80",Salaried,Business,North,Married,BR-044,Client applies for credit toward medical expenses; good repayment record. Ref-900187.,Yes,false,No
APP-200188,TWN,-,2021-05-10,14-02-2022,43.0,33901.0,697,66682.23,0,0.619,2.53,"$2,011.25",Salaried,Business,North,Married,BR-040,Applicant seeks a loan to cover a family vacation abroad; good repayment record. Ref-900188.,Yes,false,No
APP-200189,TWN,Dividend,2024-08-01,2023-10-15 00:00:00,54.0,60287.0,659,113513.17,3,0.448,2.49,"$3,394.10",Salaried,Home,North,Married,BR-011,Customer applies for credit toward home renovation and repairs; stable employment history. Ref-900189.,No,false,Yes
APP-200190,TWN,-,2021-05-09,2021/11/05,55.0,47582.0,658,92984.79,3,0.641,1.88,"$2,480.46",Salaried,Business,North,Married,BR-024,Applicant seeks a loan to cover a family vacation abroad; stable employment history. Ref-900190.,No,false,No
APP-200191,TWN,Freelance,2024-06-02,02/13/2024,34.0,137280.0,699,302183.64,1,0.451,5.67,"$7,607.02",Self-employed,Business,North,Married,BR-001,Borrower seeks a loan to cover a new vehicle purchase; good repayment record. Ref-900191.,No,true,No
APP-200192,TWN,NA,2021-04-07,03/09/2022,56.0,null,693,83348.48,1,0.853,0.39,"$2,129.13",Contract,Home,North,Married,BR-011,Applicant requests funding for a family vacation abroad; stable employment history. Ref-900192.,No,false,No
APP-200193,TWN,null,2023-07-08,04-05-2024,45.0,23982.0,780,16928.12,0,0.164,5.9,$465.78,Self-employed,Home,North,Married,BR-016,Client applies for credit toward expanding a small business; stable employment history. Ref-900193.,No,false,No
APP-200194,TWN,Rental,2022-07-12,06-11-2024,40.0,52687.0,664,57182.65,2,0.368,1.66,"$1,437.67",Retired,Car,North,Single,BR-025,Customer seeks a loan to cover a new vehicle purchase; good repayment record. Ref-900194.,No,false,No
APP-200195,TWN,n/a,2023-03-28,2023/06/19,45.0,60196.0,608,30962.29,1,0.172,6.78,$892.38,Unemployed,Medical,North,Married,BR-027,Customer applies for credit toward medical expenses; first-time applicant. Ref-900195.,No,true,No
APP-200196,TWN,Freelance,2023-02-01,28-01-2021,23.0,63979.0,677,42679.7,1,0.178,0.21,"$1,208.99",Retired,Travel,North,Single,BR-034,Borrower applies for credit toward home renovation and repairs; first-time applicant. Ref-900196.,No,true,No
APP-200197,TWN,n/a,2021-11-22,2024/05/21,31.0,?,779,87630.68,0,0.318,3.11,"$2,391.78",Contract,Car,North,Single,BR-042,Client seeks a loan to cover medical expenses; good repayment record. Ref-900197.,No,false,No
APP-200198,TWN,null,2021-05-29,01/10/2024,39.0,n/a,639,465165.08,4,0.943,9.38,"$12,016.71",Salaried,Car,North,Married,BR-024,Borrower seeks a loan to cover medical expenses; stable employment history. Ref-900198.,Yes,false,No
APP-200199,TWN,null,2024-07-01,08/20/2023,47.0,50455.0,681,64984.99,0,0.389,5.38,"$1,969.62",Self-employed,Car,North,Single,BR-014,Borrower requests funding for a family vacation abroad; good repayment record. Ref-900199.,Yes,true,No
APP-200200,TWN,Freelance,2023-12-01,2024/08/10,36.0,45607.0,653,91348.14,2,0.503,8.12,"$2,470.52",Retired,Car,North,Married,BR-026,Applicant requests funding for expanding a small business; moderate credit risk profile. Ref-900200.,No,true,No
APP-200201,TWN,null,2024-01-16,2024/09/15,38.0,24844.0,706,31854.93,1,0.285,6.58,$840.01,Salaried,Home,North,Married,BR-011,Borrower applies for credit toward a family vacation abroad; moderate credit risk profile. Ref-900201.,Yes,false,No
APP-200202,TWN,,2023-06-22,2022/10/16,52.0,67623.0,695,200809.62,3,1.111,6.11,"$6,119.17",Salaried,Medical,North,Married,BR-018,Borrower requests funding for a new vehicle purchase; good repayment record. Ref-900202.,No,false,No
APP-200203,TWN,n/a,2023-01-19,2024/08/02,n/a,91739.0,622,90037.47,2,0.214,1.91,"$2,626.41",Salaried,Education,North,Single,BR-001,Customer needs financing for a family vacation abroad; stable employment history. Ref-900203.,Yes,true,No
APP-200204,TWN,Freelance,2024-05-27,2023-01-28 00:00:00,?,52564.0,662,78169.91,0,0.356,5.74,"$2,189.65",Unemployed,Car,North,Married,BR-029,Applicant needs financing for expanding a small business; good repayment record. Ref-900204.,No,false,No
APP-200205,TWN,Freelance,2021-08-24,2021/03/05,55.0,108045.0,743,153910.69,4,0.507,0.4,"$4,147.60",Contract,Medical,North,Single,BR-029,Borrower seeks a loan to cover home renovation and repairs; existing customer over 5 years. Ref-900205.,Yes,false,No
APP-200206,TWN,NA,2023-06-05,2023/01/24,NA,60788.0,753,62865.19,0,0.217,8.02,"$1,853.97",Salaried,Medical,North,Married,BR-036,Client applies for credit toward a new vehicle purchase; moderate credit risk profile. Ref-900206.,No,false,No
APP-200207,TWN,Rental,2021-11-12,01/26/2022,36.0,127698.0,741,87438.17,1,0.157,9.6,"$2,526.99",Salaried,Home,North,Single,BR-038,Customer applies for credit toward medical expenses; moderate credit risk profile. Ref-900207.,No,true,No
APP-200208,TWN,Rental,2023-08-09,2023-12-10 00:00:00,44.0,null,737,104487.49,0,0.405,8.54,"$3,125.58",Salaried,Car,North,Married,BR-038,Customer applies for credit toward a family vacation abroad; stable employment history. Ref-900208.,Yes,false,No
APP-200209,TWN,NA,2022-07-08,22-07-2022,null,35292.0,655,35439.85,1,0.231,0.51,"$1,078.41",Salaried,Education,South,Single,BR-041,Client needs financing for a family vacation abroad; existing customer over 5 years. Ref-900209.,No,false,No
APP-200210,TWN,null,2022-09-16,2023/12/11,34.0,43547.0,653,24329.39,0,0.116,3.39,$686.63,Salaried,Medical,North,Married,BR-010,Customer seeks a loan to cover expanding a small business; stable employment history. Ref-900210.,No,false,No
APP-200211,TWN,-,2022-04-29,2022-01-04 00:00:00,60.0,27809.0,742,75480.66,0,0.964,3.18,"$2,233.85",Unemployed,Home,North,Married,BR-007,Customer needs financing for tuition and education costs; existing customer over 5 years. Ref-900211.,No,true,Yes
APP-200212,TWN,Rental,?,16-05-2024,38.0,25121.0,597,34110.49,0,0.319,1.13,"$1,025.84",Salaried,Home,North,Married,BR-039,Borrower needs financing for tuition and education costs; existing customer over 5 years. Ref-900212.,Yes,false,No
APP-200213,TWN,NA,2021-03-31,2021-09-16 00:00:00,28.0,68423.0,674,36189.78,2,0.202,6.27,$946.01,Self-employed,Medical,North,Married,BR-035,Applicant needs financing for a family vacation abroad; first-time applicant. Ref-900213.,No,false,No
APP-200214,TWN,,2024-02-01,10/26/2021,46.0,92485.0,550,188717.98,2,0.428,7.97,"$5,376.23",Self-employed,Medical,North,Married,BR-030,Borrower requests funding for tuition and education costs; moderate credit risk profile. Ref-900214.,No,false,Yes
APP-200215,TWN,Freelance,2022-08-17,29-06-2024,62.0,159075.0,652,269696.44,1,0.432,3.14,"$8,013.94",Self-employed,Home,North,Married,BR-040,Customer requests funding for home renovation and repairs; moderate credit risk profile. Ref-900215.,No,false,No
APP-200216,TWN,Dividend,2024-12-02,2023/12/09,41.0,58245.0,629,129547.91,3,0.699,8.63,"$3,814.07",Salaried,Car,North,Married,BR-016,Customer seeks a loan to cover tuition and education costs; stable employment history. Ref-900216.,Yes,true,No
APP-200217,TWN,Dividend,2022-10-18,2021-02-06 00:00:00,55.0,?,595,74476.24,2,0.308,7.97,"$2,168.11",Salaried,Education,North,Single,BR-040,Client applies for credit toward home renovation and repairs; good repayment record. Ref-900217.,No,false,No
APP-200218,TWN,?,2021-06-29,10/16/2022,35.0,34389.0,718,29247.51,0,0.251,1.29,$805.86,Contract,Car,North,Divorced,BR-039,Applicant requests funding for medical expenses; stable employment history. Ref-900218.,No,true,No
APP-200219,TWN,-,2022-02-24,23-09-2021,34.0,98092.0,627,205889.76,1,0.624,7.67,"$6,136.68",Salaried,Medical,North,Married,BR-043,Customer seeks a loan to cover tuition and education costs; good repayment record. Ref-900219.,Yes,false,Yes
APP-200220,TWN,null,2022-11-03,17-07-2024,32.0,72736.0,652,108812.39,2,0.479,8.83,"$3,017.10",Salaried,Home,North,Married,BR-010,Client requests funding for a new vehicle purchase; good repayment record. Ref-900220.,Yes,false,Yes
APP-200221,TWN,n/a,2022-07-16,2024-01-15 00:00:00,?,44464.0,660,119678.06,3,1.037,1.97,"$3,187.54",Contract,Car,North,Single,BR-038,Applicant seeks a loan to cover a new vehicle purchase; existing customer over 5 years. Ref-900221.,No,true,Yes
APP-200222,TWN,null,2022-01-22,01/28/2024,62.0,84480.0,627,111228.57,0,0.371,5.74,"$3,055.26",Salaried,Car,North,Married,BR-007,Customer seeks a loan to cover tuition and education costs; first-time applicant. Ref-900222.,Yes,true,Yes
APP-200223,TWN,,NA,23-11-2021,26.0,79275.0,776,83731.37,2,0.403,6.39,"$2,476.83",Salaried,Business,North,Married,BR-029,Borrower seeks a loan to cover home renovation and repairs; good repayment record. Ref-900223.,No,false,No
APP-200224,TWN,,2023-12-06,22-11-2023,60.0,23506.0,644,22679.73,0,0.235,6.09,$576.95,Retired,Car,North,Single,BR-035,Applicant requests funding for a family vacation abroad; good repayment record. Ref-900224.,Yes,false,No
APP-200225,TWN,,2022-07-05,2022/01/13,28.0,null,691,99001.72,0,0.377,0.96,"$2,481.76",Salaried,Medical,North,Married,BR-014,Borrower seeks a loan to cover home renovation and repairs; good repayment record. Ref-900225.,No,false,No
APP-200226,TWN,Freelance,NA,2023/06/08,37.0,?,588,70259.52,0,0.313,6.61,"$1,781.18",Salaried,Car,South,Married,BR-045,Borrower requests funding for a family vacation abroad; first-time applicant. Ref-900226.,Yes,false,No
APP-200227,TWN,-,2023-06-23,2024-11-13 00:00:00,50.0,49230.0,645,88843.88,1,0.641,6.32,"$2,286.77",Salaried,Home,North,Single,BR-012,Applicant applies for credit toward tuition and education costs; existing customer over 5 years. Ref-900227.,No,true,No
APP-200228,TWN,,2023-12-16,03/07/2024,48.0,48604.0,655,69525.97,0,0.435,8.24,"$1,827.78",Salaried,Education,North,Divorced,BR-015,Client seeks a loan to cover a new vehicle purchase; existing customer over 5 years. Ref-900228.,Yes,false,No
APP-200229,TWN,NA,2022-12-28,19-01-2024,43.0,143516.0,657,419591.01,1,1.084,8.04,"$10,809.34",Contract,Home,North,Married,BR-037,Borrower needs financing for tuition and education costs; first-time applicant. Ref-900229.,Yes,false,No
APP-200230,TWN,-,2023-11-24,16-08-2021,20.0,129053.0,638,130313.65,0,0.233,3.27,"$3,271.10",Salaried,Home,North,Married,BR-023,Borrower needs financing for medical expenses; moderate credit risk profile. Ref-900230.,No,false,No
APP-200231,TWN,-,2021-10-16,18-10-2022,44.0,,688,425302.83,3,0.721,7.22,"$11,269.71",Self-employed,Business,West,Single,BR-021,Applicant needs financing for medical expenses; good repayment record. Ref-900231.,No,true,Yes
APP-200232,TWN,NA,2021-07-31,16-04-2023,28.0,33714.0,785,45158.71,0,0.414,8.67,"$1,280.48",Salaried,Business,North,Divorced,BR-016,Client applies for credit toward a new vehicle purchase; stable employment history. Ref-900232.,No,true,No
APP-200233,TWN,NA,2024-03-07,07/18/2021,71.0,43164.0,669,73736.03,1,0.559,8.93,"$2,147.93",Self-employed,Car,North,Single,BR-034,Applicant requests funding for medical expenses; good repayment record. Ref-900233.,No,false,No
APP-200234,TWN,-,2024-02-27,07/11/2023,-,-,668,272905.37,1,0.799,1.62,"$7,540.00",Salaried,Car,North,Single,BR-028,Borrower applies for credit toward tuition and education costs; moderate credit risk profile. Ref-900234.,Yes,false,No
APP-200235,TWN,,2023-01-20,28-01-2022,42.0,32721.0,651,80213.59,1,0.884,0.27,"$2,418.29",Salaried,Education,North,Married,BR-030,Client applies for credit toward home renovation and repairs; moderate credit risk profile. Ref-900235.,Yes,false,No
APP-200236,TWN,?,2022-12-10,22-12-2024,26.0,41769.0,850,119744.88,0,0.79,6.51,"$3,022.45",Salaried,Education,North,Married,BR-039,Borrower seeks a loan to cover a family vacation abroad; moderate credit risk profile. Ref-900236.,No,false,No
APP-200237,TWN,Pension,2022-11-01,2024/12/03,34.0,24291.0,789,44865.67,2,0.714,2.15,"$1,340.96",Unemployed,Education,North,Married,BR-042,Client requests funding for expanding a small business; stable employment history. Ref-900237.,No,true,No
APP-200238,TWN,,2021-11-18,2023/02/03,25.0,151228.0,716,195794.94,1,0.5,5.64,"$4,947.19",Salaried,Home,North,Single,BR-040,Applicant needs financing for a new vehicle purchase; good repayment record. Ref-900238.,No,false,Yes
APP-200239,TWN,null,2023-11-08,2024-02-29 00:00:00,52.0,101859.0,726,222845.49,2,0.456,9.45,"$6,313.87",Salaried,Medical,North,Single,BR-041,Customer seeks a loan to cover expanding a small business; first-time applicant. Ref-900239.,No,false,Yes
APP-200240,TWN,-,2022-07-12,2024/10/27,37.0,75302.0,629,166632.4,0,0.726,3.79,"$4,355.45",Salaried,Car,North,Married,BR-031,Applicant needs financing for home renovation and repairs; first-time applicant. Ref-900240.,Yes,false,No
APP-200241,TWN,null,2024-01-04,2021-04-13 00:00:00,NA,66810.0,667,40344.57,1,0.225,2.53,"$1,169.42",Salaried,Business,North,Single,BR-016,Client needs financing for tuition and education costs; stable employment history. Ref-900241.,No,false,No
APP-200242,TWN,NA,2022-10-08,2021-10-12 00:00:00,32.0,48603.0,692,37317.25,1,0.161,4.57,"$1,087.84",Unemployed,Travel,South,Single,BR-032,Borrower requests funding for a family vacation abroad; moderate credit risk profile. Ref-900242.,Yes,false,No
APP-200243,TWN,Freelance,2024-05-24,2023/10/29,34.0,49073.0,686,140632.34,1,0.996,6.57,"$4,152.00",Salaried,Home,North,Married,BR-007,Applicant applies for credit toward tuition and education costs; moderate credit risk profile. Ref-900243.,Yes,false,Yes
APP-200244,TWN,NA,2024-05-21,06-10-2021,55.0,81458.0,619,187543.31,1,0.729,1.01,"$4,995.72",Salaried,Education,North,Divorced,BR-016,Client seeks a loan to cover a new vehicle purchase; good repayment record. Ref-900244.,No,false,No
APP-200245,TWN,?,2024-03-30,04-07-2022,28.0,41945.0,624,107265.21,2,0.776,3.81,"$2,775.78",Contract,Medical,North,Single,BR-011,Client applies for credit toward expanding a small business; good repayment record. Ref-900245.,No,false,No
APP-200246,TWN,NA,2022-01-28,2024/07/23,18.0,,713,107274.72,1,0.247,1.34,"$3,134.96",Self-employed,Home,North,Single,BR-019,Customer seeks a loan to cover expanding a small business; stable employment history. Ref-900246.,No,false,No
APP-200247,TWN,NA,2023-09-04,2023-11-18 00:00:00,45.0,46803.0,699,137422.46,1,1.019,6.62,"$3,960.08",Salaried,Travel,North,Married,BR-037,Customer needs financing for a family vacation abroad; existing customer over 5 years. Ref-900247.,Yes,false,No
APP-200248,TWN,Dividend,2024-01-06,10/23/2022,26.0,38687.0,533,48447.77,1,0.306,8.31,"$1,333.54",Salaried,Car,North,Married,BR-003,Client requests funding for medical expenses; moderate credit risk profile. Ref-900248.,Yes,false,Yes
APP-200249,TWN,Rental,2023-11-19,08-03-2022,,114577.0,684,97412.6,2,0.201,3.77,"$2,669.18",Salaried,Car,North,Single,BR-030,Borrower seeks a loan to cover a new vehicle purchase; moderate credit risk profile. Ref-900249.,Yes,true,No
APP-200250,TWN,?,2024-07-07,2022-09-03 00:00:00,51.0,55715.0,765,77903.78,1,0.377,3.72,"$2,164.58",Unemployed,Car,North,Single,BR-008,Applicant requests funding for tuition and education costs; moderate credit risk profile. Ref-900250.,Yes,true,No
APP-200251,TWN,,2021-08-18,07/10/2021,30.0,79019.0,633,108949.43,0,0.549,5.4,"$3,301.82",Unemployed,Car,North,Married,BR-039,Customer seeks a loan to cover tuition and education costs; stable employment history. Ref-900251.,Yes,false,Yes
APP-200252,TWN,Dividend,2023-08-17,05/18/2024,51.0,48656.0,694,31412.03,4,0.182,2.15,$807.38,Salaried,Home,North,Single,BR-010,Applicant requests funding for expanding a small business; good repayment record. Ref-900252.,No,false,Yes
APP-200253,TWN,?,null,01/29/2021,32.0,NA,578,50852.1,0,0.598,2.47,"$1,439.54",Salaried,Travel,West,Married,BR-045,Borrower seeks a loan to cover a new vehicle purchase; existing customer over 5 years. Ref-900253.,No,true,No
APP-200254,TWN,,2022-06-06,10-07-2021,58.0,78716.0,735,210598.59,2,0.749,3.3,"$6,269.13",Salaried,Business,North,Married,BR-029,Applicant needs financing for medical expenses; good repayment record. Ref-900254.,No,false,No
APP-200255,TWN,-,2022-01-07,2022-03-08 00:00:00,56.0,30536.0,601,30339.37,1,0.351,4.57,$775.64,Self-employed,Medical,North,Married,BR-014,Client requests funding for a family vacation abroad; moderate credit risk profile. Ref-900255.,Yes,true,No
APP-200256,TWN,?,2023-04-06,2022/08/02,34.0,?,592,193080.16,0,0.61,0.82,"$5,623.96",Contract,Travel,North,Married,BR-029,Client requests funding for tuition and education costs; good repayment record. Ref-900256.,No,false,Yes
APP-200257,TWN,-,2022-01-12,06/10/2024,37.0,27573.0,656,73801.26,1,0.92,7.53,"$2,180.79",Unemployed,Business,North,Divorced,BR-019,Client seeks a loan to cover home renovation and repairs; first-time applicant. Ref-900257.,Yes,false,No
APP-200258,TWN,n/a,2023-05-09,2023/12/26,30.0,23566.0,841,34055.05,0,0.528,5.79,$898.41,Unemployed,Education,North,Single,BR-002,Applicant applies for credit toward home renovation and repairs; good repayment record. Ref-900258.,Yes,true,No
APP-200259,TWN,n/a,2021-06-25,2024/07/25,42.0,69830.0,636,123778.73,0,0.458,3.0,"$3,330.71",Self-employed,Home,North,Married,BR-019,Applicant requests funding for home renovation and repairs; existing customer over 5 years. Ref-900259.,No,true,No
APP-200260,TWN,?,2022-08-01,2023/10/01,54.0,74060.0,591,82211.18,1,0.299,0.78,"$2,250.63",Self-employed,Travel,North,Married,BR-012,Customer needs financing for a family vacation abroad; existing customer over 5 years. Ref-900260.,No,false,No
APP-200261,TWN,NA,2022-08-03,2023/09/25,23.0,63155.0,710,105464.62,0,0.62,7.63,"$3,216.28",Unemployed,Medical,North,Married,BR-016,Borrower needs financing for medical expenses; stable employment history. Ref-900261.,No,true,Yes
APP-200262,TWN,Rental,2023-12-07,11/12/2021,51.0,32637.0,694,41801.93,0,0.354,1.31,"$1,255.88",Self-employed,Car,North,Married,BR-032,Applicant requests funding for medical expenses; first-time applicant. Ref-900262.,No,false,Yes
APP-200263,TWN,Freelance,2021-01-30,12/28/2023,24.0,93364.0,792,239072.57,1,0.775,1.33,"$7,209.98",Salaried,Car,North,Married,BR-003,Borrower requests funding for expanding a small business; moderate credit risk profile. Ref-900263.,No,true,No
APP-200264,TWN,null,2022-06-15,2022-09-19 00:00:00,30.0,28786.0,591,25848.29,1,0.329,1.31,$698.85,Contract,Education,North,Married,BR-039,Borrower requests funding for tuition and education costs; good repayment record. Ref-900264.,No,false,Yes
APP-200265,TWN,NA,2023-08-18,2021-10-12 00:00:00,19.0,47471.0,568,27648.35,0,0.19,0.81,$827.09,Self-employed,Medical,North,Married,BR-004,Customer requests funding for tuition and education costs; good repayment record. Ref-900265.,No,false,Yes
APP-200266,TWN,Dividend,2022-12-27,16-05-2024,65.0,40374.0,656,111105.52,0,1.053,9.06,"$3,083.82",Salaried,Car,North,Married,BR-031,Customer needs financing for a family vacation abroad; existing customer over 5 years. Ref-900266.,Yes,false,No
APP-200267,TWN,NA,2023-12-29,2022/06/02,41.0,49571.0,704,46124.69,4,0.189,2.69,"$1,306.24",Salaried,Car,North,Single,BR-020,Applicant needs financing for expanding a small business; moderate credit risk profile. Ref-900267.,Yes,false,No
APP-200268,TWN,Freelance,2024-06-22,2024-11-17 00:00:00,43.0,91710.0,702,171774.93,1,0.607,3.06,"$4,923.50",Contract,Home,North,Single,BR-025,Customer needs financing for tuition and education costs; existing customer over 5 years. Ref-900268.,No,false,No
APP-200269,TWN,Pension,2024-02-07,2024-08-05 00:00:00,32.0,43607.0,752,99101.18,2,0.686,8.33,"$2,883.43",Salaried,Car,North,Married,BR-034,Borrower seeks a loan to cover a new vehicle purchase; existing customer over 5 years. Ref-900269.,Yes,false,No
APP-200270,TWN,Freelance,2022-05-04,13-04-2024,53.0,79395.0,575,104562.42,4,0.372,6.2,"$2,808.62",Contract,Home,North,Single,BR-002,Borrower applies for credit toward medical expenses; stable employment history. Ref-900270.,Yes,true,Yes
APP-200271,TWN,Freelance,2021-07-08,2024-12-10 00:00:00,18.0,84717.0,621,239120.12,2,0.732,1.87,"$6,472.48",Contract,Car,North,Single,BR-030,Customer seeks a loan to cover tuition and education costs; good repayment record. Ref-900271.,No,false,No
APP-200272,TWN,-,2021-05-08,22-02-2022,40.0,25450.0,669,34222.9,0,0.37,4.35,$879.29,Salaried,Business,North,Married,BR-022,Borrower needs financing for expanding a small business; existing customer over 5 years. Ref-900272.,Yes,false,Yes
APP-200273,TWN,n/a,2023-07-25,2022-10-09 00:00:00,66.0,33413.0,736,33161.38,0,0.361,8.84,$989.30,Contract,Medical,North,Single,BR-044,Applicant seeks a loan to cover home renovation and repairs; moderate credit risk profile. Ref-900273.,No,true,No
APP-200274,TWN,NA,2021-07-04,10/12/2021,35.0,49431.0,711,32789.42,2,0.196,3.75,$902.24,Self-employed,Car,North,Married,BR-045,Applicant applies for credit toward tuition and education costs; existing customer over 5 years. Ref-900274.,Yes,false,No
APP-200275,TWN,-,2024-05-08,2024/02/07,NA,44531.0,649,122434.34,2,0.671,7.11,"$3,713.85",Retired,Education,North,Married,BR-022,Borrower seeks a loan to cover tuition and education costs; moderate credit risk profile. Ref-900275.,Yes,false,Yes
APP-200276,TWN,Rental,2023-04-26,31-07-2022,48.0,69831.0,608,72630.65,0,0.352,0.97,"$1,922.50",Unemployed,Car,North,Married,BR-008,Client seeks a loan to cover medical expenses; good repayment record. Ref-900276.,No,false,Yes
APP-200277,TWN,-,2021-02-22,2024/09/24,NA,22792.0,738,62533.96,1,0.998,7.27,"$1,781.58",Salaried,Education,North,Married,BR-026,Borrower seeks a loan to cover medical expenses; good repayment record. Ref-900277.,Yes,false,No
APP-200278,TWN,Pension,2024-03-01,2021/08/17,40.0,?,743,140860.39,2,0.461,7.76,"$4,301.69",Salaried,Business,South,Married,BR-011,Client seeks a loan to cover home renovation and repairs; good repayment record. Ref-900278.,No,true,No
APP-200279,TWN,-,2021-10-10,26-12-2024,52.0,?,850,246064.8,1,0.64,8.26,"$7,106.93",Contract,Travel,North,Married,BR-002,Customer applies for credit toward tuition and education costs; moderate credit risk profile. Ref-900279.,No,true,No
APP-200280,TWN,Dividend,2024-12-20,07-10-2021,42.0,55044.0,666,39477.72,1,0.25,6.74,"$1,183.34",Salaried,Home,North,Divorced,BR-037,Client applies for credit toward a new vehicle purchase; first-time applicant. Ref-900280.,No,true,No
APP-200281,TWN,NA,2022-01-26,2022/03/08,44.0,29986.0,789,79107.12,1,0.892,3.71,"$2,387.64",Salaried,Medical,North,Divorced,BR-032,Customer applies for credit toward expanding a small business; stable employment history. Ref-900281.,Yes,false,No
APP-200282,TWN,-,2023-03-15,2024/11/01,36.0,60042.0,595,177024.06,2,0.999,0.64,"$4,951.14",Salaried,Car,North,Divorced,BR-036,Customer needs financing for home renovation and repairs; existing customer over 5 years. Ref-900282.,Yes,true,No
APP-200283,TWN,Freelance,2022-11-06,2023/08/13,44.0,45764.0,641,104212.15,0,0.462,5.19,"$2,710.75",Salaried,Car,North,Married,BR-041,Applicant seeks a loan to cover medical expenses; stable employment history. Ref-900283.,Yes,false,No
APP-200284,TWN,NA,2022-05-29,11/17/2022,41.0,79485.0,631,66299.33,1,0.187,7.57,"$1,889.20",Salaried,Car,North,Married,BR-037,Customer requests funding for medical expenses; good repayment record. Ref-900284.,Yes,false,No
APP-200285,TWN,Freelance,2021-09-09,2022-07-24 00:00:00,57.0,57371.0,646,171757.83,2,1.178,1.91,"$4,916.46",Salaried,Home,West,Married,BR-021,Applicant applies for credit toward a family vacation abroad; moderate credit risk profile. Ref-900285.,Yes,false,Yes
APP-200286,TWN,?,2021-03-31,17-02-2022,49.0,86173.0,618,215692.5,2,0.778,2.66,"$5,777.60",Self-employed,Home,North,Married,BR-020,Customer requests funding for tuition and education costs; moderate credit risk profile. Ref-900286.,Yes,true,Yes
APP-200287,TWN,NA,2023-02-26,11-11-2022,37.0,48211.0,641,49420.01,1,0.258,5.36,"$1,285.87",Contract,Business,North,Married,BR-003,Borrower needs financing for a family vacation abroad; first-time applicant. Ref-900287.,No,false,No
APP-200288,TWN,?,2024-12-06,13-11-2021,18.0,-,674,360411.78,0,0.614,7.48,"$9,707.54",Salaried,Education,North,Married,BR-002,Client needs financing for medical expenses; first-time applicant. Ref-900288.,No,true,No
APP-200289,TWN,null,2022-05-18,2022/11/06,49.0,null,647,13534.32,0,0.211,8.97,$397.02,Salaried,Home,North,Married,BR-037,Client requests funding for medical expenses; stable employment history. Ref-900289.,No,false,Yes
APP-200290,TWN,Freelance,2022-03-15,11-04-2023,49.0,36023.0,723,29703.6,0,0.218,1.26,$795.10,Unemployed,Travel,North,Married,BR-036,Customer needs financing for tuition and education costs; moderate credit risk profile. Ref-900290.,No,false,Yes
APP-200291,TWN,Rental,2023-08-15,02/11/2022,29.0,76528.0,672,41125.78,0,0.124,1.84,"$1,209.83",Self-employed,Medical,North,Married,BR-032,Customer seeks a loan to cover expanding a small business; stable employment history. Ref-900291.,Yes,false,No
APP-200292,TWN,?,NA,2022/06/05,18.0,28129.0,678,55719.64,0,0.649,8.0,"$1,505.23",?,Medical,North,Married,BR-042,Borrower requests funding for medical expenses; stable employment history. Ref-900292.,No,false,Yes
APP-200293,TWN,-,2023-02-15,28-01-2021,26.0,86506.0,779,130593.89,1,0.356,6.45,"$3,847.28",Contract,Car,North,Single,BR-030,Customer requests funding for expanding a small business; existing customer over 5 years. Ref-900293.,Yes,false,No
APP-200294,TWN,null,2024-11-14,20-07-2024,51.0,32586.0,700,23277.71,2,0.278,7.21,$660.73,Salaried,Education,North,Married,BR-025,Customer requests funding for a new vehicle purchase; first-time applicant. Ref-900294.,Yes,false,Yes
APP-200295,TWN,-,2023-09-29,01/25/2024,27.0,-,689,108690.04,3,0.427,9.97,"$3,284.93",Self-employed,Home,North,Married,BR-038,Applicant applies for credit toward home renovation and repairs; stable employment history. Ref-900295.,Yes,true,No
APP-200296,TWN,n/a,2024-03-10,12/11/2024,34.0,37897.0,677,102413.84,0,1.021,9.39,"$2,689.07",Salaried,Home,North,Single,BR-018,Customer needs financing for a new vehicle purchase; existing customer over 5 years. Ref-900296.,Yes,true,Yes
APP-200297,TWN,NA,2021-12-26,2023-10-14 00:00:00,43.0,48021.0,682,35068.3,2,0.198,8.43,"$1,026.82",Salaried,Education,North,Single,BR-045,Customer requests funding for medical expenses; moderate credit risk profile. Ref-900297.,Yes,true,No
APP-200298,TWN,Freelance,2023-03-17,2024-12-30 00:00:00,55.0,65337.0,717,137023.84,2,0.542,7.77,"$3,767.12",Self-employed,Education,West,Married,BR-007,Customer needs financing for a new vehicle purchase; good repayment record. Ref-900298.,Yes,true,No
APP-200299,TWN,-,2023-10-30,2024-05-12 00:00:00,40.0,56819.0,623,52365.17,2,0.324,3.95,"$1,369.03",Salaried,Car,South,Married,BR-005,Borrower applies for credit toward expanding a small business; good repayment record. Ref-900299.,No,false,Yes
APP-200300,TWN,null,2022-06-13,2021-09-28 00:00:00,39.0,49481.0,756,87923.02,1,0.535,6.41,"$2,279.46",Salaried,Medical,North,Single,BR-013,Client seeks a loan to cover medical expenses; moderate credit risk profile. Ref-900300.,Yes,false,No
APP-200301,TWN,?,2023-12-09,12-08-2021,33.0,175704.0,786,238388.25,0,0.309,1.84,"$6,286.64",Retired,Home,North,Divorced,BR-022,Applicant needs financing for tuition and education costs; good repayment record. Ref-900301.,No,true,No
APP-200302,TWN,Freelance,2022-07-19,17-08-2023,60.0,60128.0,757,71526.42,2,0.438,7.59,"$2,058.07",Salaried,Home,North,Married,BR-024,Borrower applies for credit toward tuition and education costs; moderate credit risk profile. Ref-900302.,No,false,No
APP-200303,TWN,?,2023-11-21,2021-12-13 00:00:00,53.0,36865.0,644,19560.71,0,0.165,7.58,$581.36,?,Home,North,Married,BR-021,Applicant applies for credit toward a family vacation abroad; good repayment record. Ref-900303.,No,false,No
APP-200304,TWN,,2022-10-26,2023/12/27,39.0,95206.0,569,185274.06,0,0.611,7.21,"$4,944.45",Self-employed,Travel,North,Married,BR-035,Client applies for credit toward a new vehicle purchase; good repayment record. Ref-900304.,Yes,true,Yes
APP-200305,TWN,n/a,2021-04-10,2023/05/21,23.0,90249.0,648,145176.35,1,0.443,4.45,"$3,903.31",Salaried,Car,North,Married,BR-045,Applicant needs financing for tuition and education costs; moderate credit risk profile. Ref-900305.,Yes,false,Yes
APP-200306,TWN,-,2021-05-22,2024-12-05 00:00:00,31.0,110355.0,688,245910.94,1,0.814,3.78,"$6,314.80",Contract,Education,South,Divorced,BR-005,Applicant requests funding for medical expenses; moderate credit risk profile. Ref-900306.,No,false,Yes
APP-200307,TWN,,2024-10-13,29-09-2024,47.0,146331.0,735,140746.5,1,0.311,4.2,"$3,932.61",Salaried,Education,North,Single,BR-018,Borrower needs financing for a new vehicle purchase; first-time applicant. Ref-900307.,No,false,No
APP-200308,TWN,n/a,2023-07-19,28-04-2024,31.0,37434.0,665,110769.04,2,0.635,0.33,"$2,837.12",Salaried,Home,North,Single,BR-022,Customer needs financing for medical expenses; moderate credit risk profile. Ref-900308.,No,true,Yes
APP-200309,TWN,n/a,2023-04-23,11/20/2022,51.0,101698.0,657,55873.56,1,0.207,8.44,"$1,494.29",Contract,Business,North,Married,BR-003,Borrower seeks a loan to cover home renovation and repairs; moderate credit risk profile. Ref-900309.,No,false,Yes
APP-200310,TWN,null,2024-01-31,2023/10/09,44.0,105852.0,782,104772.79,2,0.31,5.42,"$3,146.75",Salaried,Travel,North,Single,BR-001,Customer applies for credit toward home renovation and repairs; existing customer over 5 years. Ref-900310.,No,false,Yes
APP-200311,TWN,null,2022-02-02,2021/10/21,44.0,59885.0,632,125990.36,1,0.535,3.88,"$3,512.38",Salaried,Home,South,Single,BR-003,Client applies for credit toward tuition and education costs; moderate credit risk profile. Ref-900311.,Yes,true,No
APP-200312,TWN,,2022-06-18,09/03/2024,48.0,67682.0,751,56513.87,3,0.174,5.48,"$1,510.17",Salaried,Home,North,Married,BR-025,Client requests funding for a new vehicle purchase; first-time applicant. Ref-900312.,Yes,false,No
APP-200313,TWN,NA,2022-09-26,19-05-2023,46.0,13341.0,740,15360.64,3,0.24,7.22,$448.35,Self-employed,Business,North,Single,BR-029,Applicant seeks a loan to cover a family vacation abroad; first-time applicant. Ref-900313.,Yes,false,No
APP-200314,TWN,-,2023-08-19,15-06-2023,30.0,44937.0,587,78832.6,1,0.394,3.81,"$1,971.19",Salaried,Car,North,Separated,BR-023,Client applies for credit toward medical expenses; stable employment history. Ref-900314.,No,true,No
APP-200315,TWN,,2023-01-26,2024-10-29 00:00:00,36.0,146383.0,697,349984.37,2,0.601,8.31,"$10,186.07",Contract,Home,North,Married,BR-041,Applicant needs financing for home renovation and repairs; moderate credit risk profile. Ref-900315.,No,false,Yes
APP-200316,TWN,Freelance,2022-02-02,10/29/2022,68.0,24504.0,640,65210.44,0,0.813,9.19,"$1,922.50",Salaried,Travel,North,Married,BR-022,Borrower needs financing for medical expenses; good repayment record. Ref-900316.,Yes,false,No
APP-200317,TWN,Pension,2023-01-26,21-06-2024,26.0,45805.0,613,59176.9,1,0.317,3.87,"$1,639.46",Contract,Business,North,Married,BR-039,Customer needs financing for medical expenses; existing customer over 5 years. Ref-900317.,Yes,true,No
APP-200318,TWN,n/a,2022-07-01,20-12-2023,34.0,69145.0,551,148268.92,2,0.767,1.38,"$3,881.82",Unemployed,Car,North,Single,BR-012,Applicant applies for credit toward a new vehicle purchase; first-time applicant. Ref-900318.,No,true,Yes
APP-200319,TWN,Dividend,2021-12-29,05-08-2024,53.0,79840.0,571,44538.12,2,0.17,7.6,"$1,168.81",Self-employed,Education,North,Divorced,BR-020,Client needs financing for tuition and education costs; moderate credit risk profile. Ref-900319.,No,false,No
APP-200320,TWN,Pension,2021-10-08,07/24/2021,38.0,135371.0,706,369101.34,2,0.779,9.93,"$11,073.38",?,Medical,North,Divorced,BR-007,Customer applies for credit toward a family vacation abroad; good repayment record. Ref-900320.,No,true,No
APP-200321,TWN,n/a,2022-01-22,08/23/2022,30.0,24800.0,651,54047.26,4,0.623,1.48,"$1,566.20",Self-employed,Car,North,Single,BR-035,Customer requests funding for home renovation and repairs; first-time applicant. Ref-900321.,Yes,true,No
APP-200322,TWN,-,2023-02-26,2023/05/30,24.0,61168.0,697,168553.23,4,0.684,7.13,"$5,125.66",Salaried,Education,North,Single,BR-040,Borrower applies for credit toward medical expenses; stable employment history. Ref-900322.,Yes,false,No
APP-200323,TWN,,2022-06-15,2022/01/18,46.0,92027.0,605,94416.01,0,0.316,8.25,"$2,460.77",Salaried,Car,North,Married,BR-027,Customer applies for credit toward medical expenses; moderate credit risk profile. Ref-900323.,No,false,Yes
APP-200324,TWN,Rental,2022-09-10,2022-06-22 00:00:00,52.0,31044.0,656,54067.84,1,0.429,9.21,"$1,477.89",Self-employed,Business,East,Married,BR-043,Customer seeks a loan to cover expanding a small business; existing customer over 5 years. Ref-900324.,No,false,No
APP-200325,TWN,Dividend,2024-02-15,2024/06/25,57.0,58698.0,659,138485.71,0,0.624,1.23,"$4,063.81",Salaried,Home,North,Married,BR-031,Client requests funding for home renovation and repairs; existing customer over 5 years. Ref-900325.,No,false,No
APP-200326,TWN,-,2023-10-12,2024/07/06,-,153645.0,572,86521.02,2,0.17,0.92,"$2,444.76",Salaried,Car,North,Married,BR-025,Borrower seeks a loan to cover a family vacation abroad; good repayment record. Ref-900326.,Yes,true,No
APP-200327,TWN,Pension,2022-10-01,02/25/2024,53.0,115642.0,564,300988.7,2,0.851,9.88,"$8,333.35",Salaried,Home,North,Married,BR-045,Borrower needs financing for medical expenses; existing customer over 5 years. Ref-900327.,No,true,No
APP-200328,TWN,Freelance,NA,12/07/2021,28.0,78413.0,708,177956.23,0,0.603,1.17,"$4,580.18",Unemployed,Education,North,Single,BR-043,Customer needs financing for tuition and education costs; first-time applicant. Ref-900328.,Yes,false,Yes
APP-200329,TWN,n/a,2021-02-26,28-05-2024,42.0,16203.0,688,40024.37,0,0.85,1.77,"$1,210.19",Salaried,Home,North,Single,BR-028,Applicant needs financing for home renovation and repairs; stable employment history. Ref-900329.,Yes,true,No
APP-200330,TWN,-,2022-08-21,2021-05-07 00:00:00,32.0,56097.0,614,50838.84,3,0.246,5.75,"$1,330.89",Salaried,Car,North,Single,BR-018,Borrower requests funding for home renovation and repairs; first-time applicant. Ref-900330.,No,false,No
APP-200331,TWN,-,2022-10-23,26-07-2022,42.0,72636.0,671,177422.19,1,0.936,4.46,"$5,145.19",Salaried,Medical,North,Single,BR-031,Applicant needs financing for a new vehicle purchase; stable employment history. Ref-900331.,Yes,false,Yes
APP-200332,TWN,Dividend,2022-03-10,2021/05/21,49.0,51316.0,723,98396.14,2,0.441,7.5,"$2,790.00",Salaried,Car,North,Single,BR-018,Applicant seeks a loan to cover medical expenses; good repayment record. Ref-900332.,Yes,false,No
APP-200333,TWN,,2021-10-21,02/22/2022,53.0,57947.0,804,50690.93,1,0.276,1.91,"$1,487.58",Salaried,Car,North,Married,BR-030,Borrower seeks a loan to cover tuition and education costs; good repayment record. Ref-900333.,No,true,No
APP-200334,TWN,n/a,2023-12-18,2024/02/12,28.0,279767.0,617,232226.54,3,0.225,9.14,"$6,800.00",Self-employed,Car,North,Divorced,BR-017,Applicant requests funding for medical expenses; good repayment record. Ref-900334.,No,false,Yes
APP-200335,TWN,Dividend,2021-01-19,17-12-2021,55.0,53786.0,720,142226.43,1,0.769,2.17,"$3,919.69",Salaried,Home,North,Single,BR-035,Borrower applies for credit toward tuition and education costs; stable employment history. Ref-900335.,No,true,No
APP-200336,TWN,n/a,2024-11-27,2022/12/14,34.0,36871.0,823,55168.1,1,0.334,7.69,"$1,544.09",Salaried,Home,North,Married,BR-004,Customer needs financing for tuition and education costs; existing customer over 5 years. Ref-900336.,No,true,No
APP-200337,TWN,NA,2024-11-27,06/25/2024,28.0,?,682,79781.84,3,0.316,0.68,"$2,029.18",Unemployed,Business,North,Married,BR-030,Customer needs financing for tuition and education costs; moderate credit risk profile. Ref-900337.,No,false,No
APP-200338,TWN,?,2023-07-02,2022-01-28 00:00:00,38.0,51132.0,779,72636.58,2,0.338,4.73,"$2,119.04",Salaried,Home,North,Married,BR-016,Borrower applies for credit toward home renovation and repairs; moderate credit risk profile. Ref-900338.,No,false,No
APP-200339,TWN,,2022-03-05,09/04/2024,22.0,51284.0,501,113422.75,1,0.741,0.33,"$3,013.18",Self-employed,Medical,North,Single,BR-032,Customer needs financing for home renovation and repairs; stable employment history. Ref-900339.,No,false,No
APP-200340,TWN,Dividend,2022-03-06,22-04-2023,40.0,57323.0,777,48202.93,2,0.299,3.14,"$1,236.87",Retired,Medical,North,Married,BR-020,Applicant requests funding for expanding a small business; existing customer over 5 years. Ref-900340.,Yes,true,No
APP-200341,TWN,Freelance,2023-02-24,06/21/2022,43.0,88170.0,677,79781.06,0,0.323,3.12,"$2,013.97",Salaried,Education,North,Married,BR-025,Customer seeks a loan to cover tuition and education costs; moderate credit risk profile. Ref-900341.,Yes,true,No
APP-200342,TWN,-,2023-09-04,2023-07-10 00:00:00,38.0,67424.0,549,143215.52,2,0.812,7.2,"$3,813.07",Salaried,Medical,North,Single,BR-032,Customer needs financing for a family vacation abroad; first-time applicant. Ref-900342.,No,false,No
APP-200343,TWN,Pension,2022-06-07,2024/06/30,?,n/a,731,89831.52,1,0.757,4.55,"$2,311.06",Contract,Home,North,Married,BR-035,Client needs financing for home renovation and repairs; first-time applicant. Ref-900343.,No,false,No
APP-200344,TWN,null,2022-10-05,2022/04/22,36.0,56030.0,750,122128.66,0,0.715,0.57,"$3,167.87",Contract,Car,North,Widowed,BR-014,Customer needs financing for tuition and education costs; first-time applicant. Ref-900344.,No,false,No
APP-200345,TWN,Dividend,2021-03-19,2022/07/11,40.0,75904.0,761,217286.6,0,1.12,9.95,"$5,919.60",Self-employed,Car,North,Divorced,BR-038,Client needs financing for a new vehicle purchase; stable employment history. Ref-900345.,Yes,false,No
APP-200346,TWN,Dividend,2024-07-17,04/25/2021,23.0,n/a,760,57231.81,0,0.362,8.89,"$1,540.92",Self-employed,Home,North,Married,BR-018,Applicant applies for credit toward home renovation and repairs; good repayment record. Ref-900346.,Yes,true,Yes
APP-200347,TWN,-,2024-08-08,10/16/2022,41.0,106348.0,676,147311.8,1,0.421,9.16,"$3,902.71",Salaried,Home,North,Single,BR-043,Client applies for credit toward tuition and education costs; moderate credit risk profile. Ref-900347.,Yes,true,No
APP-200348,TWN,Dividend,2022-01-18,04/28/2022,30.0,88306.0,627,126438.19,2,0.474,2.47,"$3,287.24",Salaried,Car,North,Single,BR-035,Customer seeks a loan to cover tuition and education costs; existing customer over 5 years. Ref-900348.,Yes,false,No
APP-200349,TWN,null,2024-09-28,04/08/2023,35.0,36484.0,646,50959.26,0,0.288,3.94,"$1,446.76",Salaried,Travel,North,Married,BR-014,Client requests funding for expanding a small business; first-time applicant. Ref-900349.,Yes,true,Yes
APP-200350,TWN,Rental,2024-05-23,2023-06-28 00:00:00,39.0,?,676,82321.63,3,0.433,2.27,"$2,304.70",Unemployed,Car,North,Married,BR-023,Applicant seeks a loan to cover a new vehicle purchase; stable employment history. Ref-900350.,Yes,false,Yes
APP-200351,TWN,Freelance,2021-09-30,2021/11/20,42.0,161440.0,706,400669.22,1,0.703,1.25,"$10,887.11",Salaried,Medical,North,Divorced,BR-043,Applicant needs financing for a family vacation abroad; existing customer over 5 years. Ref-900351.,Yes,false,No
APP-200352,TWN,,2021-08-12,10-05-2022,20.0,130626.0,645,157830.85,1,0.424,0.33,"$4,115.84",Self-employed,Medical,North,Married,BR-028,Customer needs financing for expanding a small business; existing customer over 5 years. Ref-900352.,No,false,Yes
APP-200353,TWN,Rental,2022-09-03,2022/01/26,21.0,58213.0,681,89701.03,1,0.349,5.03,"$2,633.51",Salaried,Medical,North,Divorced,BR-026,Client seeks a loan to cover home renovation and repairs; existing customer over 5 years. Ref-900353.,No,false,No
APP-200354,TWN,-,2023-10-08,05/03/2021,36.0,93789.0,738,157652.55,3,0.502,1.23,"$4,030.38",Unemployed,Car,North,Married,BR-019,Applicant needs financing for tuition and education costs; stable employment history. Ref-900354.,Yes,false,No
APP-200355,TWN,Pension,2022-06-30,2022/01/25,46.0,42748.0,700,127844.66,2,0.938,1.76,"$3,467.70",Contract,Car,North,Married,BR-018,Client seeks a loan to cover tuition and education costs; existing customer over 5 years. Ref-900355.,Yes,false,Yes
APP-200356,TWN,?,2023-12-06,09/21/2023,44.0,29026.0,835,38417.77,1,0.469,8.6,"$1,004.55",Contract,Home,North,Married,BR-009,Customer needs financing for home renovation and repairs; existing customer over 5 years. Ref-900356.,No,true,No
APP-200357,TWN,n/a,2021-09-02,2022/01/15,51.0,78997.0,826,175965.73,2,0.711,4.84,"$5,108.57",Retired,Business,North,Single,BR-006,Customer applies for credit toward a new vehicle purchase; stable employment history. Ref-900357.,No,false,No
APP-200358,TWN,Rental,2024-09-14,30-08-2022,56.0,,599,89342.44,0,0.428,1.84,"$2,499.22",Self-employed,Car,North,Married,BR-019,Client seeks a loan to cover a family vacation abroad; moderate credit risk profile. Ref-900358.,Yes,true,No
APP-200359,TWN,,2023-08-25,23-01-2023,46.0,77426.0,639,193651.94,0,0.963,6.7,"$5,820.49",Unemployed,Medical,North,Married,BR-040,Customer needs financing for home renovation and repairs; first-time applicant. Ref-900359.,No,false,Yes
APP-200360,TWN,Freelance,2022-01-01,2021-01-15 00:00:00,40.0,59139.0,588,86886.83,3,0.373,2.66,"$2,493.99",Retired,Business,North,Married,BR-025,Customer requests funding for a family vacation abroad; stable employment history. Ref-900360.,Yes,true,No
APP-200361,TWN,,2024-02-16,2021-05-27 00:00:00,28.0,70473.0,598,39019.99,0,0.16,5.27,"$1,115.23",Salaried,Education,North,Married,BR-009,Borrower seeks a loan to cover tuition and education costs; existing customer over 5 years. Ref-900361.,No,false,No
APP-200362,TWN,Rental,2022-08-22,03/13/2021,29.0,46330.0,715,83753.08,3,0.68,2.83,"$2,130.63",Salaried,Car,North,Married,BR-039,Customer applies for credit toward a new vehicle purchase; existing customer over 5 years. Ref-900362.,Yes,true,No
APP-200363,TWN,,2024-01-15,2024-02-14 00:00:00,34.0,75859.0,610,101948.0,0,0.391,5.16,"$2,555.24",Self-employed,Business,North,Divorced,BR-006,Applicant applies for credit toward tuition and education costs; good repayment record. Ref-900363.,No,false,No
APP-200364,TWN,?,2023-10-24,2022/03/05,null,90811.0,606,105503.19,2,0.37,6.29,"$3,013.11",Self-employed,Home,North,Married,BR-017,Client applies for credit toward a family vacation abroad; stable employment history. Ref-900364.,No,false,Yes
APP-200365,TWN,Freelance,2023-09-13,2021/09/13,43.0,58151.0,659,71615.71,3,0.371,5.36,"$2,102.52",Salaried,Medical,North,Married,BR-032,Client needs financing for tuition and education costs; existing customer over 5 years. Ref-900365.,No,false,No
APP-200366,TWN,,2021-06-26,04-09-2021,40.0,89956.0,733,45414.69,1,0.199,3.96,"$1,352.83",Self-employed,Home,North,Divorced,BR-006,Borrower requests funding for a new vehicle purchase; stable employment history. Ref-900366.,Yes,false,No
APP-200367,TWN,,2021-01-26,2022/10/11,38.0,24699.0,654,57467.29,0,0.781,7.91,"$1,752.44",Self-employed,Medical,North,Single,BR-008,Customer needs financing for a new vehicle purchase; stable employment history. Ref-900367.,No,false,Yes
APP-200368,TWN,-,2023-10-19,2021/06/03,-,40412.0,653,75540.47,1,0.663,8.73,"$2,256.35",Salaried,Home,North,Married,BR-002,Customer seeks a loan to cover home renovation and repairs; first-time applicant. Ref-900368.,Yes,false,No
APP-200369,TWN,Pension,2021-12-02,2023/07/27,42.0,,741,257767.04,1,0.432,1.79,"$7,235.49",Salaried,Business,North,Married,BR-011,Client requests funding for a family vacation abroad; first-time applicant. Ref-900369.,No,false,No
APP-200370,TWN,,2021-04-08,10/28/2023,44.0,144471.0,710,277926.98,1,0.537,1.36,"$8,009.34",Retired,Car,North,Single,BR-045,Applicant seeks a loan to cover a new vehicle purchase; stable employment history. Ref-900370.,Yes,false,Yes
APP-200371,TWN,Dividend,2023-01-22,21-07-2021,44.0,67867.0,709,98586.19,1,0.508,1.13,"$2,658.39",Salaried,Home,North,Married,BR-015,Applicant seeks a loan to cover expanding a small business; first-time applicant. Ref-900371.,No,false,Yes
APP-200372,TWN,Freelance,2024-09-26,2024-12-10 00:00:00,33.0,56859.0,743,93635.53,0,0.385,9.8,"$2,849.64",Salaried,Medical,North,Single,BR-029,Client seeks a loan to cover a family vacation abroad; moderate credit risk profile. Ref-900372.,Yes,false,No
APP-200373,TWN,?,2023-10-24,2022/08/21,28.0,31762.0,608,53702.51,0,0.602,9.42,"$1,633.31",Contract,Car,North,Married,BR-044,Applicant applies for credit toward a family vacation abroad; good repayment record. Ref-900373.,Yes,false,No
APP-200374,TWN,null,2022-03-15,2024/05/04,46.0,71811.0,693,200622.91,0,1.073,2.31,"$5,804.11",Unemployed,Home,North,Married,BR-038,Customer seeks a loan to cover home renovation and repairs; good repayment record. Ref-900374.,No,false,No
APP-200375,TWN,n/a,2022-07-19,04/03/2023,45.0,88364.0,634,121144.41,0,0.483,9.7,"$3,184.57",Salaried,Business,North,Married,BR-013,Customer seeks a loan to cover medical expenses; first-time applicant. Ref-900375.,Yes,true,No
APP-200376,TWN,Dividend,2023-10-17,26-06-2024,37.0,28541.0,749,25146.53,3,0.304,2.08,$707.25,,Home,North,Married,BR-037,Customer requests funding for medical expenses; good repayment record. Ref-900376.,No,false,No
APP-200377,TWN,,2022-10-18,15-03-2023,35.0,n/a,734,56175.5,4,0.181,5.06,"$1,617.95",Salaried,Home,North,Married,BR-021,Applicant seeks a loan to cover medical expenses; moderate credit risk profile. Ref-900377.,Yes,true,No
APP-200378,TWN,Dividend,?,2022/04/10,67.0,76522.0,606,102780.09,0,0.301,4.97,"$3,033.89",Self-employed,Home,North,Married,BR-026,Customer requests funding for a family vacation abroad; first-time applicant. Ref-900378.,No,false,No
APP-200379,TWN,null,2024-05-12,2024/07/27,,74640.0,770,144118.87,1,0.749,9.15,"$4,118.91",Retired,Car,North,Single,BR-026,Borrower applies for credit toward home renovation and repairs; stable employment history. Ref-900379.,Yes,false,No
APP-200380,TWN,null,2021-03-24,2024/08/04,37.0,34072.0,598,66652.87,0,0.556,0.41,"$1,962.14",Self-employed,Travel,North,Married,BR-010,Client requests funding for a new vehicle purchase; existing customer over 5 years. Ref-900380.,No,false,No
APP-200381,TWN,Rental,2021-02-04,2024-02-21 00:00:00,43.0,78505.0,758,182111.36,2,0.882,3.15,"$5,337.74",Salaried,Home,North,Single,BR-020,Borrower needs financing for tuition and education costs; first-time applicant. Ref-900381.,No,false,No
APP-200382,TWN,n/a,2024-07-23,2023/09/08,26.0,28312.0,692,60827.95,0,0.716,6.0,"$1,741.44",Salaried,Travel,North,Divorced,BR-022,Borrower seeks a loan to cover home renovation and repairs; first-time applicant. Ref-900382.,No,false,No
APP-200383,TWN,,2022-01-28,06/26/2021,41.0,NA,618,89284.19,2,0.274,0.66,"$2,289.57",Self-employed,Home,North,Married,BR-021,Customer applies for credit toward a new vehicle purchase; stable employment history. Ref-900383.,Yes,false,Yes
APP-200384,TWN,Dividend,2024-04-15,22-01-2024,62.0,64061.0,601,94444.47,0,0.302,2.37,"$2,748.01",Salaried,Car,North,Married,BR-005,Customer requests funding for tuition and education costs; moderate credit risk profile. Ref-900384.,Yes,false,No
APP-200385,TWN,n/a,2022-02-28,05/01/2024,51.0,33462.0,657,47715.65,1,0.513,4.65,"$1,317.23",Retired,Medical,North,Married,BR-022,Customer needs financing for tuition and education costs; stable employment history. Ref-900385.,No,true,No
APP-200386,TWN,Freelance,2024-05-21,05-08-2023,48.0,117312.0,676,91758.15,0,0.272,8.81,"$2,701.11",Contract,Business,South,Divorced,BR-025,Customer seeks a loan to cover expanding a small business; stable employment history. Ref-900386.,Yes,false,No
APP-200387,TWN,Dividend,2024-12-20,2023-03-14 00:00:00,47.0,106618.0,629,210164.07,0,0.616,7.61,"$5,381.01",Salaried,Home,North,Married,BR-032,Customer applies for credit toward medical expenses; good repayment record. Ref-900387.,No,false,Yes
APP-200388,TWN,?,2024-09-06,2023-08-22 00:00:00,41.0,43251.0,717,105385.05,0,0.567,8.29,"$2,921.32",Self-employed,Education,North,Single,BR-042,Borrower seeks a loan to cover medical expenses; first-time applicant. Ref-900388.,Yes,false,No
APP-200389,TWN,Pension,2021-11-29,18-09-2023,52.0,180241.0,582,109448.56,3,0.146,7.61,"$2,929.21",Salaried,Car,North,Married,BR-043,Client applies for credit toward a family vacation abroad; stable employment history. Ref-900389.,Yes,true,No
APP-200390,TWN,n/a,2023-01-26,2021/06/11,38.0,null,677,66134.51,2,0.704,7.08,"$1,830.75",Salaried,Home,North,Divorced,BR-019,Applicant requests funding for tuition and education costs; stable employment history. Ref-900390.,Yes,false,No
APP-200391,TWN,n/a,2021-03-10,22-08-2021,35.0,70032.0,678,55941.93,0,0.222,8.5,"$1,703.75",Salaried,Travel,North,Married,BR-010,Client needs financing for a new vehicle purchase; stable employment history. Ref-900391.,No,true,No
APP-200392,TWN,n/a,2022-01-25,12-02-2022,41.0,108144.0,549,263975.44,2,0.856,6.81,"$7,728.41",Salaried,Car,North,Single,BR-022,Borrower requests funding for tuition and education costs; stable employment history. Ref-900392.,Yes,false,Yes
APP-200393,TWN,null,2022-09-01,21-11-2022,51.0,,699,36480.22,1,0.749,7.36,"$1,090.50",Salaried,Education,North,Single,BR-009,Borrower seeks a loan to cover expanding a small business; good repayment record. Ref-900393.,No,false,Yes
APP-200394,TWN,,2021-02-22,2022/07/24,44.0,98788.0,591,65675.26,1,0.163,3.02,"$1,947.69",Salaried,Medical,North,Married,BR-013,Borrower applies for credit toward a new vehicle purchase; existing customer over 5 years. Ref-900394.,No,false,No
APP-200395,TWN,Freelance,NA,10/19/2023,48.0,57968.0,506,103732.77,4,0.382,1.68,"$2,629.00",Salaried,Home,North,Married,BR-033,Borrower seeks a loan to cover expanding a small business; existing customer over 5 years. Ref-900395.,No,false,Yes
APP-200396,TWN,n/a,n/a,10-06-2023,18.0,59406.0,636,65488.62,2,0.228,7.57,"$1,899.61",Salaried,Home,North,Single,BR-038,Applicant seeks a loan to cover medical expenses; moderate credit risk profile. Ref-900396.,No,true,No
APP-200397,TWN,?,2021-08-12,03/10/2024,54.0,34946.0,662,35581.1,2,0.291,1.66,"$1,036.58",,Car,North,Married,BR-042,Applicant applies for credit toward tuition and education costs; first-time applicant. Ref-900397.,Yes,true,No
APP-200398,TWN,Pension,2023-08-09,2021-11-05 00:00:00,68.0,70669.0,740,153209.35,0,0.791,9.19,"$4,475.03",-,Business,North,Married,BR-041,Customer seeks a loan to cover home renovation and repairs; stable employment history. Ref-900398.,No,false,No
APP-200399,TWN,Freelance,2024-05-10,22-03-2024,56.0,34376.0,644,51953.12,3,0.544,5.97,"$1,371.75",?,Business,North,Married,BR-006,Borrower seeks a loan to cover expanding a small business; moderate credit risk profile. Ref-900399.,No,false,Yes
APP-200400,TWN,Dividend,2024-12-26,2021-11-22 00:00:00,36.0,36893.0,779,104058.38,1,0.897,3.29,"$2,817.58",Salaried,Education,North,Divorced,BR-026,Borrower requests funding for medical expenses; existing customer over 5 years. Ref-900400.,Yes,false,No
APP-200401,TWN,null,2021-10-14,11/14/2021,30.0,47865.0,777,133602.6,0,0.56,9.37,"$3,820.84",Salaried,Car,North,Single,BR-017,Borrower needs financing for medical expenses; existing customer over 5 years. Ref-900401.,Yes,false,No
APP-200402,TWN,,2024-02-08,2024/08/29,43.0,32414.0,753,85350.81,0,0.656,1.55,"$2,262.69",Unemployed,Car,North,Married,BR-020,Client requests funding for medical expenses; existing customer over 5 years. Ref-900402.,No,true,No
APP-200403,TWN,-,2023-10-26,2024-04-30 00:00:00,28.0,131448.0,769,200559.64,3,0.35,5.14,"$5,577.54",Salaried,Car,North,Married,BR-009,Borrower applies for credit toward expanding a small business; moderate credit risk profile. Ref-900403.,No,true,Yes
APP-200404,TWN,,2024-04-02,02-06-2021,49.0,30811.0,702,85094.17,0,0.639,0.92,"$2,322.12",Salaried,Car,North,Married,BR-007,Customer needs financing for a family vacation abroad; first-time applicant. Ref-900404.,No,true,Yes
APP-200405,TWN,-,2021-08-25,2023-04-10 00:00:00,34.0,41053.0,640,27923.06,0,0.154,9.65,$709.82,Salaried,Car,North,Widowed,BR-033,Borrower requests funding for tuition and education costs; stable employment history. Ref-900405.,No,false,No
APP-200406,TWN,Dividend,2022-12-01,21-10-2024,52.0,51114.0,723,124688.28,0,0.505,5.75,"$3,167.12",Unemployed,Car,North,Single,BR-028,Customer requests funding for tuition and education costs; good repayment record. Ref-900406.,Yes,false,No
APP-200407,TWN,Freelance,2024-07-11,04-09-2023,56.0,59981.0,745,83820.62,0,0.42,8.04,"$2,191.27",Salaried,Car,North,Married,BR-003,Client needs financing for a new vehicle purchase; existing customer over 5 years. Ref-900407.,No,false,No
APP-200408,TWN,n/a,2023-04-19,27-03-2023,18.0,88980.0,694,237061.05,1,0.715,2.82,"$6,524.78",Salaried,Medical,North,Single,BR-009,Applicant requests funding for a family vacation abroad; first-time applicant. Ref-900408.,No,true,No
APP-200409,TWN,null,2021-10-21,2024/05/28,?,90143.0,661,51763.84,3,0.155,8.02,"$1,557.31",Contract,Business,North,Single,BR-038,Applicant seeks a loan to cover tuition and education costs; first-time applicant. Ref-900409.,Yes,false,No
APP-200410,TWN,n/a,2021-01-01,2023-05-21 00:00:00,-,51461.0,570,99731.58,0,0.494,7.03,"$2,915.90",Salaried,Business,North,Married,BR-013,Customer requests funding for home renovation and repairs; good repayment record. Ref-900410.,No,false,No
APP-200411,TWN,NA,2023-12-04,2022/08/15,23.0,49413.0,725,33304.05,0,0.241,6.44,$889.49,Salaried,Home,North,Single,BR-026,Applicant needs financing for a family vacation abroad; first-time applicant. Ref-900411.,Yes,false,No
APP-200412,TWN,Dividend,n/a,08/28/2024,33.0,-,702,75347.1,1,0.319,9.51,"$2,212.56",Salaried,Education,North,Widowed,BR-016,Client requests funding for home renovation and repairs; existing customer over 5 years. Ref-900412.,No,false,No
APP-200413,TWN,Rental,2024-05-09,09/04/2024,37.0,90311.0,588,172653.13,1,0.442,4.33,"$5,091.84",Salaried,Home,North,Married,BR-031,Customer applies for credit toward a family vacation abroad; moderate credit risk profile. Ref-900413.,No,true,No
APP-200414,TWN,?,2023-08-19,2024/09/12,52.0,84859.0,685,71907.08,2,0.217,4.15,"$2,168.41",Self-employed,Business,North,Married,BR-012,Customer applies for credit toward home renovation and repairs; moderate credit risk profile. Ref-900414.,Yes,false,No
APP-200415,TWN,Dividend,2022-01-08,07/10/2024,22.0,46250.0,728,103397.91,1,0.558,6.92,"$2,988.12",Contract,Car,North,Married,BR-003,Client seeks a loan to cover expanding a small business; moderate credit risk profile. Ref-900415.,Yes,false,Yes
APP-200416,TWN,n/a,2021-11-06,16-01-2022,53.0,21384.0,670,38104.91,0,0.48,8.35,"$1,083.28",Self-employed,Home,North,Divorced,BR-032,Applicant applies for credit toward expanding a small business; existing customer over 5 years. Ref-900416.,Yes,false,No
APP-200417,TWN,n/a,2021-05-16,03/25/2024,64.0,174823.0,732,185169.65,0,0.292,3.35,"$5,319.00",Salaried,Medical,North,Married,BR-025,Customer seeks a loan to cover medical expenses; good repayment record. Ref-900417.,Yes,false,No
APP-200418,TWN,Pension,2022-05-10,2022-04-14 00:00:00,47.0,96348.0,730,177741.43,0,0.453,6.7,"$4,517.57",Contract,Education,North,Married,BR-028,Applicant seeks a loan to cover tuition and education costs; good repayment record. Ref-900418.,Yes,true,No
APP-200419,TWN,n/a,2023-05-06,07/09/2022,47.0,68299.0,576,110276.83,1,0.526,2.09,"$3,121.63",Self-employed,Home,North,Married,BR-021,Client applies for credit toward tuition and education costs; moderate credit risk profile. Ref-900419.,No,false,No
APP-200420,TWN,NA,2022-03-24,04/26/2023,,NA,657,41465.05,2,0.135,5.52,"$1,046.35",Salaried,Business,North,Single,BR-039,Customer needs financing for a family vacation abroad; existing customer over 5 years. Ref-900420.,No,false,No
APP-200421,TWN,,2022-12-30,02/11/2023,26.0,46129.0,711,104886.02,1,0.868,7.69,"$2,991.53",Salaried,Home,North,Single,BR-044,Borrower needs financing for tuition and education costs; moderate credit risk profile. Ref-900421.,Yes,false,No
APP-200422,TWN,null,2023-07-07,11-07-2024,46.0,36296.0,741,82992.0,0,0.861,0.65,"$2,382.11",Retired,Business,North,Married,BR-035,Applicant requests funding for expanding a small business; existing customer over 5 years. Ref-900422.,Yes,false,Yes
APP-200423,TWN,Pension,2022-12-01,10-09-2021,45.0,50704.0,775,140720.91,1,0.829,7.28,"$3,813.26",Salaried,Travel,North,Married,BR-020,Customer applies for credit toward a new vehicle purchase; stable employment history. Ref-900423.,No,false,Yes
APP-200424,TWN,Pension,2021-12-31,24-05-2023,49.0,NA,545,152889.39,0,0.988,0.15,"$3,969.84",Contract,Car,North,Married,BR-037,Applicant seeks a loan to cover tuition and education costs; first-time applicant. Ref-900424.,No,true,No
APP-200425,TWN,,2024-02-15,01/14/2024,71.0,43799.0,673,62452.64,0,0.346,9.58,"$1,740.15",Salaried,Education,North,Single,BR-023,Client needs financing for medical expenses; existing customer over 5 years. Ref-900425.,Yes,false,Yes
APP-200426,TWN,Freelance,2023-11-15,2022/10/03,49.0,28895.0,727,60903.79,0,0.544,4.69,"$1,575.58",Salaried,Car,North,Married,BR-012,Client needs financing for a family vacation abroad; stable employment history. Ref-900426.,No,false,No
APP-200427,TWN,null,2022-11-08,2024/07/24,null,51211.0,762,103415.59,1,0.771,4.09,"$2,804.55",Self-employed,Car,North,Married,BR-038,Borrower needs financing for home renovation and repairs; good repayment record. Ref-900427.,No,true,No
APP-200428,TWN,Freelance,NA,2024/01/03,59.0,null,794,50401.75,0,0.186,7.2,"$1,457.70",Unemployed,Business,North,Married,BR-027,Applicant seeks a loan to cover home renovation and repairs; existing customer over 5 years. Ref-900428.,No,true,No
APP-200429,TWN,n/a,2022-12-27,2021-08-23 00:00:00,24.0,46749.0,613,107973.19,2,0.804,5.23,"$2,718.58",Contract,Medical,North,Married,BR-034,Client applies for credit toward a new vehicle purchase; existing customer over 5 years. Ref-900429.,Yes,false,Yes
APP-200430,TWN,,2022-06-11,10-08-2021,26.0,60536.0,652,71515.46,0,0.428,7.31,"$2,159.60",Salaried,Car,North,Married,BR-039,Client seeks a loan to cover a new vehicle purchase; existing customer over 5 years. Ref-900430.,Yes,false,Yes
APP-200431,TWN,?,2022-12-13,2023/12/24,35.0,21261.0,605,33213.02,0,0.532,0.85,$993.94,Contract,Business,North,Married,BR-026,Client seeks a loan to cover home renovation and repairs; existing customer over 5 years. Ref-900431.,No,true,Yes
APP-200432,TWN,null,2021-07-02,05-07-2022,32.0,53970.0,734,110727.38,0,0.596,5.63,"$2,993.35",,Car,North,Married,BR-027,Client seeks a loan to cover a family vacation abroad; stable employment history. Ref-900432.,Yes,true,No
APP-200433,TWN,,2022-10-26,10/11/2023,48.0,56332.0,586,99206.74,0,0.486,5.58,"$2,933.65",Salaried,Medical,South,Married,BR-009,Customer requests funding for a new vehicle purchase; good repayment record. Ref-900433.,No,true,No
APP-200434,TWN,Pension,2021-03-16,17-01-2024,36.0,32434.0,760,38916.96,2,0.254,9.32,"$1,149.50",Salaried,Car,South,Married,BR-012,Borrower needs financing for a family vacation abroad; good repayment record. Ref-900434.,No,false,Yes
APP-200435,TWN,Pension,2022-08-16,02/23/2021,61.0,25216.0,743,67650.8,1,1.001,0.4,"$1,958.10",Unemployed,Business,North,Married,BR-010,Applicant requests funding for expanding a small business; first-time applicant. Ref-900435.,No,false,Yes
APP-200436,TWN,Dividend,?,29-10-2023,?,73564.0,712,54032.08,2,0.249,4.53,"$1,476.62",Salaried,Home,North,Married,BR-033,Customer needs financing for a family vacation abroad; first-time applicant. Ref-900436.,Yes,false,No
APP-200437,TWN,Dividend,2021-08-23,2024/08/31,49.0,39942.0,528,80160.05,2,0.427,6.31,"$2,165.32",NA,Car,North,Single,BR-002,Applicant seeks a loan to cover expanding a small business; moderate credit risk profile. Ref-900437.,Yes,true,No
APP-200438,TWN,?,2021-07-06,2024/04/21,35.0,76434.0,631,73543.84,2,0.353,5.51,"$1,921.67",Contract,Home,North,Married,BR-017,Borrower applies for credit toward medical expenses; existing customer over 5 years. Ref-900438.,No,true,Yes
APP-200439,TWN,NA,2022-03-08,12/01/2022,47.0,null,730,136464.03,2,0.723,0.74,"$4,019.99",Retired,Home,North,Divorced,BR-017,Customer requests funding for tuition and education costs; stable employment history. Ref-900439.,Yes,false,No
APP-200440,TWN,Dividend,2024-08-15,26-11-2022,50.0,81765.0,580,232304.06,1,1.052,5.93,"$6,674.49",Salaried,Car,North,Married,BR-029,Applicant needs financing for medical expenses; stable employment history. Ref-900440.,No,false,Yes
APP-200441,TWN,null,2022-01-22,01/29/2022,27.0,50544.0,661,115449.61,3,0.525,2.22,"$3,506.93",Contract,Home,North,Married,BR-040,Customer needs financing for a family vacation abroad; moderate credit risk profile. Ref-900441.,No,true,No
APP-200442,TWN,null,2024-10-06,2022-12-29 00:00:00,NA,-,671,76403.08,0,0.554,1.96,"$2,172.66",Self-employed,Home,North,Married,BR-038,Applicant requests funding for home renovation and repairs; first-time applicant. Ref-900442.,Yes,true,No
APP-200443,TWN,Rental,2021-12-29,2021/02/14,48.0,57341.0,739,138532.29,1,0.898,8.79,"$3,466.49",Self-employed,Car,North,Married,BR-038,Borrower applies for credit toward expanding a small business; first-time applicant. Ref-900443.,No,true,No
APP-200444,TWN,,2021-03-25,2021-10-09 00:00:00,43.0,50811.0,697,108493.77,1,0.807,1.98,"$2,833.12",Salaried,Medical,North,Married,BR-024,Borrower applies for credit toward tuition and education costs; first-time applicant. Ref-900444.,No,false,No
APP-200445,TWN,?,2024-02-17,2024-02-16 00:00:00,59.0,n/a,697,197024.25,0,0.707,4.54,"$4,974.60",Retired,Car,North,Married,BR-018,Applicant needs financing for home renovation and repairs; first-time applicant. Ref-900445.,No,true,No
APP-200446,TWN,,2021-06-23,2022/04/01,55.0,47796.0,647,132724.66,1,1.063,7.5,"$3,532.06",Retired,Home,North,Married,BR-021,Customer seeks a loan to cover a family vacation abroad; good repayment record. Ref-900446.,Yes,false,No
APP-200447,TWN,Pension,2021-06-16,09-05-2022,30.0,49191.0,678,51265.65,2,0.227,7.07,"$1,445.14",Salaried,Car,West,Married,BR-003,Applicant applies for credit toward expanding a small business; stable employment history. Ref-900447.,No,false,No
APP-200448,TWN,Dividend,2023-02-19,17-10-2023,41.0,92036.0,669,213819.4,3,0.534,5.53,"$6,000.85",Contract,Car,North,Divorced,BR-022,Client needs financing for expanding a small business; existing customer over 5 years. Ref-900448.,Yes,true,No
APP-200449,TWN,,2021-10-27,2023-01-20 00:00:00,30.0,107275.0,728,101739.83,2,0.374,8.07,"$2,885.86",Salaried,Home,North,Married,BR-012,Borrower requests funding for medical expenses; existing customer over 5 years. Ref-900449.,Yes,false,No
APP-200450,TWN,Dividend,2023-06-02,2022-10-13 00:00:00,47.0,87529.0,665,144624.36,0,0.641,4.66,"$3,910.96",Salaried,Car,North,Married,BR-029,Borrower requests funding for tuition and education costs; existing customer over 5 years. Ref-900450.,No,false,No
APP-200451,TWN,Rental,2023-02-08,10/12/2021,30.0,100599.0,749,135768.59,0,0.457,6.2,"$4,083.58",Salaried,Car,North,Single,BR-041,Borrower applies for credit toward a family vacation abroad; existing customer over 5 years. Ref-900451.,No,true,No
APP-200452,TWN,,2023-11-09,2022/05/12,51.0,75140.0,560,156633.03,2,0.557,8.19,"$4,296.21",Contract,Car,North,Married,BR-042,Client requests funding for home renovation and repairs; moderate credit risk profile. Ref-900452.,Yes,true,Yes
APP-200453,TWN,n/a,2022-04-02,2023-06-06 00:00:00,45.0,88007.0,761,184589.01,1,0.719,6.78,"$4,857.06",Self-employed,Education,North,Married,BR-030,Customer seeks a loan to cover a new vehicle purchase; moderate credit risk profile. Ref-900453.,No,false,No
APP-200454,TWN,?,2022-02-13,2023/06/16,52.0,null,666,255981.46,1,0.551,6.42,"$6,986.81",Salaried,Travel,North,Married,BR-023,Applicant requests funding for home renovation and repairs; first-time applicant. Ref-900454.,Yes,false,No
APP-200455,TWN,Pension,2021-12-17,2022/08/03,38.0,?,756,190449.11,1,0.704,4.06,"$5,168.80",Contract,Travel,North,Married,BR-003,Customer applies for credit toward a new vehicle purchase; moderate credit risk profile. Ref-900455.,Yes,false,No
APP-200456,TWN,n/a,2023-12-30,20-09-2023,23.0,61788.0,684,40956.97,2,0.246,5.58,"$1,064.88",Salaried,Education,West,Single,BR-029,Client needs financing for a new vehicle purchase; existing customer over 5 years. Ref-900456.,No,false,No
APP-200457,TWN,-,2022-06-30,2024-03-23 00:00:00,61.0,64285.0,737,59974.8,0,0.229,3.96,"$1,690.41",Self-employed,Car,South,Married,BR-030,Customer requests funding for home renovation and repairs; good repayment record. Ref-900457.,Yes,false,No
APP-200458,TWN,Freelance,2024-05-29,2021/05/16,38.0,199272.0,781,121928.31,1,0.138,7.44,"$3,405.81",Salaried,Home,North,Married,BR-031,Borrower seeks a loan to cover a family vacation abroad; good repayment record. Ref-900458.,No,true,No
APP-200459,TWN,Dividend,2023-01-03,2023-08-31 00:00:00,57.0,60285.0,639,137209.98,1,0.679,3.8,"$3,441.63",Retired,Car,North,Married,BR-007,Client seeks a loan to cover a family vacation abroad; stable employment history. Ref-900459.,Yes,false,Yes
APP-200460,TWN,Pension,2024-03-05,11/14/2023,?,53188.0,683,72634.75,1,0.457,4.67,"$1,936.69",Salaried,Home,North,Married,BR-036,Applicant requests funding for home renovation and repairs; good repayment record. Ref-900460.,Yes,true,No
APP-200461,TWN,-,2023-09-12,2023/11/20,,,666,146600.56,1,0.77,7.55,"$3,760.32",Contract,Education,North,Single,BR-005,Customer requests funding for tuition and education costs; existing customer over 5 years. Ref-900461.,No,false,No
APP-200462,TWN,n/a,2023-10-09,02/22/2022,62.0,58884.0,692,60991.35,0,0.377,5.04,"$1,639.69",Unemployed,Home,North,Married,BR-005,Applicant needs financing for home renovation and repairs; good repayment record. Ref-900462.,Yes,false,No
APP-200463,TWN,NA,2024-11-20,2022/01/02,44.0,67650.0,566,195590.18,2,1.103,3.38,"$5,072.17",Self-employed,Education,North,Married,BR-017,Borrower applies for credit toward a family vacation abroad; moderate credit risk profile. Ref-900463.,No,false,No
APP-200464,TWN,Freelance,2022-10-24,10/02/2022,57.0,34011.0,666,81331.36,1,0.582,8.27,"$2,063.92",Contract,Home,North,Married,BR-026,Customer needs financing for a new vehicle purchase; good repayment record. Ref-900464.,No,false,Yes
APP-200465,TWN,null,2024-05-29,04-04-2021,22.0,22242.0,661,53503.43,2,0.666,3.81,"$1,448.12",Salaried,Home,North,Divorced,BR-003,Applicant needs financing for a new vehicle purchase; moderate credit risk profile. Ref-900465.,No,false,Yes
APP-200466,TWN,Pension,2024-04-18,21-03-2022,50.0,69399.0,623,140118.16,2,0.741,8.45,"$3,534.90",Salaried,Home,North,Single,BR-006,Applicant seeks a loan to cover medical expenses; existing customer over 5 years. Ref-900466.,Yes,false,No
APP-200467,TWN,Dividend,2022-09-20,2024/07/08,37.0,26822.0,664,72735.07,0,0.815,7.85,"$1,845.51",Self-employed,Car,South,Married,BR-010,Borrower seeks a loan to cover a family vacation abroad; existing customer over 5 years. Ref-900467.,Yes,true,Yes
APP-200468,TWN,n/a,2023-10-14,2024-05-03 00:00:00,38.0,68143.0,571,73991.08,0,0.379,4.47,"$2,147.49",Self-employed,Home,North,Married,BR-002,Customer applies for credit toward home renovation and repairs; first-time applicant. Ref-900468.,No,false,No
APP-200469,TWN,null,2022-10-22,2024/09/28,40.0,64235.0,774,171657.13,0,0.702,7.13,"$4,504.94",Retired,Home,North,Married,BR-011,Applicant applies for credit toward tuition and education costs; existing customer over 5 years. Ref-900469.,Yes,false,Yes
APP-200470,TWN,n/a,2023-09-01,2021/02/10,44.0,106559.0,709,287940.43,0,0.982,0.34,"$8,422.87",Salaried,Home,North,Married,BR-007,Client needs financing for home renovation and repairs; stable employment history. Ref-900470.,No,true,No
APP-200471,TWN,Pension,2022-08-30,2023-07-29 00:00:00,60.0,138012.0,808,278244.65,1,0.74,3.9,"$7,598.27",Salaried,Home,North,Single,BR-012,Client requests funding for a new vehicle purchase; first-time applicant. Ref-900471.,No,false,No
APP-200472,TWN,-,2022-12-21,2021-03-23 00:00:00,18.0,71958.0,617,154951.05,1,0.764,8.6,"$4,363.67",Salaried,Home,North,Single,BR-045,Applicant requests funding for home renovation and repairs; good repayment record. Ref-900472.,Yes,false,No
APP-200473,TWN,Pension,2021-12-15,09/07/2024,41.0,45389.0,597,48657.54,1,0.403,5.8,"$1,442.14",Unemployed,Home,North,Single,BR-011,Borrower needs financing for home renovation and repairs; good repayment record. Ref-900473.,No,false,Yes
APP-200474,TWN,,2023-07-18,2023-01-27 00:00:00,31.0,33276.0,697,57510.85,1,0.481,5.58,"$1,471.52",Salaried,Medical,North,Married,BR-028,Borrower requests funding for a family vacation abroad; existing customer over 5 years. Ref-900474.,Yes,true,No
APP-200475,TWN,?,2024-10-21,29-10-2023,54.0,40300.0,562,79278.58,1,0.597,6.65,"$1,992.32",Salaried,Car,North,Married,BR-026,Customer requests funding for a family vacation abroad; stable employment history. Ref-900475.,No,false,Yes
APP-200476,TWN,?,2022-06-01,2021-12-07 00:00:00,35.0,61083.0,693,78817.85,2,0.466,6.78,"$2,125.30",?,Education,North,Married,BR-036,Applicant applies for credit toward expanding a small business; moderate credit risk profile. Ref-900476.,Yes,true,No
APP-200477,TWN,Freelance,2021-04-11,2023-06-04 00:00:00,45.0,21276.0,629,12885.83,0,0.209,5.84,$390.40,Self-employed,Education,North,Single,BR-032,Client needs financing for a new vehicle purchase; stable employment history. Ref-900477.,Yes,false,Yes
APP-200478,TWN,?,2023-10-31,05/17/2024,,62170.0,655,178677.2,2,0.883,4.21,"$4,823.19",Salaried,Education,North,Married,BR-027,Client needs financing for a family vacation abroad; stable employment history. Ref-900478.,Yes,true,No
APP-200479,TWN,NA,2021-10-27,09/04/2022,48.0,n/a,695,149670.17,0,0.521,1.83,"$4,082.04",Self-employed,Education,North,Widowed,BR-018,Client needs financing for tuition and education costs; good repayment record. Ref-900479.,No,false,Yes
APP-200480,TWN,?,2023-10-14,03/02/2024,52.0,82638.0,681,116759.05,1,0.344,2.93,"$3,312.97",Salaried,Business,North,Married,BR-029,Applicant applies for credit toward a new vehicle purchase; good repayment record. Ref-900480.,Yes,true,No
APP-200481,TWN,?,2023-08-25,2022-06-04 00:00:00,35.0,50650.0,806,92701.49,0,0.532,2.93,"$2,318.23",Unemployed,Home,North,Married,BR-021,Customer needs financing for a new vehicle purchase; first-time applicant. Ref-900481.,No,true,No
APP-200482,TWN,n/a,2024-10-17,11/26/2021,41.0,63008.0,721,124613.42,0,0.693,4.31,"$3,525.56",Contract,Car,North,Single,BR-016,Borrower requests funding for medical expenses; stable employment history. Ref-900482.,No,false,Yes
APP-200483,TWN,null,2023-05-11,2022-12-16 00:00:00,23.0,41437.0,588,119955.96,2,1.103,9.99,"$3,436.65",Contract,Home,North,Separated,BR-037,Applicant seeks a loan to cover tuition and education costs; moderate credit risk profile. Ref-900483.,Yes,false,Yes
APP-200484,TWN,n/a,2021-06-25,2023-09-25 00:00:00,44.0,47476.0,745,90019.8,1,0.753,3.53,"$2,705.06",NA,Car,North,Widowed,BR-030,Client needs financing for medical expenses; stable employment history. Ref-900484.,No,false,Yes
APP-200485,TWN,Dividend,2022-02-11,2021/11/21,135.0,24671.0,585,56961.03,2,0.639,4.47,"$1,628.18",Salaried,Business,North,Widowed,BR-033,Borrower seeks a loan to cover expanding a small business; existing customer over 5 years. Ref-900485.,Yes,false,Yes
APP-200486,TWN,Rental,2022-02-01,02-02-2023,33.0,63692.0,684,159731.43,2,0.986,3.72,"$4,584.79",Salaried,Car,North,Married,BR-013,Borrower requests funding for expanding a small business; moderate credit risk profile. Ref-900486.,No,false,No
APP-200487,TWN,?,2024-09-29,09/17/2022,53.0,129881.0,591,97572.64,1,0.208,5.81,"$2,490.20",Salaried,Business,North,Single,BR-003,Borrower seeks a loan to cover a new vehicle purchase; stable employment history. Ref-900487.,No,false,No
APP-200488,TWN,Rental,2024-06-09,2024-06-07 00:00:00,18.0,64946.0,620,126944.02,0,0.462,9.48,"$3,487.19",Salaried,Education,North,Married,BR-025,Applicant needs financing for medical expenses; good repayment record. Ref-900488.,No,false,Yes
APP-200489,TWN,n/a,2022-08-21,2023/01/12,18.0,?,768,203086.37,0,1.09,8.89,"$5,314.68",Salaried,Home,North,Single,BR-019,Client seeks a loan to cover a family vacation abroad; good repayment record. Ref-900489.,No,false,Yes
APP-200490,TWN,null,2024-07-04,2021/01/24,23.0,36651.0,639,93825.61,0,0.566,3.77,"$2,504.53",Salaried,Home,North,Married,BR-024,Client needs financing for tuition and education costs; existing customer over 5 years. Ref-900490.,Yes,true,No
APP-200491,TWN,Freelance,2023-05-21,2021/02/15,34.0,122473.0,633,343519.36,3,0.828,2.67,"$8,730.51",Salaried,Education,North,Married,BR-002,Borrower needs financing for tuition and education costs; good repayment record. Ref-900491.,No,true,No
APP-200492,TWN,null,2022-04-05,2023/01/12,40.0,40802.0,639,36956.15,1,0.322,8.84,"$1,003.38",Contract,Travel,North,Married,BR-025,Client applies for credit toward a new vehicle purchase; moderate credit risk profile. Ref-900492.,No,true,No
APP-200493,TWN,n/a,2021-05-13,2022-07-29 00:00:00,39.0,89401.0,656,218508.55,1,0.795,4.94,"$5,644.77",Contract,Home,North,Married,BR-027,Customer applies for credit toward expanding a small business; moderate credit risk profile. Ref-900493.,No,false,No
APP-200494,TWN,,2024-08-26,11-04-2021,39.0,63175.0,777,75654.16,2,0.443,6.86,"$2,018.51",Contract,Travel,North,Single,BR-006,Client applies for credit toward expanding a small business; first-time applicant. Ref-900494.,No,false,No
APP-200495,TWN,-,2024-07-24,2022-02-20 00:00:00,null,37066.0,596,99691.73,0,0.823,0.73,"$2,510.80",Self-employed,Education,North,Married,BR-037,Applicant requests funding for home renovation and repairs; stable employment history. Ref-900495.,No,false,No
APP-200496,TWN,n/a,2023-12-27,2022-05-17 00:00:00,34.0,100067.0,592,246236.7,3,0.711,8.67,"$7,489.58",Salaried,Home,North,Married,BR-024,Applicant seeks a loan to cover a new vehicle purchase; moderate credit risk profile. Ref-900496.,No,false,Yes
APP-200497,TWN,Rental,2021-05-31,07/15/2023,25.0,?,718,86736.04,1,0.385,3.13,"$2,365.88",Salaried,Home,North,Married,BR-038,Applicant requests funding for a family vacation abroad; moderate credit risk profile. Ref-900497.,No,false,No
APP-200498,TWN,Freelance,2023-03-26,10/31/2021,25.0,65471.0,567,127558.11,1,0.633,4.95,"$3,425.03",Salaried,Business,West,Married,BR-013,Borrower needs financing for home renovation and repairs; moderate credit risk profile. Ref-900498.,No,false,Yes
APP-200499,TWN,-,2022-07-30,31-03-2024,65.0,75062.0,652,125625.55,1,0.524,1.98,"$3,620.48",Self-employed,Business,North,Married,BR-035,Customer needs financing for tuition and education costs; existing customer over 5 years. Ref-900499.,Yes,false,No
APP-200500,TWN,-,2023-09-24,10/03/2023,18.0,NA,756,169019.25,0,0.861,4.2,"$4,930.04",Retired,Education,North,Married,BR-001,Borrower applies for credit toward expanding a small business; existing customer over 5 years. Ref-900500.,Yes,false,No
APP-200501,TWN,?,2024-07-16,06/17/2023,38.0,49545.0,677,93375.12,0,0.633,8.28,"$2,686.54",Salaried,Travel,North,Single,BR-013,Applicant needs financing for a new vehicle purchase; moderate credit risk profile. Ref-900501.,Yes,true,No
APP-200502,TWN,n/a,2023-02-21,2023/11/04,199.0,?,644,52450.54,3,0.209,8.28,"$1,403.30",Salaried,Medical,North,Single,BR-035,Client needs financing for tuition and education costs; moderate credit risk profile. Ref-900502.,No,false,Yes
APP-200503,TWN,?,2024-10-11,2023-08-28 00:00:00,46.0,48904.0,628,89915.45,0,0.623,4.74,"$2,519.91",Contract,Travel,North,Married,BR-024,Borrower applies for credit toward a family vacation abroad; first-time applicant. Ref-900503.,Yes,false,No
APP-200504,TWN,Dividend,2021-10-10,23-05-2021,30.0,61863.0,614,33901.15,0,0.164,7.68,$928.54,Salaried,Car,North,Married,BR-006,Customer seeks a loan to cover home renovation and repairs; stable employment history. Ref-900504.,No,true,No
APP-200505,TWN,n/a,2024-08-12,06/16/2023,40.0,?,636,36023.51,2,0.298,4.58,"$1,051.68",NA,Car,North,Married,BR-025,Borrower applies for credit toward a new vehicle purchase; stable employment history. Ref-900505.,No,false,No
APP-200506,TWN,-,2024-06-28,2021-10-25 00:00:00,50.0,28423.0,687,49090.76,1,0.416,3.73,"$1,334.21",Retired,Car,North,Married,BR-043,Applicant applies for credit toward a new vehicle purchase; stable employment history. Ref-900506.,Yes,false,Yes
APP-200507,TWN,NA,2024-04-23,10-01-2022,54.0,42762.0,763,70714.3,4,0.45,5.46,"$2,130.61",Salaried,Home,North,Single,BR-005,Customer needs financing for a new vehicle purchase; existing customer over 5 years. Ref-900507.,No,false,No
APP-200508,TWN,Freelance,2024-10-22,01-03-2024,29.0,46743.0,744,31432.12,2,0.176,2.01,$857.92,Salaried,Car,North,Single,BR-023,Client seeks a loan to cover home renovation and repairs; stable employment history. Ref-900508.,Yes,true,Yes
APP-200509,TWN,-,2021-12-07,2022/07/04,49.0,60319.0,638,81509.59,0,0.508,3.17,"$2,137.23",-,Home,North,Married,BR-018,Client needs financing for medical expenses; stable employment history. Ref-900509.,Yes,true,Yes
APP-200510,TWN,,2021-10-09,21-02-2024,43.0,108250.0,626,131802.35,0,0.385,7.07,"$3,931.10",Salaried,Travel,North,Married,BR-017,Applicant needs financing for home renovation and repairs; stable employment history. Ref-900510.,Yes,false,Yes
APP-200511,TWN,null,2021-02-16,2024/05/17,53.0,25726.0,725,31301.33,1,0.472,7.71,$794.29,Unemployed,Education,East,Married,BR-015,Applicant requests funding for a family vacation abroad; good repayment record. Ref-900511.,No,false,No
APP-200512,TWN,null,2024-01-11,12/30/2021,57.0,63850.0,551,102645.32,3,0.501,0.57,"$3,132.83",Self-employed,Travel,North,Married,BR-002,Customer needs financing for tuition and education costs; first-time applicant. Ref-900512.,No,true,No
APP-200513,TWN,,2022-10-22,2024-10-13 00:00:00,36.0,19812.0,647,11617.56,1,0.227,7.33,$354.32,Salaried,Home,North,Widowed,BR-029,Applicant requests funding for expanding a small business; moderate credit risk profile. Ref-900513.,No,false,No
APP-200514,TWN,NA,2022-03-03,2022-10-13 00:00:00,23.0,35492.0,654,20640.6,0,0.202,8.17,$572.44,Salaried,Education,North,Married,BR-001,Customer applies for credit toward a new vehicle purchase; stable employment history. Ref-900514.,No,true,Yes
APP-200515,TWN,NA,2021-04-03,22-09-2021,-,46466.0,600,50533.72,1,0.412,4.45,"$1,352.63",n/a,Car,North,Married,BR-002,Applicant seeks a loan to cover home renovation and repairs; stable employment history. Ref-900515.,Yes,true,No
APP-200516,TWN,Freelance,2022-01-21,2022-02-19 00:00:00,61.0,5000000.0,608,11454049.87,2,0.595,0.62,"$293,539.22",Salaried,Business,North,Married,BR-031,Applicant seeks a loan to cover a family vacation abroad; first-time applicant. Ref-900516.,Yes,false,Yes
APP-200517,TWN,?,2024-11-03,16-01-2021,48.0,23651.0,701,67209.95,0,1.134,6.83,"$1,848.18",Salaried,Home,North,Married,BR-033,Borrower applies for credit toward a family vacation abroad; good repayment record. Ref-900517.,No,true,No
APP-200518,TWN,-,2021-04-14,09/08/2021,43.0,,562,154437.68,1,0.621,2.46,"$4,478.01",Salaried,Education,North,Single,BR-032,Customer applies for credit toward tuition and education costs; stable employment history. Ref-900518.,No,false,Yes
APP-200519,TWN,Rental,2021-01-12,04-11-2024,69.0,62248.0,613,43075.31,1,0.242,6.43,"$1,126.19",Salaried,Car,North,Married,BR-038,Client requests funding for expanding a small business; moderate credit risk profile. Ref-900519.,Yes,false,No
APP-200520,TWN,Freelance,2022-01-02,05-08-2021,28.0,56563.0,632,144931.02,1,0.83,3.77,"$4,176.14",Contract,Home,North,Married,BR-016,Borrower needs financing for medical expenses; existing customer over 5 years. Ref-900520.,No,true,Yes
APP-200521,TWN,-,2022-04-21,2024/06/09,51.0,?,682,102123.38,1,0.691,6.37,"$2,728.89",Salaried,Car,North,Married,BR-038,Applicant applies for credit toward a family vacation abroad; first-time applicant. Ref-900521.,No,true,Yes
APP-200522,TWN,Pension,2021-10-17,2023-08-21 00:00:00,33.0,175815.0,582,458933.57,2,0.576,2.58,"$12,854.49",Salaried,Home,North,Single,BR-039,Client applies for credit toward expanding a small business; first-time applicant. Ref-900522.,Yes,false,No
APP-200523,TWN,n/a,2021-10-24,07-06-2023,41.0,n/a,751,128046.98,0,0.485,4.77,"$3,765.64",Salaried,Home,North,Married,BR-009,Customer requests funding for a new vehicle purchase; existing customer over 5 years. Ref-900523.,No,false,Yes
APP-200524,TWN,null,2023-03-05,11-07-2024,41.0,38908.0,655,44840.25,3,0.233,5.25,"$1,241.73",Salaried,Home,North,Married,BR-014,Customer needs financing for a new vehicle purchase; moderate credit risk profile. Ref-900524.,No,false,No
APP-200525,TWN,n/a,2021-01-20,07-04-2024,58.0,138579.0,658,240778.38,0,0.539,6.31,"$6,900.06",Salaried,Business,North,Single,BR-036,Applicant needs financing for home renovation and repairs; stable employment history. Ref-900525.,No,false,No
APP-200526,TWN,Freelance,2024-12-03,01/27/2023,NA,81402.0,651,130244.55,1,0.5,2.03,"$3,507.47",Self-employed,Home,North,Married,BR-024,Customer requests funding for tuition and education costs; good repayment record. Ref-900526.,No,true,Yes
APP-200527,TWN,-,2022-12-30,05/18/2023,34.0,49738.0,630,29196.4,0,0.13,9.62,$824.35,Salaried,Business,North,Married,BR-021,Applicant seeks a loan to cover tuition and education costs; existing customer over 5 years. Ref-900527.,Yes,true,No
APP-200528,TWN,-,2022-06-21,2024/12/15,-,108699.0,608,201236.2,2,0.384,2.89,"$5,939.89",Salaried,Home,North,Married,BR-007,Client seeks a loan to cover a new vehicle purchase; moderate credit risk profile. Ref-900528.,No,false,Yes
APP-200529,TWN,,2021-04-22,2024/08/14,46.0,64753.0,755,75246.97,0,0.237,3.06,"$2,249.65",Unemployed,Business,North,Married,BR-022,Client needs financing for a new vehicle purchase; moderate credit risk profile. Ref-900529.,No,false,No
APP-200530,TWN,Freelance,2021-10-12,2022-05-06 00:00:00,35.0,-,690,237934.48,3,0.91,2.56,"$7,203.72",Self-employed,Travel,North,Married,BR-016,Borrower applies for credit toward medical expenses; good repayment record. Ref-900530.,No,true,No
APP-200531,TWN,-,2024-08-06,12/22/2021,45.0,67333.0,668,145854.77,2,0.76,0.67,"$3,878.62",Salaried,Car,North,Divorced,BR-031,Applicant seeks a loan to cover a family vacation abroad; stable employment history. Ref-900531.,No,false,No
APP-200532,TWN,n/a,2022-05-05,2021-02-23 00:00:00,27.0,35803.0,745,90383.47,1,0.959,4.23,"$2,310.74",Salaried,Business,North,Married,BR-033,Applicant requests funding for tuition and education costs; stable employment history. Ref-900532.,Yes,true,No
APP-200533,TWN,-,2023-10-01,10/11/2022,36.0,97305.0,627,56530.52,1,0.171,7.72,"$1,422.13",Salaried,Home,North,Married,BR-036,Borrower needs financing for a family vacation abroad; moderate credit risk profile. Ref-900533.,No,true,No
APP-200534,TWN,n/a,2021-08-27,06/26/2023,52.0,64876.0,719,147919.41,0,0.795,7.1,"$3,824.72",null,Home,North,Married,BR-020,Client seeks a loan to cover tuition and education costs; moderate credit risk profile. Ref-900534.,Yes,false,No
APP-200535,TWN,?,2022-06-25,07-09-2023,38.0,36145.0,677,90635.22,1,0.621,1.96,"$2,627.10",Salaried,Medical,North,Married,BR-025,Borrower seeks a loan to cover a new vehicle purchase; moderate credit risk profile. Ref-900535.,Yes,false,Yes
APP-200536,TWN,Dividend,2022-04-22,26-12-2024,48.0,40886.0,614,67622.45,3,0.347,1.37,"$1,761.43",Retired,Education,North,Divorced,BR-013,Customer needs financing for a new vehicle purchase; moderate credit risk profile. Ref-900536.,No,false,No
APP-200537,TWN,Freelance,2024-05-13,11/11/2021,46.0,96536.0,728,109184.07,1,0.356,3.21,"$3,194.33",Salaried,Business,North,Married,BR-023,Borrower applies for credit toward tuition and education costs; existing customer over 5 years. Ref-900537.,Yes,false,Yes
APP-200538,TWN,NA,2022-08-06,2022-12-28 00:00:00,36.0,49777.0,572,85472.88,0,0.455,7.68,"$2,162.50",Salaried,Education,North,Single,BR-023,Client needs financing for tuition and education costs; stable employment history. Ref-900538.,No,true,No
APP-200539,TWN,NA,2024-03-09,2023-11-10 00:00:00,21.0,61280.0,720,114906.23,0,0.525,4.88,"$3,373.63",Salaried,Travel,North,Single,BR-034,Client applies for credit toward a family vacation abroad; existing customer over 5 years. Ref-900539.,Yes,false,Yes
APP-200540,TWN,?,2024-09-07,2021/05/16,?,83055.0,614,131610.66,0,0.353,9.23,"$3,587.84",Salaried,Car,East,Divorced,BR-038,Client applies for credit toward a family vacation abroad; existing customer over 5 years. Ref-900540.,Yes,false,No
APP-200541,TWN,n/a,2022-04-22,19-01-2022,42.0,63842.0,704,82706.87,2,0.438,6.56,"$2,140.53",Salaried,Car,South,Divorced,BR-044,Client seeks a loan to cover tuition and education costs; moderate credit risk profile. Ref-900541.,No,true,No
APP-200542,TWN,,2021-11-05,12/11/2023,52.0,27909.0,771,60611.15,0,0.818,6.21,"$1,715.39",Salaried,Medical,North,Married,BR-027,Borrower needs financing for expanding a small business; moderate credit risk profile. Ref-900542.,Yes,false,No
APP-200543,TWN,-,2024-05-21,11/03/2023,18.0,n/a,714,224741.85,0,0.951,7.68,"$6,560.28",Salaried,Travel,North,Single,BR-006,Customer requests funding for expanding a small business; stable employment history. Ref-900543.,No,false,No
APP-200544,TWN,-,2024-09-15,2021-10-22 00:00:00,20.0,95721.0,634,112093.61,0,0.266,7.5,"$2,837.92",Self-employed,Car,North,Married,BR-013,Client requests funding for medical expenses; good repayment record. Ref-900544.,No,false,Yes
APP-200545,TWN,Rental,-,03/20/2024,18.0,92348.0,673,249907.93,0,0.688,3.44,"$6,820.71",Self-employed,Home,North,Single,BR-034,Applicant requests funding for tuition and education costs; first-time applicant. Ref-900545.,No,true,No
APP-200546,TWN,n/a,n/a,06/30/2024,29.0,134377.0,650,85638.24,3,0.152,2.57,"$2,186.16",Self-employed,Medical,North,Married,BR-041,Client requests funding for tuition and education costs; first-time applicant. Ref-900546.,No,false,No
APP-200547,TWN,?,2023-06-25,2022/09/12,53.0,71836.0,594,159468.03,1,0.884,4.38,"$4,831.27",Salaried,Home,North,Married,BR-003,Borrower applies for credit toward a new vehicle purchase; good repayment record. Ref-900547.,No,false,Yes
APP-200548,TWN,Pension,2021-06-20,2022-04-26 00:00:00,47.0,88302.0,599,120177.55,0,0.378,4.89,"$3,291.09",Contract,Home,North,Single,BR-005,Borrower requests funding for a family vacation abroad; first-time applicant. Ref-900548.,Yes,false,No
APP-200549,TWN,,2022-05-29,12/16/2024,40.0,132541.0,678,240158.97,0,0.416,1.42,"$6,629.43",Salaried,Education,North,Separated,BR-013,Borrower needs financing for a family vacation abroad; moderate credit risk profile. Ref-900549.,Yes,false,No
APP-200550,TWN,null,2022-08-18,19-01-2022,42.0,51774.0,712,71792.35,1,0.503,4.41,"$2,033.13",Self-employed,Home,North,Single,BR-034,Client applies for credit toward tuition and education costs; moderate credit risk profile. Ref-900550.,Yes,false,No
APP-200551,TWN,null,2024-08-07,2023/07/11,49.0,142655.0,553,100028.99,0,0.17,6.4,"$2,955.93",Contract,Home,North,Single,BR-020,Applicant requests funding for expanding a small business; existing customer over 5 years. Ref-900551.,No,false,No
APP-200552,TWN,?,2023-12-07,06/15/2022,36.0,142532.0,670,130457.03,1,0.197,1.36,"$3,941.44",Self-employed,Education,North,Divorced,BR-021,Client applies for credit toward expanding a small business; first-time applicant. Ref-900552.,Yes,false,No
APP-200553,TWN,NA,2024-10-08,2024/01/10,45.0,88570.0,710,262815.83,1,0.814,1.38,"$7,158.30",Retired,Car,North,Married,BR-039,Customer requests funding for expanding a small business; stable employment history. Ref-900553.,No,false,Yes
APP-200554,TWN,null,2024-05-03,2023/06/27,42.0,150218.0,682,231346.9,0,0.319,1.74,"$6,325.43",Salaried,Home,North,Single,BR-024,Customer needs financing for home renovation and repairs; existing customer over 5 years. Ref-900554.,No,false,No
APP-200555,TWN,-,2022-05-23,31-01-2021,18.0,91672.0,605,263612.06,0,0.839,2.83,"$7,814.47",Self-employed,Car,North,Married,BR-008,Customer seeks a loan to cover expanding a small business; moderate credit risk profile. Ref-900555.,Yes,false,Yes
APP-200556,TWN,Dividend,2024-06-16,20-03-2021,,38548.0,746,69356.19,2,0.517,9.62,"$2,018.11",Contract,Car,North,Married,BR-012,Borrower seeks a loan to cover medical expenses; good repayment record. Ref-900556.,No,false,Yes
APP-200557,TWN,NA,2021-05-06,14-06-2021,56.0,105735.0,591,290482.34,1,0.721,0.26,"$8,361.37",Salaried,Home,North,Married,BR-045,Applicant needs financing for tuition and education costs; stable employment history. Ref-900557.,No,false,Yes
APP-200558,TWN,-,null,12/16/2024,35.0,70488.0,719,113637.93,0,0.502,1.84,"$3,348.48",Salaried,Education,North,Married,BR-012,Applicant requests funding for medical expenses; existing customer over 5 years. Ref-900558.,No,false,Yes
APP-200559,TWN,NA,2024-06-21,05-11-2023,38.0,73625.0,785,219275.74,1,1.065,1.65,"$6,615.95",Salaried,Home,North,Married,BR-016,Borrower seeks a loan to cover home renovation and repairs; existing customer over 5 years. Ref-900559.,No,false,No
APP-200560,TWN,NA,2021-03-22,2022/04/21,33.0,?,534,109564.73,1,0.454,4.74,"$2,770.89",Contract,Car,North,Married,BR-007,Customer requests funding for a new vehicle purchase; existing customer over 5 years. Ref-900560.,Yes,false,Yes
APP-200561,TWN,,2023-08-29,08-10-2024,34.0,118161.0,692,135484.25,0,0.292,0.15,"$3,815.71",Salaried,Car,North,Married,BR-014,Borrower applies for credit toward a family vacation abroad; existing customer over 5 years. Ref-900561.,Yes,true,No
APP-200562,TWN,-,2024-07-25,17-03-2022,53.0,78919.0,696,74152.7,2,0.308,4.58,"$1,962.58",Contract,Business,North,Widowed,BR-025,Borrower requests funding for medical expenses; first-time applicant. Ref-900562.,Yes,false,Yes
APP-200563,TWN,?,2021-12-05,07-07-2023,NA,42281.0,690,28739.41,0,0.193,1.63,$865.24,Self-employed,Home,North,Single,BR-012,Applicant requests funding for a new vehicle purchase; good repayment record. Ref-900563.,Yes,true,No
APP-200564,TWN,Dividend,2023-10-16,12/07/2022,28.0,76337.0,621,59157.05,2,0.195,2.7,"$1,486.01",Salaried,Home,North,Married,BR-033,Applicant seeks a loan to cover a family vacation abroad; first-time applicant. Ref-900564.,Yes,false,Yes
APP-200565,TWN,-,2023-04-08,08/25/2024,18.0,86218.0,653,190132.01,0,0.858,7.92,"$5,175.68",Salaried,Car,North,Married,BR-012,Client applies for credit toward a family vacation abroad; first-time applicant. Ref-900565.,No,true,Yes
APP-200566,TWN,,2023-10-22,2022-12-05 00:00:00,33.0,-,578,58606.15,2,0.34,1.84,"$1,618.11",Unemployed,Travel,East,Married,BR-001,Borrower applies for credit toward expanding a small business; stable employment history. Ref-900566.,No,false,No
APP-200567,TWN,,2022-03-26,03/28/2021,18.0,48188.0,683,129351.75,2,0.751,6.17,"$3,291.28",-,Car,North,Married,BR-028,Borrower needs financing for a family vacation abroad; existing customer over 5 years. Ref-900567.,Yes,true,No
APP-200568,TWN,n/a,2021-06-19,2022/08/03,18.0,49438.0,711,49174.94,2,0.257,4.06,"$1,320.00",Salaried,Business,North,Single,BR-013,Client needs financing for medical expenses; moderate credit risk profile. Ref-900568.,Yes,true,No
APP-200569,TWN,?,2024-09-04,25-07-2024,50.0,44193.0,628,125281.27,1,1.026,4.18,"$3,398.01",Salaried,Home,North,Married,BR-022,Customer seeks a loan to cover expanding a small business; first-time applicant. Ref-900569.,Yes,false,No
APP-200570,TWN,,2021-06-01,07/30/2022,49.0,71282.0,610,69539.38,1,0.325,8.17,"$1,777.91",Salaried,Medical,North,Single,BR-022,Applicant needs financing for medical expenses; stable employment history. Ref-900570.,No,false,No
APP-200571,TWN,,2022-05-15,04-07-2024,18.0,99596.0,641,117030.14,0,0.449,1.61,"$3,425.32",Salaried,Medical,North,Married,BR-011,Customer requests funding for medical expenses; good repayment record. Ref-900571.,No,true,No
APP-200572,TWN,-,2021-01-02,2021-02-13 00:00:00,150.0,154228.0,673,208150.18,0,0.343,9.24,"$5,611.44",Salaried,Travel,North,Divorced,BR-044,Customer applies for credit toward a new vehicle purchase; moderate credit risk profile. Ref-900572.,Yes,false,No
APP-200573,TWN,NA,2021-10-14,2023-07-08 00:00:00,46.0,108808.0,678,125880.26,1,0.422,8.93,"$3,470.42",Unemployed,Home,North,Married,BR-032,Client applies for credit toward medical expenses; first-time applicant. Ref-900573.,No,true,Yes
APP-200574,TWN,-,2023-08-10,06-08-2021,31.0,99812.0,666,153461.9,1,0.513,6.68,"$4,521.36",Salaried,Home,North,Married,BR-023,Borrower needs financing for medical expenses; moderate credit risk profile. Ref-900574.,No,true,No
APP-200575,TWN,Rental,2021-03-05,2022/09/20,null,null,678,265849.76,1,0.558,0.49,"$7,994.58",Salaried,Travel,North,Married,BR-021,Client applies for credit toward expanding a small business; first-time applicant. Ref-900575.,No,true,No
APP-200576,TWN,Rental,2021-11-16,2023/02/25,20.0,116733.0,583,79159.26,0,0.17,6.63,"$2,092.69",Salaried,Travel,North,Married,BR-025,Client needs financing for expanding a small business; first-time applicant. Ref-900576.,No,false,No
APP-200577,TWN,Pension,2022-05-16,27-10-2023,26.0,49595.0,486,55056.98,2,0.408,6.0,"$1,606.78",Salaried,Car,East,Married,BR-028,Client needs financing for a family vacation abroad; stable employment history. Ref-900577.,No,false,No
APP-200578,TWN,null,2022-04-30,28-11-2023,23.0,84694.0,716,53597.76,1,0.182,7.72,"$1,428.45",n/a,Business,North,Divorced,BR-025,Borrower requests funding for a family vacation abroad; existing customer over 5 years. Ref-900578.,No,false,No
APP-200579,TWN,,2024-12-15,2021-12-23 00:00:00,27.0,70342.0,771,171504.01,0,0.566,2.14,"$5,194.01",Salaried,Business,North,Married,BR-045,Applicant applies for credit toward home renovation and repairs; good repayment record. Ref-900579.,No,true,No
APP-200580,TWN,,2021-09-30,2023-10-17 00:00:00,51.0,56124.0,576,44859.2,3,0.181,9.53,"$1,351.58",Contract,Education,North,Married,BR-008,Customer needs financing for expanding a small business; existing customer over 5 years. Ref-900580.,No,true,Yes
APP-200581,TWN,-,2021-11-15,2023/09/02,24.0,47692.0,628,84605.75,1,0.458,8.86,"$2,348.19",Self-employed,Car,North,Single,BR-034,Borrower needs financing for a family vacation abroad; existing customer over 5 years. Ref-900581.,No,true,No
APP-200582,TWN,Rental,2024-01-13,23-01-2021,26.0,46507.0,694,124209.2,1,0.88,1.14,"$3,168.76",Salaried,Home,North,Single,BR-024,Borrower seeks a loan to cover tuition and education costs; moderate credit risk profile. Ref-900582.,Yes,false,Yes
APP-200583,TWN,Freelance,2022-10-31,10/11/2023,29.0,52366.0,739,67543.02,1,0.293,3.15,"$2,008.59",Contract,Education,North,Married,BR-031,Customer requests funding for a family vacation abroad; first-time applicant. Ref-900583.,No,false,No
APP-200584,TWN,-,2022-12-28,09/22/2024,42.0,32293.0,718,25483.95,1,0.183,0.32,$733.96,Salaried,Medical,North,Single,BR-008,Borrower needs financing for home renovation and repairs; existing customer over 5 years. Ref-900584.,No,true,No
APP-200585,TWN,Rental,2024-11-20,2023-02-28 00:00:00,36.0,77719.0,761,90630.11,2,0.432,8.31,"$2,664.59",Salaried,Education,North,Married,BR-001,Customer requests funding for tuition and education costs; good repayment record. Ref-900585.,No,true,No
APP-200586,TWN,Dividend,2021-10-28,09-10-2021,50.0,59223.0,670,168737.74,0,0.72,9.15,"$4,699.89",Contract,Medical,North,Single,BR-036,Customer requests funding for a family vacation abroad; stable employment history. Ref-900586.,Yes,false,No
APP-200587,TWN,,2021-01-10,15-01-2022,31.0,63134.0,702,46569.82,0,0.248,9.9,"$1,413.19",Self-employed,Car,North,Married,BR-005,Customer requests funding for a new vehicle purchase; stable employment history. Ref-900587.,No,false,No
APP-200588,TWN,?,2024-07-09,30-01-2024,25.0,70923.0,702,188650.78,0,0.975,6.12,"$5,089.61",Salaried,Home,North,Married,BR-036,Applicant seeks a loan to cover expanding a small business; stable employment history. Ref-900588.,Yes,false,No
APP-200589,TWN,null,2022-03-07,2021/01/04,?,,644,68946.4,1,0.28,6.66,"$2,018.53",Salaried,Travel,North,Divorced,BR-023,Customer applies for credit toward home renovation and repairs; good repayment record. Ref-900589.,Yes,true,No
APP-200590,TWN,Pension,2022-04-13,2021/09/03,40.0,44539.0,756,40471.66,4,0.296,6.78,"$1,034.02",Self-employed,Home,North,Married,BR-035,Borrower needs financing for a new vehicle purchase; existing customer over 5 years. Ref-900590.,Yes,false,No
APP-200591,TWN,-,2024-04-13,2021-10-13 00:00:00,29.0,56776.0,716,137984.62,2,0.705,5.7,"$4,155.16",Retired,Home,East,Married,BR-027,Applicant needs financing for expanding a small business; existing customer over 5 years. Ref-900591.,Yes,false,No
APP-200592,TWN,-,2023-07-01,12-12-2021,43.0,26789.0,740,56225.79,1,0.715,9.52,"$1,510.56",Salaried,Home,North,Married,BR-010,Applicant requests funding for a family vacation abroad; first-time applicant. Ref-900592.,No,false,No
APP-200593,TWN,-,2021-05-20,02-05-2024,62.0,19733.0,646,25689.53,3,0.356,6.08,$662.12,Unemployed,Education,North,Married,BR-020,Client seeks a loan to cover a new vehicle purchase; good repayment record. Ref-900593.,No,true,No
APP-200594,TWN,NA,?,28-06-2021,33.0,22692.0,744,51175.38,1,0.795,3.36,"$1,399.24",Salaried,Car,North,Single,BR-020,Applicant seeks a loan to cover tuition and education costs; good repayment record. Ref-900594.,Yes,true,No
APP-200595,TWN,,2024-09-17,11/06/2021,40.0,null,601,112312.27,0,0.295,5.13,"$2,889.50",Salaried,Education,North,Single,BR-001,Applicant seeks a loan to cover expanding a small business; moderate credit risk profile. Ref-900595.,Yes,false,No
APP-200596,TWN,-,2021-01-13,2024-07-16 00:00:00,56.0,24024.0,700,64939.08,2,0.602,0.19,"$1,830.98",Self-employed,Car,North,Married,BR-005,Borrower needs financing for a family vacation abroad; moderate credit risk profile. Ref-900596.,No,false,No
APP-200597,TWN,?,2024-05-03,2021-04-19 00:00:00,32.0,75819.0,494,147036.4,2,0.391,7.24,"$4,194.18",Contract,Education,North,Married,BR-045,Client needs financing for medical expenses; existing customer over 5 years. Ref-900597.,No,false,Yes
APP-200598,TWN,-,2021-09-15,2022-03-11 00:00:00,30.0,125318.0,604,359090.98,0,0.954,6.94,"$9,454.64",Salaried,Home,North,Married,BR-027,Borrower seeks a loan to cover a family vacation abroad; moderate credit risk profile. Ref-900598.,No,true,No
APP-200599,TWN,Dividend,2021-07-28,27-12-2021,27.0,47625.0,724,94773.37,1,0.588,4.21,"$2,416.99",Salaried,Car,North,Married,BR-020,Customer requests funding for a new vehicle purchase; good repayment record. Ref-900599.,Yes,false,No
APP-200600,TWN,null,2024-01-22,07-03-2024,NA,135253.0,642,260990.85,1,0.62,8.51,"$7,753.00",Salaried,Car,North,Widowed,BR-010,Customer applies for credit toward a new vehicle purchase; good repayment record. Ref-900600.,No,true,Yes
APP-200601,TWN,,2023-05-15,01/28/2023,46.0,150789.0,685,398820.22,0,0.881,7.56,"$11,476.61",Salaried,Education,North,Married,BR-039,Borrower seeks a loan to cover a family vacation abroad; first-time applicant. Ref-900601.,No,false,Yes
APP-200602,TWN,Dividend,2022-09-30,2021-08-09 00:00:00,n/a,-,562,187994.88,1,0.575,3.37,"$5,347.30",Salaried,Car,North,Single,BR-038,Borrower requests funding for tuition and education costs; existing customer over 5 years. Ref-900602.,Yes,false,Yes
APP-200603,TWN,Dividend,2023-03-23,2023-05-06 00:00:00,40.0,196085.0,779,140559.56,0,0.162,0.77,"$4,264.25",Salaried,Home,North,Divorced,BR-043,Borrower needs financing for medical expenses; moderate credit risk profile. Ref-900603.,No,true,No
APP-200604,TWN,,2021-10-20,2024/08/14,55.0,81746.0,714,165909.18,0,0.641,1.32,"$4,247.68",Self-employed,Education,North,Divorced,BR-025,Applicant requests funding for expanding a small business; good repayment record. Ref-900604.,No,false,Yes
APP-200605,TWN,null,2023-10-10,2024/07/04,50.0,41596.0,671,51327.33,0,0.318,1.84,"$1,433.58",Salaried,Car,North,Married,BR-028,Customer needs financing for a new vehicle purchase; stable employment history. Ref-900605.,No,false,No
APP-200606,TWN,null,,2024/09/16,23.0,77812.0,702,162995.73,0,0.629,3.04,"$4,121.85",Contract,Travel,North,Married,BR-010,Applicant applies for credit toward expanding a small business; stable employment history. Ref-900606.,No,true,No
APP-200607,TWN,null,2022-03-24,01-06-2024,40.0,48033.0,696,143868.21,1,0.616,4.48,"$4,290.04",Salaried,Car,North,Married,BR-032,Client applies for credit toward a new vehicle purchase; good repayment record. Ref-900607.,No,false,No
APP-200608,TWN,Rental,2023-03-28,15-06-2024,41.0,31258.0,770,63299.34,1,0.794,9.28,"$1,879.06",Retired,Education,North,Single,BR-026,Customer requests funding for expanding a small business; moderate credit risk profile. Ref-900608.,Yes,false,No
APP-200609,TWN,Rental,2022-07-15,15-11-2024,48.0,31692.0,688,81905.58,2,0.611,2.78,"$2,227.49",Contract,Home,North,Single,BR-006,Customer applies for credit toward medical expenses; stable employment history. Ref-900609.,No,false,No
APP-200610,TWN,NA,2021-04-04,07-06-2023,37.0,190624.0,572,264153.66,1,0.552,8.99,"$7,469.27",Salaried,Education,North,Divorced,BR-019,Customer applies for credit toward expanding a small business; first-time applicant. Ref-900610.,Yes,true,No
APP-200611,TWN,n/a,2021-12-18,07/15/2024,32.0,45795.0,656,24237.93,1,0.19,6.8,$705.71,Salaried,Home,North,Single,BR-009,Client seeks a loan to cover expanding a small business; moderate credit risk profile. Ref-900611.,No,false,No
APP-200612,TWN,null,2024-11-30,04/17/2022,NA,59328.0,761,36606.83,3,0.171,8.53,"$1,047.12",n/a,Education,North,Single,BR-030,Applicant seeks a loan to cover tuition and education costs; moderate credit risk profile. Ref-900612.,Yes,false,No
APP-200613,TWN,NA,2022-03-03,20-10-2022,18.0,43110.0,712,23528.52,3,0.171,4.03,$679.29,Self-employed,Education,North,Single,BR-006,Borrower requests funding for home renovation and repairs; stable employment history. Ref-900613.,No,false,No
APP-200614,TWN,n/a,2022-08-01,2022-05-01 00:00:00,39.0,64382.0,644,67259.69,0,0.255,0.03,"$1,780.52",Self-employed,Medical,North,Married,BR-041,Borrower requests funding for expanding a small business; first-time applicant. Ref-900614.,No,false,No
APP-200615,TWN,n/a,2021-09-14,27-07-2021,33.0,53361.0,715,62792.68,1,0.238,7.87,"$1,822.85",Salaried,Car,West,Widowed,BR-032,Borrower needs financing for a family vacation abroad; existing customer over 5 years. Ref-900615.,Yes,false,No
APP-200616,TWN,-,2021-03-18,03/29/2021,45.0,48993.0,681,63873.51,1,0.39,2.45,"$1,861.26",Self-employed,Car,South,Married,BR-001,Customer requests funding for expanding a small business; good repayment record. Ref-900616.,Yes,false,No
APP-200617,TWN,,2024-08-13,10/27/2024,27.0,?,715,70123.27,0,0.457,1.42,"$1,942.59",Salaried,Home,North,Married,BR-044,Borrower seeks a loan to cover expanding a small business; existing customer over 5 years. Ref-900617.,Yes,true,No
APP-200618,TWN,?,2023-05-18,09/17/2023,34.0,?,564,70441.69,0,0.559,7.99,"$1,973.33",Contract,Home,South,Married,BR-012,Customer seeks a loan to cover medical expenses; first-time applicant. Ref-900618.,No,false,No
APP-200619,TWN,?,2024-07-19,30-11-2021,28.0,41502.0,612,100514.53,1,0.516,6.86,"$2,740.22",Self-employed,Medical,North,Single,BR-005,Client seeks a loan to cover a family vacation abroad; stable employment history. Ref-900619.,Yes,false,No
APP-200620,TWN,,2024-04-28,06-05-2022,27.0,69715.0,719,165916.69,1,0.739,2.12,"$4,710.79",Salaried,Travel,North,Married,BR-040,Customer seeks a loan to cover a new vehicle purchase; existing customer over 5 years. Ref-900620.,No,false,No
APP-200621,TWN,n/a,2022-06-10,06/28/2023,48.0,170138.0,658,448716.52,0,0.879,2.68,"$13,489.08",Salaried,Car,North,Single,BR-040,Applicant requests funding for a new vehicle purchase; good repayment record. Ref-900621.,Yes,false,Yes
APP-200622,TWN,-,2022-12-03,17-07-2021,34.0,102036.0,697,234978.09,0,0.903,9.39,"$5,920.43",Self-employed,Car,North,Single,BR-006,Customer applies for credit toward tuition and education costs; good repayment record. Ref-900622.,No,true,No
APP-200623,TWN,?,2023-10-10,2022/01/22,45.0,149997.0,807,247135.15,1,0.41,2.69,"$7,232.49",Salaried,Home,North,Married,BR-028,Customer applies for credit toward home renovation and repairs; good repayment record. Ref-900623.,Yes,false,No
APP-200624,TWN,Freelance,2024-02-09,12-05-2021,26.0,,652,117822.19,0,0.563,7.02,"$3,422.77",Self-employed,Home,North,Married,BR-026,Borrower seeks a loan to cover medical expenses; existing customer over 5 years. Ref-900624.,No,true,No
APP-200625,TWN,n/a,2022-12-17,07-04-2024,,57747.0,690,40637.79,0,0.224,1.3,"$1,113.81",-,Medical,North,Single,BR-021,Customer needs financing for expanding a small business; stable employment history. Ref-900625.,No,false,No
APP-200626,TWN,NA,2021-02-24,2022/07/18,19.0,31106.0,635,16590.81,0,0.108,8.15,$434.08,Salaried,Business,North,Married,BR-044,Customer needs financing for tuition and education costs; first-time applicant. Ref-900626.,Yes,false,No
APP-200627,TWN,-,2022-02-14,2021/10/21,34.0,60419.0,630,159666.46,2,0.722,1.18,"$4,547.26",Contract,Education,North,Divorced,BR-001,Applicant applies for credit toward home renovation and repairs; stable employment history. Ref-900627.,Yes,false,Yes
APP-200628,TWN,NA,2022-03-31,09-10-2021,34.0,20659.0,668,18008.5,1,0.345,5.16,$526.58,Salaried,Business,North,Single,BR-010,Borrower seeks a loan to cover expanding a small business; first-time applicant. Ref-900628.,Yes,true,No
APP-200629,TWN,Pension,2022-05-26,09/07/2022,47.0,51961.0,574,138255.88,0,0.921,0.35,"$3,574.08",Self-employed,Home,North,Married,BR-034,Client applies for credit toward home renovation and repairs; good repayment record. Ref-900629.,No,false,Yes
APP-200630,TWN,?,2023-05-10,05-10-2023,42.0,136310.0,529,204275.61,0,0.5,5.5,"$5,746.77",Salaried,Business,East,Married,BR-041,Applicant applies for credit toward tuition and education costs; stable employment history. Ref-900630.,No,false,Yes
APP-200631,TWN,,2024-11-10,2021-11-17 00:00:00,37.0,71208.0,766,46271.08,1,0.221,8.47,"$1,348.17",Self-employed,Home,North,Single,BR-011,Borrower applies for credit toward a family vacation abroad; moderate credit risk profile. Ref-900631.,Yes,false,Yes
APP-200632,TWN,NA,2021-08-04,21-10-2021,50.0,null,666,273282.42,0,1.007,0.84,"$7,236.77",Salaried,Home,North,Divorced,BR-012,Customer needs financing for medical expenses; moderate credit risk profile. Ref-900632.,No,false,No
APP-200633,TWN,Rental,2022-05-14,2024/06/10,42.0,49933.0,750,114152.01,0,0.703,2.74,"$3,377.23",Salaried,Home,North,Widowed,BR-018,Applicant needs financing for a new vehicle purchase; existing customer over 5 years. Ref-900633.,No,false,No
APP-200634,TWN,null,2022-01-26,2021/01/01,46.0,30382.0,681,90968.25,1,0.68,7.65,"$2,549.96",Salaried,Home,North,Married,BR-026,Client applies for credit toward a new vehicle purchase; moderate credit risk profile. Ref-900634.,Yes,true,No
APP-200635,TWN,n/a,2023-04-25,2023/06/24,49.0,47593.0,683,88265.17,3,0.39,6.08,"$2,244.07",Salaried,Car,North,Married,BR-003,Client applies for credit toward a new vehicle purchase; stable employment history. Ref-900635.,Yes,false,No
APP-200636,TWN,,2024-04-04,2021/01/23,39.0,49606.0,719,140147.28,2,0.886,3.13,"$4,152.40",Self-employed,Home,North,Married,BR-031,Applicant needs financing for tuition and education costs; first-time applicant. Ref-900636.,Yes,false,No
APP-200637,TWN,-,2024-10-11,10-07-2023,36.0,n/a,722,195205.68,0,0.416,6.29,"$4,916.49",,Business,North,Separated,BR-029,Customer needs financing for tuition and education costs; first-time applicant. Ref-900637.,Yes,true,No
APP-200638,TWN,-,2023-01-11,2022-01-28 00:00:00,43.0,162489.0,591,187485.69,1,0.447,4.55,"$5,545.99",Salaried,Car,North,Married,BR-004,Customer seeks a loan to cover medical expenses; good repayment record. Ref-900638.,Yes,false,No
APP-200639,TWN,null,2022-03-11,2022/04/05,34.0,41799.0,756,62811.14,1,0.594,8.62,"$1,762.83",Contract,Travel,North,Married,BR-039,Customer needs financing for medical expenses; good repayment record. Ref-900639.,No,true,No
APP-200640,TWN,NA,2021-11-15,01/01/2023,44.0,50592.0,607,108763.56,3,0.673,2.93,"$2,722.62",?,Medical,North,Divorced,BR-039,Borrower seeks a loan to cover expanding a small business; first-time applicant. Ref-900640.,Yes,false,No
APP-200641,TWN,null,2024-03-27,15-09-2021,,56305.0,687,153405.51,0,0.878,7.58,"$3,963.25",Contract,Home,North,Single,BR-002,Client needs financing for medical expenses; existing customer over 5 years. Ref-900641.,No,true,Yes
APP-200642,TWN,,2021-03-08,12/04/2023,50.0,50871.0,848,129228.04,0,0.574,6.36,"$3,322.00",Self-employed,Home,North,Married,BR-038,Client seeks a loan to cover a family vacation abroad; good repayment record. Ref-900642.,No,true,No
APP-200643,TWN,?,2021-06-16,2024-06-05 00:00:00,35.0,32524.0,679,91929.36,1,1.024,7.4,"$2,628.75",Retired,Medical,North,Single,BR-004,Borrower requests funding for a family vacation abroad; good repayment record. Ref-900643.,Yes,false,No
APP-200644,TWN,?,2021-03-31,16-09-2022,24.0,63473.0,787,116956.63,2,0.525,3.78,"$3,422.16",Retired,Education,North,Divorced,BR-002,Applicant needs financing for a new vehicle purchase; existing customer over 5 years. Ref-900644.,No,false,No
APP-200645,TWN,Freelance,2023-12-07,22-01-2024,39.0,72628.0,649,119991.6,1,0.58,7.25,"$3,242.19",Salaried,Home,North,Married,BR-003,Borrower requests funding for home renovation and repairs; first-time applicant. Ref-900645.,No,false,No
APP-200646,TWN,Dividend,2024-05-30,26-01-2024,38.0,73509.0,715,133306.97,0,0.518,6.98,"$3,810.07",Self-employed,Home,North,Married,BR-022,Applicant requests funding for home renovation and repairs; good repayment record. Ref-900646.,No,false,Yes
APP-200647,TWN,null,2024-03-23,2023/12/09,NA,?,677,93951.15,0,1.021,3.87,"$2,641.55",null,Home,South,Separated,BR-026,Client applies for credit toward tuition and education costs; first-time applicant. Ref-900647.,No,false,Yes
APP-200648,TWN,Dividend,2022-02-05,2024-01-20 00:00:00,35.0,NA,702,81079.95,1,0.318,0.26,"$2,413.35",Self-employed,Education,North,Widowed,BR-042,Customer applies for credit toward a family vacation abroad; good repayment record. Ref-900648.,No,false,No
APP-200649,TWN,-,2024-05-07,26-12-2024,37.0,25407.0,615,16535.84,2,0.257,9.63,$435.51,Salaried,Business,North,Divorced,BR-032,Borrower needs financing for a new vehicle purchase; good repayment record. Ref-900649.,Yes,false,No
APP-200650,TWN,Pension,2021-01-08,06-12-2021,48.0,95762.0,610,141716.7,0,0.499,7.14,"$3,642.69",Unemployed,Car,North,Married,BR-016,Applicant requests funding for expanding a small business; stable employment history. Ref-900650.,Yes,false,No
APP-200651,TWN,Dividend,2024-11-24,2023/03/28,34.0,36432.0,696,77394.63,2,0.571,2.05,"$2,110.88",Salaried,Home,West,Married,BR-010,Client needs financing for a new vehicle purchase; moderate credit risk profile. Ref-900651.,No,false,Yes
APP-200652,TWN,n/a,2023-05-23,2024-10-20 00:00:00,38.0,52891.0,566,136571.78,1,0.729,7.31,"$4,047.89",Salaried,Travel,North,Married,BR-020,Applicant seeks a loan to cover a family vacation abroad; existing customer over 5 years. Ref-900652.,No,false,Yes
APP-200653,TWN,-,2023-11-04,09/18/2021,60.0,48479.0,615,138524.25,1,0.694,2.79,"$3,660.75",Self-employed,Business,North,Married,BR-040,Borrower seeks a loan to cover home renovation and repairs; stable employment history. Ref-900653.,No,false,No
APP-200654,TWN,Freelance,2021-05-23,2022-05-21 00:00:00,57.0,45339.0,717,100598.37,0,0.67,4.69,"$2,971.51",Self-employed,Home,North,Divorced,BR-015,Applicant needs financing for a new vehicle purchase; stable employment history. Ref-900654.,No,false,Yes
APP-200655,TWN,NA,2024-11-27,2023/06/09,47.0,35749.0,631,90561.88,3,0.96,8.6,"$2,308.86",Self-employed,Home,North,Married,BR-009,Applicant applies for credit toward expanding a small business; good repayment record. Ref-900655.,No,false,No
APP-200656,TWN,n/a,2022-07-26,2021/05/06,43.0,25088.0,612,63497.94,2,0.748,4.48,"$1,890.34",Self-employed,Car,North,Married,BR-004,Client applies for credit toward tuition and education costs; existing customer over 5 years. Ref-900656.,No,false,No
APP-200657,TWN,-,2022-02-11,2022-02-24 00:00:00,28.0,144434.0,597,364266.87,0,0.672,2.88,"$10,010.78",Salaried,Travel,North,Married,BR-005,Applicant needs financing for a new vehicle purchase; moderate credit risk profile. Ref-900657.,No,false,Yes
APP-200658,TWN,n/a,2024-05-26,29-03-2022,46.0,69019.0,683,137937.57,0,0.585,3.05,"$4,084.72",Self-employed,Home,North,Single,BR-005,Client applies for credit toward expanding a small business; good repayment record. Ref-900658.,No,false,No
APP-200659,TWN,Dividend,2023-02-01,19-01-2023,-,69371.0,648,198554.65,1,0.811,0.77,"$5,477.49",Salaried,Travel,North,Married,BR-018,Client needs financing for expanding a small business; first-time applicant. Ref-900659.,No,false,No
APP-200660,TWN,n/a,2021-07-13,03/17/2023,42.0,173528.0,683,473508.99,0,0.777,2.2,"$13,223.51",Salaried,Education,North,Single,BR-031,Customer applies for credit toward a new vehicle purchase; existing customer over 5 years. Ref-900660.,No,false,Yes
APP-200661,TWN,?,2021-11-09,2022-11-02 00:00:00,33.0,57783.0,660,30009.34,0,0.158,2.71,$866.22,Contract,Car,North,Single,BR-022,Client requests funding for a family vacation abroad; moderate credit risk profile. Ref-900661.,No,false,No
APP-200662,TWN,,2022-06-15,04-04-2024,39.0,80111.0,800,64357.45,2,0.276,1.73,"$1,668.60",Self-employed,Car,North,Married,BR-013,Applicant requests funding for a new vehicle purchase; first-time applicant. Ref-900662.,No,true,Yes
APP-200663,TWN,null,2021-05-02,04/03/2023,37.0,61419.0,643,183070.76,2,1.024,0.63,"$4,602.48",Self-employed,Education,North,Married,BR-035,Customer seeks a loan to cover expanding a small business; good repayment record. Ref-900663.,No,false,No
APP-200664,TWN,n/a,2023-01-10,22-12-2023,43.0,110057.0,539,238375.15,3,0.445,4.66,"$6,474.35",Salaried,Car,North,Single,BR-043,Applicant applies for credit toward tuition and education costs; existing customer over 5 years. Ref-900664.,Yes,false,Yes
APP-200665,TWN,?,2022-10-03,2024/09/07,57.0,,681,66427.24,0,0.33,2.14,"$1,710.01",Salaried,Home,North,Divorced,BR-003,Borrower seeks a loan to cover a family vacation abroad; good repayment record. Ref-900665.,Yes,false,No
APP-200666,TWN,,2023-08-06,09-04-2023,44.0,71152.0,673,197613.92,0,0.752,7.39,"$5,190.59",Salaried,Medical,North,Married,BR-041,Applicant needs financing for tuition and education costs; stable employment history. Ref-900666.,No,false,Yes
APP-200667,TWN,Rental,2023-11-17,03/28/2024,20.0,53521.0,684,38701.09,1,0.208,9.23,"$1,003.73",Unemployed,Car,North,Single,BR-006,Borrower needs financing for tuition and education costs; good repayment record. Ref-900667.,Yes,true,No
APP-200668,TWN,Pension,2021-07-17,11-11-2022,28.0,69943.0,563,129002.42,1,0.559,2.73,"$3,309.30",Salaried,Medical,North,Single,BR-033,Applicant seeks a loan to cover tuition and education costs; stable employment history. Ref-900668.,No,false,Yes
APP-200669,TWN,,2024-02-11,08/30/2022,n/a,108831.0,750,159870.16,2,0.56,5.72,"$4,750.26",Salaried,Car,North,Married,BR-037,Borrower applies for credit toward a family vacation abroad; good repayment record. Ref-900669.,No,true,Yes
APP-200670,TWN,?,2024-04-14,08-03-2021,30.0,21533.0,671,26293.43,0,0.254,5.07,$748.12,Salaried,Education,North,Married,BR-023,Client seeks a loan to cover a family vacation abroad; existing customer over 5 years. Ref-900670.,Yes,false,No
APP-200671,TWN,NA,2021-01-25,2024-04-08 00:00:00,46.0,?,670,62613.28,1,0.405,0.75,"$1,688.30",Salaried,Home,North,Married,BR-028,Client requests funding for home renovation and repairs; good repayment record. Ref-900671.,Yes,false,No
APP-200672,TWN,?,2024-01-16,2021/05/07,44.0,49365.0,565,35384.58,0,0.24,1.25,"$1,059.45",Self-employed,Car,North,Divorced,BR-035,Client needs financing for a new vehicle purchase; stable employment history. Ref-900672.,No,false,Yes
APP-200673,TWN,?,2024-10-07,2024-06-10 00:00:00,32.0,52357.0,705,75546.96,1,0.443,8.85,"$1,892.76",Salaried,Car,South,Single,BR-041,Client applies for credit toward expanding a small business; stable employment history. Ref-900673.,No,true,No
APP-200674,TWN,?,2022-07-28,2021/08/18,NA,22654.0,669,17002.69,2,0.211,4.74,$511.26,Contract,Medical,North,Married,BR-001,Client requests funding for tuition and education costs; moderate credit risk profile. Ref-900674.,No,false,Yes
APP-200675,TWN,?,2021-12-27,05-02-2024,30.0,87709.0,765,180723.05,1,0.633,8.05,"$5,320.12",Salaried,Education,North,Married,BR-022,Customer applies for credit toward medical expenses; first-time applicant. Ref-900675.,No,false,No
APP-200676,TWN,Dividend,2023-03-16,2024/12/02,22.0,39871.0,645,51982.1,3,0.443,0.67,"$1,435.04",Salaried,Education,North,Single,BR-043,Client applies for credit toward medical expenses; first-time applicant. Ref-900676.,Yes,false,No
APP-200677,TWN,NA,2022-03-03,2023/03/17,23.0,54325.0,589,131319.42,0,0.702,5.95,"$3,966.19",Contract,Home,North,Married,BR-034,Customer requests funding for a new vehicle purchase; moderate credit risk profile. Ref-900677.,Yes,false,No
APP-200678,TWN,n/a,2021-11-03,2024/01/24,29.0,47303.0,682,134520.92,2,1.096,8.65,"$3,622.65",Salaried,Business,North,Married,BR-044,Borrower needs financing for a family vacation abroad; moderate credit risk profile. Ref-900678.,No,true,Yes
APP-200679,TWN,,,2024-08-06 00:00:00,,26404.0,611,71750.62,3,0.852,8.67,"$1,849.44",n/a,Business,North,Married,BR-031,Applicant requests funding for expanding a small business; moderate credit risk profile. Ref-900679.,No,true,Yes
APP-200680,TWN,,2023-05-28,2024-05-12 00:00:00,23.0,NA,701,114359.72,2,0.685,0.06,"$2,923.25",Self-employed,Car,North,Married,BR-027,Client seeks a loan to cover a family vacation abroad; existing customer over 5 years. Ref-900680.,No,true,No
APP-200681,TWN,-,2024-07-29,12/20/2022,54.0,24231.0,599,59394.96,0,0.935,5.22,"$1,726.02",Salaried,Education,North,Married,BR-029,Client seeks a loan to cover medical expenses; first-time applicant. Ref-900681.,No,false,Yes
APP-200682,TWN,null,2023-11-13,27-08-2024,55.0,37989.0,664,27735.98,2,0.15,3.69,$739.47,Salaried,Home,South,Single,BR-026,Customer seeks a loan to cover tuition and education costs; moderate credit risk profile. Ref-900682.,No,false,No
APP-200683,TWN,,2023-12-12,2021/06/04,37.0,51989.0,658,152362.99,0,1.114,7.6,"$4,034.58",Salaried,Home,North,Married,BR-024,Borrower applies for credit toward a new vehicle purchase; stable employment history. Ref-900683.,Yes,true,No
APP-200684,TWN,Dividend,2024-02-22,2021/05/25,39.0,60724.0,671,117827.54,1,0.577,0.73,"$3,472.71",Unemployed,Education,North,Married,BR-034,Customer seeks a loan to cover a family vacation abroad; moderate credit risk profile. Ref-900684.,Yes,false,No
APP-200685,TWN,null,2022-05-01,2022/02/02,32.0,62573.0,638,116249.43,2,0.423,2.65,"$3,468.81",Salaried,Car,North,Married,BR-028,Applicant requests funding for a family vacation abroad; moderate credit risk profile. Ref-900685.,No,true,No
APP-200686,TWN,null,2021-07-10,2024/12/24,?,56820.0,618,124159.03,1,0.741,8.13,"$3,369.14",Salaried,Home,North,Single,BR-001,Borrower seeks a loan to cover home renovation and repairs; moderate credit risk profile. Ref-900686.,No,false,Yes
APP-200687,TWN,Rental,2022-11-07,18-08-2023,?,-,669,171673.53,2,0.243,4.7,"$4,620.32",Self-employed,Business,West,Married,BR-012,Customer needs financing for tuition and education costs; first-time applicant. Ref-900687.,Yes,false,No
APP-200688,TWN,NA,2024-11-20,2021/10/01,40.0,75675.0,634,126749.78,1,0.495,4.53,"$3,531.24",Contract,Medical,North,Married,BR-032,Borrower applies for credit toward tuition and education costs; existing customer over 5 years. Ref-900688.,Yes,false,Yes
APP-200689,TWN,null,,2022-07-08 00:00:00,51.0,33047.0,684,26595.32,0,0.247,9.69,$724.40,Salaried,Home,North,Single,BR-010,Client applies for credit toward tuition and education costs; first-time applicant. Ref-900689.,Yes,false,Yes
APP-200690,TWN,Freelance,n/a,2021-01-18 00:00:00,54.0,44821.0,655,125357.72,1,1.102,3.2,"$3,746.75",Salaried,Travel,North,Married,BR-017,Applicant seeks a loan to cover a new vehicle purchase; moderate credit risk profile. Ref-900690.,No,false,Yes
APP-200691,TWN,-,2022-06-06,10-09-2022,44.0,43820.0,520,76664.65,1,0.588,0.42,"$2,142.94",Self-employed,Education,North,Married,BR-044,Customer seeks a loan to cover home renovation and repairs; first-time applicant. Ref-900691.,Yes,false,No
APP-200692,TWN,,2021-11-03,2023/05/28,43.0,55707.0,669,46302.34,2,0.242,3.92,"$1,225.99",Salaried,Car,North,Single,BR-001,Applicant requests funding for a family vacation abroad; first-time applicant. Ref-900692.,No,true,No
APP-200693,TWN,,2024-03-21,08/11/2022,39.0,45021.0,768,131664.92,0,0.965,1.53,"$3,295.79",Salaried,Business,North,Single,BR-007,Applicant needs financing for home renovation and repairs; stable employment history. Ref-900693.,No,false,Yes
APP-200694,TWN,Pension,2022-10-05,2023/01/03,44.0,null,694,77472.36,2,0.646,0.82,"$2,343.84",Self-employed,Home,North,Married,BR-020,Applicant applies for credit toward medical expenses; first-time applicant. Ref-900694.,Yes,true,No
APP-200695,TWN,Rental,2024-02-16,10/08/2021,26.0,138849.0,714,331563.8,0,0.549,5.68,"$8,910.63",,Home,North,Married,BR-028,Customer needs financing for tuition and education costs; existing customer over 5 years. Ref-900695.,No,false,No
APP-200696,TWN,Pension,2021-11-05,04/12/2021,44.0,62231.0,704,156071.04,1,0.694,9.54,"$4,718.60",Retired,Travel,South,Divorced,BR-042,Client seeks a loan to cover tuition and education costs; stable employment history. Ref-900696.,No,false,No
APP-200697,TWN,n/a,2022-11-16,05/17/2021,42.0,51434.0,641,115206.73,2,0.527,5.79,"$3,447.80",Unemployed,Home,North,Married,BR-022,Customer requests funding for expanding a small business; stable employment history. Ref-900697.,No,false,Yes
APP-200698,TWN,NA,2024-03-10,2023-09-19 00:00:00,29.0,53665.0,583,86353.07,1,0.36,6.47,"$2,363.37",Salaried,Car,North,Married,BR-027,Customer needs financing for a new vehicle purchase; moderate credit risk profile. Ref-900698.,Yes,false,Yes
APP-200699,TWN,Dividend,2024-08-01,2021-03-13 00:00:00,65.0,54626.0,728,65607.78,2,0.32,3.24,"$1,723.79",Salaried,Travel,North,Married,BR-041,Client needs financing for home renovation and repairs; moderate credit risk profile. Ref-900699.,No,false,No
APP-200700,TWN,n/a,2021-03-06,10/01/2021,28.0,122165.0,745,76823.38,0,0.131,5.71,"$2,229.09",Self-employed,Car,North,Single,BR-012,Borrower seeks a loan to cover home renovation and repairs; first-time applicant. Ref-900700.,No,false,No
APP-200701,TWN,?,2022-07-16,09/09/2023,29.0,77339.0,712,159311.1,0,0.489,7.52,"$4,066.71",Salaried,Travel,East,Married,BR-016,Applicant applies for credit toward a new vehicle purchase; first-time applicant. Ref-900701.,No,false,No
APP-200702,TWN,Freelance,2022-01-25,2024-03-05 00:00:00,43.0,n/a,702,82773.05,3,0.184,5.89,"$2,097.98",Contract,Home,North,Married,BR-023,Applicant requests funding for medical expenses; first-time applicant. Ref-900702.,No,false,No
APP-200703,TWN,,2023-12-31,04/19/2022,18.0,-,700,18227.69,1,0.439,8.03,$458.61,n/a,Business,North,Married,BR-008,Borrower requests funding for a family vacation abroad; good repayment record. Ref-900703.,Yes,false,Yes
APP-200704,TWN,null,2024-02-13,2022/12/19,30.0,71689.0,671,195278.08,1,0.777,5.5,"$5,497.52",Salaried,Home,North,Single,BR-038,Client applies for credit toward home renovation and repairs; moderate credit risk profile. Ref-900704.,No,false,No
APP-200705,TWN,-,2023-07-24,2022/10/30,21.0,103435.0,692,285498.88,1,0.612,1.98,"$8,375.57",Unemployed,Car,North,Married,BR-039,Customer needs financing for expanding a small business; stable employment history. Ref-900705.,No,false,No
APP-200706,TWN,Pension,2023-12-24,2024-01-19 00:00:00,28.0,163389.0,674,417476.23,3,1.019,5.83,"$11,938.33",Salaried,Travel,North,Married,BR-007,Client seeks a loan to cover tuition and education costs; moderate credit risk profile. Ref-900706.,Yes,true,No
APP-200707,TWN,Freelance,2022-04-29,2024-09-27 00:00:00,38.0,61819.0,695,60770.76,0,0.344,4.91,"$1,832.27",Salaried,Medical,North,Single,BR-001,Applicant applies for credit toward home renovation and repairs; moderate credit risk profile. Ref-900707.,No,false,No
APP-200708,TWN,NA,2021-03-26,05/03/2024,43.0,25820.0,609,73686.0,1,0.962,1.66,"$1,874.75",Contract,Education,North,Married,BR-044,Client seeks a loan to cover expanding a small business; existing customer over 5 years. Ref-900708.,Yes,true,Yes
APP-200709,TWN,?,2023-02-16,2023/07/04,53.0,,631,69532.52,2,0.28,6.19,"$2,021.47",Unemployed,Car,North,Married,BR-027,Borrower applies for credit toward medical expenses; first-time applicant. Ref-900709.,Yes,false,No
APP-200710,TWN,Rental,2021-02-01,2023/12/31,49.0,45157.0,712,126258.23,0,0.967,8.17,"$3,649.20",Salaried,Medical,North,Married,BR-008,Client requests funding for medical expenses; first-time applicant. Ref-900710.,Yes,false,No
APP-200711,TWN,Dividend,2023-06-04,03/29/2024,54.0,24873.0,650,58997.11,1,0.567,1.35,"$1,711.20",Unemployed,Medical,North,Married,BR-016,Customer needs financing for medical expenses; stable employment history. Ref-900711.,Yes,false,Yes
APP-200712,TWN,n/a,2023-06-04,06/02/2024,46.0,44719.0,510,130892.27,3,1.013,5.45,"$3,645.69",Salaried,Home,North,Separated,BR-006,Applicant seeks a loan to cover expanding a small business; moderate credit risk profile. Ref-900712.,Yes,true,Yes
APP-200713,TWN,null,2023-02-23,2024/01/19,34.0,103325.0,682,305888.19,1,0.81,7.34,"$7,877.45",Self-employed,Medical,North,Married,BR-017,Customer needs financing for tuition and education costs; existing customer over 5 years. Ref-900713.,Yes,false,No
APP-200714,TWN,,2024-05-20,2023/11/15,53.0,111148.0,519,201473.71,0,0.436,4.03,"$5,423.31",Salaried,Medical,North,Married,BR-002,Borrower requests funding for expanding a small business; stable employment history. Ref-900714.,Yes,false,No
APP-200715,TWN,NA,2021-06-11,2024-10-24 00:00:00,34.0,NA,802,111941.62,3,0.331,2.7,"$2,949.59",Unemployed,Education,North,Married,BR-019,Customer applies for credit toward a family vacation abroad; first-time applicant. Ref-900715.,No,false,Yes
APP-200716,TWN,Pension,2022-08-16,2022-06-18 00:00:00,32.0,36091.0,722,100902.75,1,1.023,3.72,"$3,059.68",Retired,Home,North,Single,BR-040,Client seeks a loan to cover a family vacation abroad; good repayment record. Ref-900716.,No,false,No
APP-200717,TWN,Freelance,2024-12-18,08-04-2021,58.0,214581.0,719,275471.89,1,0.363,5.42,"$8,073.31",Salaried,Car,North,Married,BR-042,Client seeks a loan to cover medical expenses; good repayment record. Ref-900717.,No,false,No
APP-200718,TWN,,2022-01-08,2022-12-28 00:00:00,49.0,33974.0,628,45243.05,2,0.5,6.87,"$1,360.69",Salaried,Home,South,Married,BR-028,Customer applies for credit toward a family vacation abroad; first-time applicant. Ref-900718.,No,true,No
APP-200719,TWN,null,2024-11-12,2022-07-15 00:00:00,42.0,58648.0,597,112747.55,2,0.767,5.59,"$3,179.74",Contract,Car,East,Married,BR-040,Borrower applies for credit toward a new vehicle purchase; existing customer over 5 years. Ref-900719.,Yes,true,No
APP-200720,TWN,Freelance,2021-01-05,2021/03/01,48.0,29609.0,659,25298.71,1,0.332,1.07,$640.64,Salaried,Car,North,Single,BR-030,Borrower applies for credit toward tuition and education costs; good repayment record. Ref-900720.,No,false,Yes
APP-200721,TWN,NA,2021-02-24,2024-10-18 00:00:00,50.0,117830.0,675,193264.53,2,0.486,8.18,"$5,632.86",Salaried,Medical,North,Divorced,BR-018,Customer seeks a loan to cover a family vacation abroad; existing customer over 5 years. Ref-900721.,Yes,false,No
APP-200722,TWN,NA,2021-11-07,2024-11-27 00:00:00,23.0,76230.0,621,64360.56,1,0.264,9.24,"$1,738.57",Salaried,Medical,North,Married,BR-019,Customer applies for credit toward tuition and education costs; moderate credit risk profile. Ref-900722.,Yes,false,No
APP-200723,TWN,null,2024-10-10,11/10/2022,?,95107.0,684,155284.58,2,0.524,1.01,"$4,444.73",Salaried,Home,North,Married,BR-009,Borrower requests funding for a family vacation abroad; moderate credit risk profile. Ref-900723.,Yes,false,No
APP-200724,TWN,?,2023-07-29,2023/12/04,25.0,63829.0,720,176691.71,3,0.605,2.5,"$4,847.12",Salaried,Medical,North,Married,BR-005,Borrower seeks a loan to cover home renovation and repairs; good repayment record. Ref-900724.,No,false,No
APP-200725,TWN,null,2023-02-15,10/15/2024,41.0,58974.0,714,165163.43,4,0.985,1.74,"$4,650.56",Contract,Medical,North,Married,BR-008,Customer needs financing for a family vacation abroad; moderate credit risk profile. Ref-900725.,No,true,No
APP-200726,TWN,null,2021-06-29,2022-11-26 00:00:00,31.0,66591.0,603,192836.16,1,1.045,8.49,"$4,993.52",Contract,Car,North,Single,BR-017,Borrower needs financing for home renovation and repairs; good repayment record. Ref-900726.,Yes,false,Yes
APP-200727,TWN,,?,27-09-2021,56.0,23744.0,528,54914.68,3,0.556,9.1,"$1,647.14",Contract,Education,North,Widowed,BR-038,Borrower seeks a loan to cover expanding a small business; first-time applicant. Ref-900727.,Yes,false,Yes
APP-200728,TWN,null,2024-06-05,2021/06/15,46.0,n/a,674,237457.21,0,0.635,0.44,"$6,351.74",?,Home,North,Married,BR-008,Customer requests funding for expanding a small business; first-time applicant. Ref-900728.,Yes,false,No
APP-200729,TWN,?,2024-04-13,2021-03-29 00:00:00,30.0,96396.0,629,151131.2,0,0.513,3.32,"$4,501.47",Self-employed,Home,North,Single,BR-031,Applicant applies for credit toward a family vacation abroad; existing customer over 5 years. Ref-900729.,No,false,No
APP-200730,TWN,null,2021-03-29,04/07/2021,39.0,50185.0,704,137333.96,1,1.071,1.92,"$4,125.59",Salaried,Home,North,Single,BR-026,Borrower applies for credit toward home renovation and repairs; first-time applicant. Ref-900730.,Yes,true,Yes
APP-200731,TWN,-,2022-09-25,2024/07/31,25.0,60692.0,784,50695.04,2,0.227,4.7,"$1,428.19",Self-employed,Medical,North,Single,BR-027,Borrower applies for credit toward a family vacation abroad; moderate credit risk profile. Ref-900731.,Yes,false,No
APP-200732,TWN,NA,2023-03-09,2023/10/25,40.0,70955.0,784,65014.47,0,0.345,9.22,"$1,683.58",,Home,North,Married,BR-030,Applicant needs financing for a family vacation abroad; first-time applicant. Ref-900732.,No,true,No
APP-200733,TWN,Rental,2023-11-08,2022/08/24,46.0,133948.0,693,106578.32,1,0.17,0.7,"$2,902.36",Salaried,Home,North,Single,BR-030,Client needs financing for home renovation and repairs; good repayment record. Ref-900733.,Yes,false,Yes
APP-200734,TWN,,2021-01-14,2024/11/03,42.0,?,748,115343.09,1,0.472,1.71,"$3,208.65",null,Car,North,Married,BR-025,Client seeks a loan to cover home renovation and repairs; good repayment record. Ref-900734.,No,false,Yes
APP-200735,TWN,,2024-04-22,2023-01-13 00:00:00,18.0,62425.0,784,40549.76,1,0.169,4.87,"$1,079.19",Self-employed,Car,North,Married,BR-019,Borrower seeks a loan to cover medical expenses; moderate credit risk profile. Ref-900735.,No,false,Yes
APP-200736,TWN,Freelance,2023-02-07,2022/07/02,?,47387.0,677,107064.15,2,0.842,5.24,"$2,721.41",Self-employed,Home,North,Married,BR-018,Client applies for credit toward medical expenses; existing customer over 5 years. Ref-900736.,Yes,false,Yes
APP-200737,TWN,n/a,2023-02-25,09/28/2024,45.0,28827.0,692,27583.48,1,0.227,7.46,$835.41,Salaried,Car,North,Married,BR-011,Customer seeks a loan to cover a new vehicle purchase; existing customer over 5 years. Ref-900737.,No,true,No
APP-200738,TWN,?,2022-06-10,11/23/2023,43.0,45381.0,731,100894.34,1,0.487,4.38,"$2,861.20",Salaried,Travel,South,Single,BR-012,Borrower applies for credit toward a family vacation abroad; existing customer over 5 years. Ref-900738.,No,false,No
APP-200739,TWN,-,2021-03-14,2021-11-17 00:00:00,53.0,63378.0,671,120988.63,0,0.528,1.41,"$3,368.86",Salaried,Car,North,Married,BR-042,Customer seeks a loan to cover a family vacation abroad; existing customer over 5 years. Ref-900739.,Yes,false,No
APP-200740,TWN,,2024-09-21,2023/10/16,24.0,53920.0,640,120208.27,2,0.784,3.54,"$3,072.50",Unemployed,Business,North,Divorced,BR-031,Client seeks a loan to cover tuition and education costs; existing customer over 5 years. Ref-900740.,Yes,false,No
APP-200741,TWN,-,2024-04-15,2024-11-14 00:00:00,?,63533.0,624,143337.74,0,0.783,9.82,"$3,998.50",Contract,Business,North,Married,BR-030,Applicant applies for credit toward tuition and education costs; moderate credit risk profile. Ref-900741.,No,false,Yes
APP-200742,TWN,?,2024-04-24,2022/07/27,32.0,88823.0,674,218992.65,1,0.663,7.51,"$6,457.43",Salaried,Home,North,Single,BR-009,Borrower requests funding for home renovation and repairs; good repayment record. Ref-900742.,No,false,Yes
APP-200743,TWN,-,2023-10-11,2022-08-02 00:00:00,42.0,76083.0,632,129135.17,1,0.587,1.16,"$3,358.33",?,Car,North,Married,BR-045,Client needs financing for tuition and education costs; moderate credit risk profile. Ref-900743.,No,false,No
APP-200744,TWN,,2022-12-12,2023-02-24 00:00:00,44.0,NA,727,135306.96,2,0.443,8.08,"$4,070.80",Self-employed,Car,North,Single,BR-042,Applicant requests funding for medical expenses; moderate credit risk profile. Ref-900744.,No,true,No
APP-200745,TWN,?,2024-08-21,2021-12-28 00:00:00,48.0,84996.0,652,95772.53,0,0.327,3.11,"$2,502.21",Self-employed,Medical,North,Single,BR-025,Borrower applies for credit toward home renovation and repairs; moderate credit risk profile. Ref-900745.,No,true,Yes
APP-200746,TWN,-,2021-06-08,2024-10-01 00:00:00,32.0,67208.0,772,117800.28,0,0.658,7.81,"$3,031.43",Salaried,Medical,North,Married,BR-023,Customer needs financing for tuition and education costs; existing customer over 5 years. Ref-900746.,No,false,Yes
APP-200747,TWN,Pension,2022-01-30,2021-12-08 00:00:00,42.0,60300.0,755,43646.5,0,0.169,0.13,"$1,277.35",Unemployed,Education,North,Single,BR-018,Client applies for credit toward a new vehicle purchase; good repayment record. Ref-900747.,No,false,No
APP-200748,TWN,Pension,2022-10-17,03/23/2024,25.0,77461.0,591,223592.69,2,0.718,8.71,"$5,821.27",Self-employed,Business,North,Single,BR-025,Customer requests funding for a new vehicle purchase; first-time applicant. Ref-900748.,No,false,Yes
APP-200749,TWN,,2024-02-21,27-01-2023,-,25821.0,747,72885.84,0,0.769,1.62,"$2,180.48",Contract,Home,North,Single,BR-021,Customer seeks a loan to cover tuition and education costs; good repayment record. Ref-900749.,Yes,false,Yes
APP-200750,TWN,n/a,2022-05-04,08/20/2023,null,114614.0,647,78387.6,0,0.166,4.56,"$2,074.71",Salaried,Home,North,Single,BR-039,Borrower needs financing for tuition and education costs; first-time applicant. Ref-900750.,No,true,No
APP-200751,TWN,Pension,2024-06-28,11/13/2022,39.0,32161.0,766,16951.73,0,0.162,6.62,$431.93,Salaried,Car,North,Single,BR-013,Applicant seeks a loan to cover home renovation and repairs; first-time applicant. Ref-900751.,Yes,false,No
APP-200752,TWN,Pension,2022-04-06,2023/10/04,20.0,93130.0,709,138543.46,1,0.423,5.08,"$3,940.35",Salaried,Education,North,Married,BR-006,Borrower seeks a loan to cover home renovation and repairs; existing customer over 5 years. Ref-900752.,No,false,Yes
APP-200753,TWN,-,2022-06-03,17-07-2024,29.0,61690.0,671,112087.53,1,0.58,1.65,"$2,813.95",Salaried,Education,North,Married,BR-041,Applicant applies for credit toward expanding a small business; good repayment record. Ref-900753.,Yes,true,No
APP-200754,TWN,-,2022-04-14,2023-03-29 00:00:00,40.0,106686.0,719,181148.93,2,0.347,1.39,"$4,638.87",Salaried,Business,North,Married,BR-042,Client needs financing for home renovation and repairs; existing customer over 5 years. Ref-900754.,Yes,false,No
APP-200755,TWN,Freelance,2022-08-22,03/16/2021,58.0,62406.0,637,83852.97,2,0.488,2.85,"$2,369.10",Self-employed,Home,North,Single,BR-013,Applicant needs financing for a new vehicle purchase; first-time applicant. Ref-900755.,No,false,No
APP-200756,TWN,-,2024-04-04,12/07/2023,52.0,38248.0,697,78641.43,3,0.575,0.52,"$2,290.44",Salaried,Home,North,Married,BR-041,Customer requests funding for medical expenses; existing customer over 5 years. Ref-900756.,No,true,No
APP-200757,TWN,-,2022-05-03,03/06/2021,49.0,104910.0,700,157510.5,0,0.321,2.17,"$4,378.94",Salaried,Car,North,Single,BR-026,Applicant needs financing for a family vacation abroad; moderate credit risk profile. Ref-900757.,No,false,No
APP-200758,TWN,Pension,2022-12-14,2023/03/30,18.0,67281.0,665,101927.94,0,0.491,1.3,"$3,019.29",Salaried,Education,North,Single,BR-017,Applicant requests funding for a family vacation abroad; first-time applicant. Ref-900758.,No,true,Yes
APP-200759,TWN,Rental,2021-01-09,08/12/2021,38.0,65105.0,701,37816.52,2,0.137,4.65,$980.95,Self-employed,Car,South,Separated,BR-024,Customer requests funding for medical expenses; moderate credit risk profile. Ref-900759.,No,false,No
APP-200760,TWN,null,2023-03-20,2024/04/17,45.0,63909.0,608,126746.67,1,0.482,3.57,"$3,732.88",Salaried,Medical,North,Divorced,BR-008,Customer applies for credit toward a new vehicle purchase; first-time applicant. Ref-900760.,No,false,Yes
APP-200761,TWN,NA,2021-12-05,06/04/2023,44.0,101261.0,712,71647.37,0,0.249,5.87,"$1,970.14",Salaried,Car,North,Widowed,BR-009,Applicant applies for credit toward tuition and education costs; moderate credit risk profile. Ref-900761.,Yes,false,No
APP-200762,TWN,Freelance,2022-12-20,2023-07-29 00:00:00,44.0,NA,594,244435.28,2,0.568,2.81,"$7,275.22",-,Home,North,Married,BR-036,Customer applies for credit toward home renovation and repairs; good repayment record. Ref-900762.,No,false,No
APP-200763,TWN,null,2022-04-30,02/15/2024,?,68889.0,716,116665.75,1,0.66,0.34,"$3,006.64",Unemployed,Education,North,Married,BR-004,Customer applies for credit toward home renovation and repairs; moderate credit risk profile. Ref-900763.,No,true,No
APP-200764,TWN,-,2022-07-09,12/26/2021,60.0,28279.0,706,39204.4,0,0.346,3.31,"$1,097.43",Salaried,Car,North,Single,BR-002,Applicant applies for credit toward expanding a small business; first-time applicant. Ref-900764.,No,false,No
APP-200765,TWN,Dividend,2021-06-08,12/02/2022,57.0,50183.0,722,108034.6,1,0.692,7.55,"$2,756.96",Salaried,Business,North,Married,BR-028,Client seeks a loan to cover a new vehicle purchase; good repayment record. Ref-900765.,No,false,No
APP-200766,TWN,-,2022-11-03,2021-10-17 00:00:00,38.0,64763.0,638,175739.66,2,0.608,2.56,"$4,558.95",Unemployed,Medical,North,Divorced,BR-034,Customer requests funding for a family vacation abroad; stable employment history. Ref-900766.,Yes,false,Yes
APP-200767,TWN,?,2024-01-23,2023-06-16 00:00:00,28.0,n/a,850,138950.68,1,0.369,4.05,"$3,746.15",Salaried,Home,North,Single,BR-036,Customer seeks a loan to cover a new vehicle purchase; existing customer over 5 years. Ref-900767.,Yes,true,No
APP-200768,TWN,-,2023-06-09,2022/08/17,64.0,74475.0,660,111959.4,0,0.587,7.55,"$3,142.77",Contract,Home,North,Widowed,BR-033,Borrower requests funding for a new vehicle purchase; first-time applicant. Ref-900768.,Yes,false,No
APP-200769,TWN,Rental,2022-09-16,28-07-2023,n/a,,685,172214.15,1,0.972,4.07,"$4,843.51",Salaried,Business,North,Married,BR-040,Customer applies for credit toward a new vehicle purchase; moderate credit risk profile. Ref-900769.,No,false,Yes
APP-200770,TWN,?,2024-05-20,2023/06/05,54.0,111779.0,625,297309.55,2,0.674,8.87,"$7,834.16",Salaried,Business,North,Married,BR-007,Customer needs financing for a new vehicle purchase; good repayment record. Ref-900770.,No,false,Yes
APP-200771,TWN,Dividend,2023-04-10,2021-01-29 00:00:00,?,58147.0,771,85920.27,4,0.403,9.18,"$2,293.35",Self-employed,Business,North,Single,BR-041,Applicant applies for credit toward tuition and education costs; existing customer over 5 years. Ref-900771.,Yes,false,No
APP-200772,TWN,n/a,2023-06-16,25-10-2021,NA,null,644,85219.34,4,0.445,3.11,"$2,588.34",Salaried,Car,North,Married,BR-001,Client seeks a loan to cover expanding a small business; first-time applicant. Ref-900772.,No,false,Yes
APP-200773,TWN,?,2022-02-20,12/26/2021,43.0,66517.0,742,168939.28,2,0.65,7.36,"$4,249.04",Salaried,Home,North,Single,BR-037,Client seeks a loan to cover a new vehicle purchase; stable employment history. Ref-900773.,No,true,No
APP-200774,TWN,null,2023-09-29,07/11/2022,35.0,-,613,20663.72,1,0.226,2.53,$562.34,Salaried,Car,North,Married,BR-006,Applicant applies for credit toward a new vehicle purchase; stable employment history. Ref-900774.,Yes,false,Yes
APP-200775,TWN,NA,2022-06-11,2024-12-27 00:00:00,45.0,99271.0,696,79096.47,0,0.304,1.4,"$2,349.58",Self-employed,Travel,North,Married,BR-015,Customer needs financing for a family vacation abroad; existing customer over 5 years. Ref-900775.,No,false,No
APP-200776,TWN,n/a,2021-10-12,11/21/2022,43.0,76103.0,651,146704.06,3,0.442,4.38,"$4,224.48",Salaried,Education,North,Married,BR-032,Client requests funding for a new vehicle purchase; existing customer over 5 years. Ref-900776.,No,true,No
APP-200777,TWN,null,2024-01-05,2022/04/28,63.0,53410.0,738,102593.64,0,0.489,6.02,"$2,893.93",Salaried,Education,North,Single,BR-028,Customer seeks a loan to cover tuition and education costs; moderate credit risk profile. Ref-900777.,No,true,No
APP-200778,TWN,-,2023-04-23,22-05-2024,46.0,34754.0,656,66844.55,2,0.755,9.36,"$1,729.22",null,Home,North,Married,BR-020,Customer needs financing for expanding a small business; existing customer over 5 years. Ref-900778.,No,false,Yes
APP-200779,TWN,-,2022-11-17,2024/10/14,39.0,68463.0,618,165191.18,1,0.898,1.46,"$4,362.42",Self-employed,Car,North,Single,BR-020,Borrower requests funding for a family vacation abroad; stable employment history. Ref-900779.,Yes,false,No
APP-200780,TWN,-,2023-11-08,2022/03/05,53.0,123913.0,706,334970.06,0,0.559,7.12,"$10,223.81",Contract,Home,North,Single,BR-044,Customer needs financing for a family vacation abroad; stable employment history. Ref-900780.,Yes,false,Yes
APP-200781,TWN,,2023-05-21,20-12-2022,36.0,44658.0,597,66977.93,4,0.33,4.75,"$1,885.53",Self-employed,Home,North,Married,BR-014,Customer requests funding for a new vehicle purchase; moderate credit risk profile. Ref-900781.,Yes,false,No
APP-200782,TWN,Rental,2024-01-14,07/16/2021,35.0,?,612,47582.32,2,0.433,1.32,"$1,266.00",Salaried,Home,North,Single,BR-006,Client requests funding for expanding a small business; existing customer over 5 years. Ref-900782.,No,false,No
APP-200783,TWN,n/a,2022-09-10,11/21/2021,66.0,75934.0,727,199258.38,2,0.963,9.73,"$6,010.48",Unemployed,Home,North,Married,BR-023,Customer needs financing for medical expenses; good repayment record. Ref-900783.,No,true,No
APP-200784,TWN,?,2024-12-30,2023-02-16 00:00:00,29.0,27706.0,552,30808.98,0,0.44,6.96,$910.10,Salaried,Car,North,Married,BR-044,Applicant requests funding for medical expenses; existing customer over 5 years. Ref-900784.,No,false,No
APP-200785,TWN,-,2023-03-25,01/04/2021,33.0,20276.0,727,54497.19,1,0.607,1.29,"$1,591.41",Contract,Education,North,Single,BR-021,Applicant applies for credit toward medical expenses; stable employment history. Ref-900785.,No,true,Yes
APP-200786,TWN,,2022-11-18,11/19/2023,40.0,49294.0,650,111781.79,0,0.669,9.06,"$2,938.80",Contract,Car,North,Divorced,BR-044,Client needs financing for home renovation and repairs; moderate credit risk profile. Ref-900786.,No,false,No
APP-200787,TWN,-,2024-08-03,14-11-2021,27.0,43604.0,615,114096.65,0,0.792,1.03,"$3,108.69",Self-employed,Car,North,Divorced,BR-043,Customer requests funding for a new vehicle purchase; stable employment history. Ref-900787.,Yes,true,No
APP-200788,TWN,?,2024-12-29,2023/01/16,18.0,53615.0,693,112205.48,2,0.776,0.93,"$3,331.19",Salaried,Home,North,Single,BR-014,Applicant seeks a loan to cover medical expenses; existing customer over 5 years. Ref-900788.,No,true,Yes
APP-200789,TWN,Dividend,2022-01-26,2022-04-15 00:00:00,52.0,46745.0,718,35779.5,1,0.228,3.32,$950.71,Salaried,Car,North,Married,BR-040,Client seeks a loan to cover medical expenses; existing customer over 5 years. Ref-900789.,No,true,Yes
APP-200790,TWN,Freelance,2021-12-06,12/21/2021,,-,638,166311.7,1,0.475,9.38,"$5,048.47",Self-employed,Business,North,Single,BR-003,Applicant needs financing for a new vehicle purchase; moderate credit risk profile. Ref-900790.,No,false,Yes
APP-200791,TWN,-,2023-01-28,2022-10-04 00:00:00,33.0,55153.0,665,95992.59,0,0.374,0.33,"$2,622.33",Salaried,Business,North,Single,BR-045,Customer seeks a loan to cover expanding a small business; first-time applicant. Ref-900791.,Yes,true,No
APP-200792,TWN,,2021-04-15,09/24/2023,35.0,45659.0,730,43802.3,1,0.288,9.18,"$1,217.94",Retired,Business,North,Divorced,BR-038,Customer needs financing for a family vacation abroad; stable employment history. Ref-900792.,Yes,false,No
APP-200793,TWN,Freelance,2023-10-01,2022/10/15,28.0,49004.0,727,37009.41,2,0.171,6.12,"$1,082.70",NA,Business,North,Married,BR-001,Customer requests funding for a family vacation abroad; moderate credit risk profile. Ref-900793.,No,false,No
APP-200794,TWN,Pension,2023-09-18,21-10-2023,26.0,84487.0,673,97781.82,2,0.35,0.67,"$2,497.65",Salaried,Education,North,Married,BR-030,Client requests funding for a new vehicle purchase; good repayment record. Ref-900794.,Yes,false,No
APP-200795,TWN,Dividend,2021-05-07,2023/03/12,n/a,-,626,80949.53,1,0.258,5.69,"$2,303.33",Unemployed,Car,West,Single,BR-001,Client needs financing for tuition and education costs; existing customer over 5 years. Ref-900795.,No,false,No
APP-200796,TWN,NA,2022-01-28,2024-01-02 00:00:00,68.0,null,614,81269.14,1,0.253,4.59,"$2,303.45",Contract,Home,North,Married,BR-033,Client needs financing for tuition and education costs; moderate credit risk profile. Ref-900796.,Yes,false,No
APP-200797,TWN,n/a,2024-11-05,2022-11-24 00:00:00,48.0,87330.0,637,227833.53,2,0.824,5.64,"$5,908.10",Salaried,Medical,North,Married,BR-030,Client needs financing for expanding a small business; stable employment history. Ref-900797.,No,false,Yes
APP-200798,TWN,null,2021-09-21,26-05-2023,48.0,11848.0,722,34081.17,1,0.584,7.37,$884.23,Unemployed,Education,North,Divorced,BR-009,Customer seeks a loan to cover home renovation and repairs; first-time applicant. Ref-900798.,No,false,No
APP-200799,TWN,Pension,2022-12-30,2021-02-17 00:00:00,21.0,37349.0,715,111560.93,0,1.013,6.79,"$2,806.95",Unemployed,Car,North,Married,BR-034,Applicant applies for credit toward tuition and education costs; good repayment record. Ref-900799.,Yes,false,Yes
APP-200800,TWN,Dividend,2023-09-20,2021-09-11 00:00:00,39.0,null,697,99996.63,1,0.394,9.97,"$2,704.91",-,Home,North,Married,BR-003,Client applies for credit toward medical expenses; stable employment history. Ref-900800.,Yes,false,Yes
APP-200801,TWN,null,NA,01/25/2022,n/a,-,769,130857.4,0,0.575,1.57,"$3,738.24",Salaried,Home,North,Married,BR-008,Client applies for credit toward a family vacation abroad; moderate credit risk profile. Ref-900801.,No,false,No
APP-200802,TWN,,2022-05-10,04/21/2023,49.0,27462.0,657,17820.39,0,0.149,8.13,$452.79,Salaried,Education,West,Single,BR-013,Client requests funding for medical expenses; first-time applicant. Ref-900802.,No,false,No
APP-200803,TWN,Rental,2024-01-16,2024/11/05,,125556.0,652,99988.26,0,0.224,4.11,"$2,786.30",Self-employed,Car,North,Divorced,BR-030,Borrower seeks a loan to cover medical expenses; existing customer over 5 years. Ref-900803.,Yes,true,No
APP-200804,TWN,Rental,2022-09-13,2021/07/07,40.0,71767.0,652,174108.9,1,0.877,7.83,"$4,520.85",Self-employed,Medical,North,Married,BR-040,Client seeks a loan to cover a family vacation abroad; first-time applicant. Ref-900804.,No,false,Yes
APP-200805,TWN,null,2024-04-05,02/10/2021,38.0,45206.0,804,87122.94,3,0.709,8.92,"$2,575.34",Salaried,Home,East,Married,BR-042,Borrower seeks a loan to cover medical expenses; first-time applicant. Ref-900805.,No,false,No
APP-200806,TWN,?,2021-03-28,2023-07-31 00:00:00,32.0,n/a,541,128287.74,2,0.723,9.92,"$3,257.19",Self-employed,Education,South,Single,BR-001,Borrower requests funding for expanding a small business; good repayment record. Ref-900806.,No,false,Yes
APP-200807,TWN,-,2023-07-10,08-12-2023,,51871.0,697,123621.68,1,0.807,2.66,"$3,094.28",Self-employed,Business,North,Married,BR-033,Client seeks a loan to cover home renovation and repairs; stable employment history. Ref-900807.,Yes,false,No
APP-200808,TWN,null,2022-05-13,2024-07-11 00:00:00,46.0,42190.0,707,106870.41,4,0.777,4.53,"$3,067.34",Salaried,Home,North,Single,BR-037,Borrower requests funding for expanding a small business; good repayment record. Ref-900808.,Yes,false,No
APP-200809,TWN,?,2024-08-30,2022-11-27 00:00:00,23.0,79451.0,682,180794.34,1,0.82,9.43,"$4,874.87",Salaried,Travel,North,Married,BR-014,Applicant needs financing for home renovation and repairs; moderate credit risk profile. Ref-900809.,Yes,false,Yes
APP-200810,TWN,Freelance,2022-10-04,2024-02-05 00:00:00,25.0,49172.0,832,25916.09,3,0.113,9.46,$778.99,Salaried,Home,North,Single,BR-009,Borrower requests funding for tuition and education costs; stable employment history. Ref-900810.,No,true,No
APP-200811,TWN,Pension,-,2023-10-30 00:00:00,36.0,30461.0,755,56649.92,1,0.384,3.73,"$1,538.43",Salaried,Medical,North,Married,BR-012,Borrower requests funding for a family vacation abroad; moderate credit risk profile. Ref-900811.,No,false,No
APP-200812,TWN,,2024-05-06,02/11/2021,NA,44917.0,729,116280.53,0,0.975,9.4,"$3,417.51",Self-employed,Car,North,Married,BR-014,Borrower applies for credit toward medical expenses; first-time applicant. Ref-900812.,No,true,No
APP-200813,TWN,?,2023-02-10,2022/05/01,42.0,58272.0,618,148537.55,1,0.878,4.06,"$4,108.83",Salaried,Car,North,Single,BR-045,Applicant requests funding for expanding a small business; stable employment history. Ref-900813.,Yes,false,No
APP-200814,TWN,n/a,2021-03-29,11/08/2023,51.0,35968.0,711,103308.98,1,0.821,3.75,"$2,863.57",Salaried,Car,North,Married,BR-026,Borrower requests funding for a new vehicle purchase; moderate credit risk profile. Ref-900814.,No,true,Yes
APP-200815,TWN,NA,2023-12-21,06/25/2022,42.0,null,653,208547.51,1,0.451,7.57,"$5,664.39",Salaried,Home,North,Married,BR-038,Client applies for credit toward expanding a small business; good repayment record. Ref-900815.,Yes,false,Yes
APP-200816,TWN,,2023-05-03,08-05-2023,42.0,35804.0,681,64645.65,1,0.712,4.71,"$1,867.15",Self-employed,Medical,North,Married,BR-041,Client needs financing for tuition and education costs; good repayment record. Ref-900816.,No,false,No
APP-200817,TWN,null,2024-08-31,01/25/2023,40.0,null,691,83501.38,0,0.136,4.48,"$2,102.67",Salaried,Home,North,Married,BR-011,Borrower applies for credit toward medical expenses; moderate credit risk profile. Ref-900817.,No,false,No
APP-200818,TWN,n/a,2023-10-23,2023-08-07 00:00:00,?,96563.0,646,172066.13,0,0.447,3.86,"$5,077.66",Salaried,Travel,North,Married,BR-025,Customer needs financing for a new vehicle purchase; existing customer over 5 years. Ref-900818.,Yes,false,No
APP-200819,TWN,,2023-07-26,08/21/2024,18.0,38565.0,720,73649.32,2,0.742,4.33,"$2,111.61",Unemployed,Travel,North,Married,BR-033,Customer seeks a loan to cover home renovation and repairs; moderate credit risk profile. Ref-900819.,No,true,No
APP-200820,TWN,Pension,2021-11-20,2024-06-15 00:00:00,44.0,65912.0,786,184211.25,1,0.984,1.4,"$5,354.67",Self-employed,Business,North,Married,BR-026,Applicant seeks a loan to cover expanding a small business; good repayment record. Ref-900820.,Yes,false,No
APP-200821,TWN,?,2023-05-30,2022/04/25,28.0,111540.0,747,302523.4,0,1.004,0.61,"$7,736.97",Salaried,Home,North,Single,BR-042,Client seeks a loan to cover a family vacation abroad; first-time applicant. Ref-900821.,Yes,true,No
APP-200822,TWN,Freelance,2021-09-06,2022/10/21,24.0,null,693,36840.28,0,0.254,7.54,"$1,067.75",Salaried,Education,North,Married,BR-035,Client needs financing for a new vehicle purchase; stable employment history. Ref-900822.,No,false,No
APP-200823,TWN,-,2022-07-21,2021-05-06 00:00:00,39.0,34030.0,551,29085.03,0,0.335,5.64,$810.42,Self-employed,Medical,North,Single,BR-003,Applicant applies for credit toward tuition and education costs; stable employment history. Ref-900823.,No,false,No
APP-200824,TWN,,2022-09-24,03/17/2024,35.0,65353.0,750,95158.68,1,0.406,6.72,"$2,758.13",Contract,Car,North,Single,BR-032,Borrower requests funding for a family vacation abroad; existing customer over 5 years. Ref-900824.,No,false,No
APP-200825,TWN,,2023-04-15,2021-02-25 00:00:00,46.0,167178.0,750,409559.46,1,0.611,8.02,"$11,433.74",Salaried,Car,North,Married,BR-039,Customer needs financing for a family vacation abroad; existing customer over 5 years. Ref-900825.,No,false,No
APP-200826,TWN,,2021-11-02,2022-10-16 00:00:00,53.0,29346.0,666,26868.33,0,0.286,2.3,$804.61,Salaried,Medical,North,Married,BR-039,Client seeks a loan to cover tuition and education costs; first-time applicant. Ref-900826.,Yes,true,No
APP-200827,TWN,Freelance,2023-03-22,07/11/2024,18.0,null,647,198681.14,1,0.673,2.34,"$5,861.54",Salaried,Home,North,Married,BR-016,Applicant needs financing for medical expenses; existing customer over 5 years. Ref-900827.,Yes,false,No
APP-200828,TWN,Freelance,2022-04-20,17-09-2024,38.0,62148.0,722,123181.18,2,0.53,2.78,"$3,470.00",Salaried,Car,East,Married,BR-015,Customer applies for credit toward a family vacation abroad; moderate credit risk profile. Ref-900828.,Yes,true,No
APP-200829,TWN,n/a,2024-08-14,2022/04/04,63.0,58317.0,625,157093.96,2,0.85,3.04,"$4,788.91",Self-employed,Business,North,Married,BR-023,Borrower seeks a loan to cover medical expenses; existing customer over 5 years. Ref-900829.,No,false,No
APP-200830,TWN,Dividend,2024-12-17,10/29/2024,50.0,50913.0,731,69034.42,1,0.514,7.61,"$1,925.29",Salaried,Medical,North,Married,BR-043,Borrower needs financing for a new vehicle purchase; good repayment record. Ref-900830.,No,true,No
APP-200831,TWN,-,2024-04-22,2021/06/24,57.0,52748.0,608,79435.95,0,0.466,3.74,"$2,138.60",Salaried,Travel,North,Married,BR-011,Applicant needs financing for medical expenses; first-time applicant. Ref-900831.,No,true,No
APP-200832,TWN,-,2021-12-10,16-11-2023,41.0,103991.0,618,67650.28,1,0.174,3.23,"$2,015.66",Contract,Business,East,Married,BR-044,Applicant needs financing for medical expenses; stable employment history. Ref-900832.,No,false,Yes
APP-200833,TWN,,2023-12-13,05/21/2023,22.0,83428.0,680,149760.21,2,0.427,6.36,"$3,899.15",Salaried,Home,North,Married,BR-017,Borrower requests funding for a family vacation abroad; good repayment record. Ref-900833.,No,false,Yes
APP-200834,TWN,?,2024-12-04,22-03-2024,26.0,37604.0,583,91622.17,0,0.893,1.87,"$2,681.46",Salaried,Travel,North,Single,BR-033,Applicant requests funding for a new vehicle purchase; moderate credit risk profile. Ref-900834.,No,false,No
APP-200835,TWN,n/a,NA,18-05-2024,48.0,,679,240740.66,1,0.584,1.06,"$6,751.96",Salaried,Home,North,Married,BR-003,Applicant seeks a loan to cover a family vacation abroad; existing customer over 5 years. Ref-900835.,Yes,false,Yes
APP-200836,TWN,?,2024-06-28,09/30/2022,51.0,32380.0,714,58401.75,1,0.439,6.97,"$1,779.03",Salaried,Education,North,Married,BR-003,Customer seeks a loan to cover a family vacation abroad; existing customer over 5 years. Ref-900836.,Yes,false,No
APP-200837,TWN,Pension,2021-04-07,2023/05/26,31.0,86289.0,592,240590.14,1,1.01,7.56,"$6,079.77",Salaried,Education,North,Married,BR-028,Borrower seeks a loan to cover a new vehicle purchase; stable employment history. Ref-900837.,No,false,Yes
APP-200838,TWN,n/a,2021-08-08,2023-12-16 00:00:00,36.0,67924.0,740,164153.69,0,0.522,2.96,"$4,373.64",Salaried,Education,North,Married,BR-018,Applicant requests funding for medical expenses; first-time applicant. Ref-900838.,Yes,true,No
APP-200839,TWN,n/a,,2021/08/10,42.0,112833.0,642,145073.49,1,0.28,6.36,"$4,371.45",Self-employed,Education,North,Married,BR-002,Client applies for credit toward tuition and education costs; stable employment history. Ref-900839.,No,false,No
APP-200840,TWN,NA,2022-03-24,2023/06/14,18.0,74059.0,715,211948.87,0,0.74,0.34,"$5,983.19",Salaried,Home,North,Married,BR-036,Client seeks a loan to cover tuition and education costs; existing customer over 5 years. Ref-900840.,Yes,false,Yes
APP-200841,TWN,n/a,2022-11-08,2022-08-16 00:00:00,-,105112.0,693,243018.86,1,0.825,4.04,"$6,360.82",Salaried,Business,North,Married,BR-045,Applicant applies for credit toward a family vacation abroad; existing customer over 5 years. Ref-900841.,Yes,true,No
APP-200842,TWN,null,2022-12-07,2022-06-19 00:00:00,59.0,61250.0,649,76727.18,0,0.382,5.78,"$2,217.77",Self-employed,Home,North,Married,BR-010,Customer requests funding for tuition and education costs; existing customer over 5 years. Ref-900842.,Yes,false,Yes
APP-200843,TWN,?,2024-01-03,2022-01-25 00:00:00,66.0,100857.0,645,103718.68,0,0.348,2.53,"$2,877.42",Salaried,Medical,North,Single,BR-014,Client requests funding for tuition and education costs; first-time applicant. Ref-900843.,No,true,No
APP-200844,TWN,null,2023-12-19,13-11-2022,38.0,73676.0,567,161289.39,1,0.835,3.48,"$4,544.29",Self-employed,Home,North,Married,BR-022,Applicant seeks a loan to cover tuition and education costs; good repayment record. Ref-900844.,No,false,Yes
APP-200845,TWN,?,2022-03-09,2021-01-25 00:00:00,61.0,181649.0,633,321038.8,2,0.702,6.1,"$8,335.32",Salaried,Business,North,Married,BR-005,Borrower needs financing for a family vacation abroad; moderate credit risk profile. Ref-900845.,No,false,No
APP-200846,TWN,Pension,2024-03-01,2023/06/11,33.0,43809.0,629,87498.79,2,0.735,5.9,"$2,202.30",Unemployed,Business,North,Married,BR-015,Client seeks a loan to cover tuition and education costs; moderate credit risk profile. Ref-900846.,No,true,No
APP-200847,TWN,n/a,2022-11-14,11/10/2024,30.0,112722.0,787,92791.39,0,0.237,1.54,"$2,786.83",Unemployed,Home,North,Married,BR-007,Client applies for credit toward medical expenses; good repayment record. Ref-900847.,No,false,No
APP-200848,TWN,,2023-05-03,2022-11-28 00:00:00,18.0,78275.0,746,188988.82,0,0.746,7.07,"$5,423.28",Salaried,Education,South,Divorced,BR-008,Customer requests funding for a new vehicle purchase; existing customer over 5 years. Ref-900848.,No,false,Yes
APP-200849,TWN,Rental,2024-04-18,2022/11/02,,67784.0,589,179795.42,1,0.531,0.8,"$5,463.18",Unemployed,Car,North,Married,BR-039,Applicant seeks a loan to cover a new vehicle purchase; first-time applicant. Ref-900849.,No,true,Yes
APP-200850,TWN,n/a,2022-02-20,05-11-2022,35.0,46757.0,732,72453.38,1,0.334,9.7,"$2,011.48",Self-employed,Travel,North,Divorced,BR-026,Applicant needs financing for a new vehicle purchase; moderate credit risk profile. Ref-900850.,Yes,false,Yes
APP-200851,TWN,?,2021-02-21,07/16/2021,67.0,77631.0,694,97942.32,3,0.363,2.02,"$2,595.88",Self-employed,Home,North,Married,BR-025,Applicant seeks a loan to cover tuition and education costs; first-time applicant. Ref-900851.,Yes,false,Yes
APP-200852,TWN,,2023-08-15,28-02-2023,43.0,29712.0,654,87271.91,1,0.779,2.54,"$2,206.36",Contract,Home,North,Married,BR-017,Applicant applies for credit toward a new vehicle purchase; existing customer over 5 years. Ref-900852.,No,false,No
APP-200853,TWN,Dividend,2022-03-02,07/15/2024,42.0,31319.0,710,91990.08,0,0.895,2.0,"$2,584.41",Salaried,Car,North,Single,BR-040,Borrower requests funding for tuition and education costs; moderate credit risk profile. Ref-900853.,Yes,false,No
APP-200854,TWN,Dividend,2022-01-15,2024/07/04,18.0,88640.0,731,71960.18,2,0.163,9.91,"$2,110.63",Salaried,Car,North,Married,BR-037,Borrower requests funding for medical expenses; first-time applicant. Ref-900854.,Yes,false,No
APP-200855,TWN,Pension,2022-12-15,12/09/2024,57.0,28539.0,642,52839.07,0,0.722,2.87,"$1,592.97",Salaried,Home,North,Married,BR-004,Borrower needs financing for a new vehicle purchase; good repayment record. Ref-900855.,Yes,false,No
APP-200856,TWN,NA,2024-07-04,2021/09/02,35.0,127396.0,661,202836.6,1,0.472,6.05,"$5,497.04",Self-employed,Medical,North,Single,BR-004,Borrower applies for credit toward expanding a small business; good repayment record. Ref-900856.,Yes,false,No
APP-200857,TWN,?,2024-05-28,04/06/2024,37.0,54149.0,690,65006.15,0,0.279,9.91,"$1,722.79",Salaried,Car,North,Married,BR-011,Borrower needs financing for medical expenses; existing customer over 5 years. Ref-900857.,Yes,false,Yes
APP-200858,TWN,n/a,2023-12-03,2023/01/04,18.0,70381.0,615,126501.19,1,0.589,9.5,"$3,329.87",Self-employed,Home,North,Single,BR-041,Applicant applies for credit toward a new vehicle purchase; good repayment record. Ref-900858.,No,false,Yes
APP-200859,TWN,null,2022-01-30,06-01-2022,50.0,64511.0,692,140008.71,0,0.684,0.42,"$4,228.71",Self-employed,Home,North,Married,BR-033,Customer requests funding for tuition and education costs; existing customer over 5 years. Ref-900859.,Yes,true,No
APP-200860,TWN,Pension,2024-10-11,2024-01-17 00:00:00,51.0,76668.0,674,108598.96,0,0.484,5.21,"$3,124.25",Self-employed,Business,North,Married,BR-017,Customer applies for credit toward a new vehicle purchase; good repayment record. Ref-900860.,Yes,true,No
APP-200861,TWN,Rental,2024-04-16,2021/10/06,32.0,54048.0,635,68575.15,0,0.505,6.01,"$1,917.38",Self-employed,Car,North,Married,BR-020,Customer seeks a loan to cover expanding a small business; good repayment record. Ref-900861.,No,false,Yes
APP-200862,TWN,Rental,2021-02-24,11/06/2022,40.0,51716.0,624,137478.23,3,0.766,7.02,"$4,139.54",Salaried,Home,North,Single,BR-033,Applicant applies for credit toward a family vacation abroad; stable employment history. Ref-900862.,No,false,No
APP-200863,TWN,,2021-12-24,02/06/2023,44.0,58359.0,700,125160.89,0,0.429,3.36,"$3,647.78",Self-employed,Car,North,Married,BR-013,Applicant requests funding for a family vacation abroad; existing customer over 5 years. Ref-900863.,No,false,Yes
APP-200864,TWN,n/a,2021-06-27,22-03-2023,51.0,105041.0,737,132720.81,3,0.303,3.28,"$3,711.62",Salaried,Home,North,Married,BR-010,Applicant seeks a loan to cover a new vehicle purchase; good repayment record. Ref-900864.,No,false,Yes
APP-200865,TWN,Dividend,2022-03-19,02-05-2023,41.0,109556.0,701,97555.16,0,0.251,0.04,"$2,857.70",Self-employed,Car,South,Married,BR-037,Client applies for credit toward a family vacation abroad; stable employment history. Ref-900865.,No,true,No
APP-200866,TWN,Pension,2023-09-16,05/19/2021,60.0,117543.0,624,171832.89,1,0.366,0.35,"$4,930.90",Salaried,Home,North,Married,BR-004,Borrower applies for credit toward expanding a small business; existing customer over 5 years. Ref-900866.,Yes,true,No
APP-200867,TWN,Rental,2023-03-20,06-07-2024,36.0,74634.0,729,212546.17,1,0.847,5.5,"$6,200.56",Salaried,Car,North,Single,BR-039,Customer requests funding for home renovation and repairs; existing customer over 5 years. Ref-900867.,No,false,No
APP-200868,TWN,,2021-08-01,10/07/2021,32.0,56244.0,691,144922.41,0,0.841,0.76,"$3,892.78",Self-employed,Travel,North,Married,BR-003,Customer seeks a loan to cover a new vehicle purchase; existing customer over 5 years. Ref-900868.,Yes,false,Yes
APP-200869,TWN,Freelance,2023-08-13,2024-11-13 00:00:00,34.0,26848.0,719,27522.05,0,0.312,2.02,$795.69,Salaried,Car,North,Married,BR-023,Customer needs financing for medical expenses; good repayment record. Ref-900869.,No,false,No
APP-200870,TWN,null,2023-05-19,01-11-2024,18.0,85762.0,756,172824.2,3,0.425,3.33,"$4,476.07",Contract,Medical,North,Single,BR-012,Applicant requests funding for tuition and education costs; moderate credit risk profile. Ref-900870.,No,false,No
APP-200871,TWN,?,2024-07-08,2024-08-22 00:00:00,?,94674.0,621,48570.05,2,0.105,0.7,"$1,226.33",Contract,Car,North,Married,BR-022,Borrower requests funding for a family vacation abroad; stable employment history. Ref-900871.,Yes,false,No
APP-200872,TWN,NA,2022-03-31,2022-03-10 00:00:00,51.0,50835.0,671,140705.27,2,0.569,0.31,"$3,909.09",Self-employed,Home,North,Married,BR-010,Borrower requests funding for expanding a small business; first-time applicant. Ref-900872.,Yes,false,No
APP-200873,TWN,NA,2024-07-08,2022-05-15 00:00:00,43.0,93107.0,641,265842.45,2,0.962,9.27,"$7,773.21",Salaried,Car,North,Widowed,BR-010,Customer requests funding for expanding a small business; first-time applicant. Ref-900873.,No,true,Yes
APP-200874,TWN,?,2023-08-17,11-02-2024,30.0,118481.0,622,123365.6,2,0.293,4.35,"$3,236.98",Salaried,Home,North,Divorced,BR-029,Applicant needs financing for tuition and education costs; first-time applicant. Ref-900874.,No,false,No
APP-200875,TWN,-,2022-01-01,2023-05-05 00:00:00,44.0,65205.0,811,88453.6,2,0.421,2.05,"$2,647.94",Salaried,Car,North,Married,BR-031,Applicant needs financing for tuition and education costs; existing customer over 5 years. Ref-900875.,No,false,Yes
APP-200876,TWN,-,2022-04-18,2024-12-04 00:00:00,18.0,105504.0,741,132175.66,2,0.351,7.08,"$3,647.31",Self-employed,Education,North,Married,BR-028,Customer needs financing for expanding a small business; moderate credit risk profile. Ref-900876.,No,false,No
APP-200877,TWN,null,2023-12-25,2021-06-30 00:00:00,36.0,72548.0,564,70025.29,0,0.326,0.09,"$2,009.25",Retired,Home,North,Single,BR-002,Borrower requests funding for medical expenses; first-time applicant. Ref-900877.,Yes,false,Yes
APP-200878,TWN,,2023-10-08,2023-05-15 00:00:00,46.0,26127.0,708,57704.51,2,0.879,2.45,"$1,721.38",Salaried,Medical,North,Widowed,BR-041,Customer seeks a loan to cover a new vehicle purchase; first-time applicant. Ref-900878.,No,false,No
APP-200879,TWN,Rental,2023-07-17,01/28/2023,48.0,49115.0,643,70825.06,2,0.465,9.61,"$2,084.80",Salaried,Car,North,Single,BR-044,Applicant applies for credit toward medical expenses; existing customer over 5 years. Ref-900879.,No,true,No
APP-200880,TWN,?,2022-08-12,2024/09/24,30.0,50677.0,755,25975.14,2,0.124,8.98,$743.48,Salaried,Medical,North,Single,BR-028,Applicant applies for credit toward tuition and education costs; moderate credit risk profile. Ref-900880.,Yes,false,No
APP-200881,TWN,Rental,2022-07-18,14-04-2021,50.0,81063.0,685,85035.36,2,0.362,6.36,"$2,257.29",Retired,Medical,North,Single,BR-013,Client applies for credit toward a new vehicle purchase; moderate credit risk profile. Ref-900881.,Yes,false,No
APP-200882,TWN,,2023-03-28,2022-09-22 00:00:00,62.0,40401.0,668,86959.66,0,0.523,0.93,"$2,259.71",Salaried,Travel,North,Separated,BR-026,Applicant applies for credit toward a family vacation abroad; existing customer over 5 years. Ref-900882.,No,false,No
APP-200883,TWN,NA,2024-02-08,12-06-2021,34.0,49956.0,689,112611.92,0,0.761,3.18,"$3,172.70",Salaried,Education,North,Married,BR-026,Client applies for credit toward home renovation and repairs; first-time applicant. Ref-900883.,Yes,false,No
APP-200884,TWN,Rental,2022-01-05,01/12/2024,48.0,38452.0,705,20817.17,1,0.17,0.28,$588.78,,Home,North,Married,BR-012,Client needs financing for medical expenses; moderate credit risk profile. Ref-900884.,No,false,No
APP-200885,TWN,Freelance,-,06/28/2021,21.0,61025.0,682,114418.06,0,0.379,2.19,"$3,241.07",Salaried,Car,North,Single,BR-022,Applicant applies for credit toward expanding a small business; existing customer over 5 years. Ref-900885.,No,false,No
APP-200886,TWN,,2021-10-19,2024-11-24 00:00:00,18.0,64423.0,665,135085.71,1,0.498,0.25,"$3,674.93",Salaried,Car,North,Divorced,BR-002,Customer needs financing for a family vacation abroad; existing customer over 5 years. Ref-900886.,No,true,No
APP-200887,TWN,NA,2022-12-01,03/17/2022,47.0,null,671,211917.52,1,0.513,1.26,"$5,506.14",Self-employed,Business,North,Married,BR-006,Client applies for credit toward home renovation and repairs; stable employment history. Ref-900887.,Yes,true,No
APP-200888,TWN,NA,2022-03-28,2022/10/03,40.0,null,713,197278.51,1,0.586,6.33,"$5,947.33",Salaried,Business,North,Married,BR-028,Client applies for credit toward home renovation and repairs; first-time applicant. Ref-900888.,No,true,Yes
APP-200889,TWN,null,2024-08-30,2022-03-29 00:00:00,42.0,67554.0,606,165550.19,2,0.923,1.0,"$4,761.69",Salaried,Home,North,Married,BR-025,Client applies for credit toward tuition and education costs; first-time applicant. Ref-900889.,No,false,No
APP-200890,TWN,Freelance,2021-09-14,08-05-2022,32.0,70194.0,680,93923.31,1,0.458,1.56,"$2,708.63",Salaried,Business,North,Married,BR-008,Applicant seeks a loan to cover tuition and education costs; moderate credit risk profile. Ref-900890.,Yes,true,No
APP-200891,TWN,Rental,2021-07-06,2023/10/27,36.0,65699.0,672,172622.89,2,0.778,9.03,"$4,338.80",Unemployed,Car,North,Single,BR-043,Customer requests funding for expanding a small business; moderate credit risk profile. Ref-900891.,No,false,Yes
APP-200892,TWN,-,2023-09-25,06/20/2022,49.0,65826.0,648,105586.62,3,0.451,3.35,"$2,950.97",Salaried,Education,North,Widowed,BR-045,Borrower needs financing for tuition and education costs; stable employment history. Ref-900892.,No,true,Yes
APP-200893,TWN,,2021-08-31,2021/04/22,60.0,134837.0,728,87808.52,1,0.134,3.33,"$2,454.89",Salaried,Education,North,Married,BR-045,Borrower applies for credit toward home renovation and repairs; first-time applicant. Ref-900893.,No,false,No
APP-200894,TWN,-,2024-12-14,08/08/2021,null,,596,38208.66,1,0.518,0.87,$971.25,Salaried,Car,North,Single,BR-031,Applicant requests funding for home renovation and repairs; first-time applicant. Ref-900894.,No,false,Yes
APP-200895,TWN,-,2024-01-21,06/12/2021,20.0,56993.0,656,77321.35,0,0.51,7.96,"$2,026.20",Salaried,Education,North,Married,BR-026,Applicant requests funding for a new vehicle purchase; stable employment history. Ref-900895.,No,false,No
APP-200896,TWN,-,2024-07-11,12/09/2024,55.0,72757.0,624,151909.12,1,0.575,6.76,"$3,930.30",Salaried,Car,North,Single,BR-002,Applicant applies for credit toward medical expenses; first-time applicant. Ref-900896.,Yes,false,No
APP-200897,TWN,Rental,2022-03-23,08/17/2023,47.0,109475.0,716,156891.04,1,0.365,5.47,"$4,461.26",Salaried,Education,North,Divorced,BR-034,Client applies for credit toward a family vacation abroad; stable employment history. Ref-900897.,No,true,Yes
APP-200898,TWN,n/a,2023-12-27,2024-10-04 00:00:00,48.0,NA,649,62816.91,0,0.677,6.18,"$1,874.49",Salaried,Business,North,Single,BR-020,Client seeks a loan to cover expanding a small business; existing customer over 5 years. Ref-900898.,Yes,false,No
APP-200899,TWN,Rental,2023-05-05,10-09-2023,42.0,74010.0,683,139761.22,0,0.462,1.0,"$3,983.83",Self-employed,Car,South,Single,BR-013,Applicant applies for credit toward home renovation and repairs; good repayment record. Ref-900899.,No,true,No
APP-200900,TWN,NA,2022-09-11,10/07/2023,?,95750.0,705,217366.82,2,0.818,2.6,"$5,827.91",Salaried,Business,North,Married,BR-005,Borrower applies for credit toward tuition and education costs; moderate credit risk profile. Ref-900900.,No,true,Yes
APP-200901,TWN,Dividend,2022-12-27,2023-11-04 00:00:00,40.0,49804.0,575,61795.62,0,0.343,5.84,"$1,835.60",Unemployed,Car,North,Married,BR-014,Applicant requests funding for home renovation and repairs; moderate credit risk profile. Ref-900901.,No,true,No
APP-200902,TWN,Dividend,2021-01-25,2024-07-17 00:00:00,46.0,23960.0,710,52099.57,1,0.594,9.52,"$1,461.69",Self-employed,Home,North,Married,BR-001,Customer requests funding for tuition and education costs; good repayment record. Ref-900902.,No,true,No
APP-200903,TWN,Rental,2021-08-01,2023/11/18,18.0,51981.0,631,56267.76,1,0.289,8.17,"$1,663.47",Contract,Education,North,Single,BR-022,Applicant seeks a loan to cover tuition and education costs; existing customer over 5 years. Ref-900903.,No,false,Yes
APP-200904,TWN,NA,2021-07-01,29-10-2022,32.0,34137.0,663,84578.55,1,0.629,6.41,"$2,387.97",Salaried,Car,East,Married,BR-018,Applicant seeks a loan to cover a family vacation abroad; first-time applicant. Ref-900904.,No,false,Yes
APP-200905,TWN,Dividend,NA,26-08-2023,31.0,,673,92913.67,0,0.272,5.19,"$2,405.26",Contract,Medical,North,Married,BR-013,Borrower applies for credit toward a new vehicle purchase; stable employment history. Ref-900905.,No,false,No
APP-200906,TWN,Dividend,2022-01-28,30-07-2022,,40665.0,733,27637.74,0,0.174,0.15,$756.66,Salaried,Home,North,Married,BR-042,Applicant requests funding for expanding a small business; good repayment record. Ref-900906.,No,true,No
APP-200907,TWN,?,2023-12-19,2023-03-18 00:00:00,44.0,151575.0,728,90333.06,0,0.175,8.91,"$2,392.19",Salaried,Education,North,Single,BR-039,Client requests funding for a family vacation abroad; stable employment history. Ref-900907.,Yes,false,Yes
APP-200908,TWN,,?,07/23/2021,30.0,66790.0,795,133343.53,0,0.576,0.67,"$3,566.04",Unemployed,Home,North,Married,BR-006,Applicant requests funding for medical expenses; good repayment record. Ref-900908.,No,false,Yes
APP-200909,TWN,null,2021-07-31,19-12-2023,60.0,n/a,692,54400.1,2,0.267,1.29,"$1,376.86",Salaried,Education,North,Married,BR-036,Client applies for credit toward tuition and education costs; first-time applicant. Ref-900909.,No,true,No
APP-200910,TWN,NA,2022-04-20,14-02-2021,27.0,48352.0,649,93629.72,0,0.54,6.93,"$2,741.95",Salaried,Education,North,Married,BR-045,Applicant seeks a loan to cover home renovation and repairs; stable employment history. Ref-900910.,Yes,true,No
APP-200911,TWN,null,2022-01-15,04/30/2021,34.0,null,647,46020.17,1,0.465,8.12,"$1,294.60",Salaried,Education,North,Divorced,BR-042,Customer requests funding for tuition and education costs; good repayment record. Ref-900911.,No,true,No
APP-200912,TWN,NA,2021-06-17,26-12-2021,42.0,75609.0,723,120883.96,0,0.561,7.87,"$3,236.87",Self-employed,Home,North,Married,BR-021,Borrower needs financing for home renovation and repairs; first-time applicant. Ref-900912.,No,false,Yes
APP-200913,TWN,n/a,2024-03-14,11/06/2021,24.0,?,785,350902.27,3,0.603,4.52,"$10,164.74",Salaried,Car,North,Single,BR-041,Client applies for credit toward home renovation and repairs; good repayment record. Ref-900913.,Yes,false,Yes
APP-200914,TWN,n/a,2022-06-28,01/15/2024,46.0,55872.0,702,156936.13,1,0.678,1.77,"$4,334.98",Salaried,Medical,North,Married,BR-014,Customer requests funding for tuition and education costs; existing customer over 5 years. Ref-900914.,Yes,false,No
APP-200915,TWN,null,2024-08-24,2023/12/19,47.0,98814.0,642,60054.42,2,0.198,0.35,"$1,525.77",Salaried,Car,North,Married,BR-031,Applicant requests funding for tuition and education costs; moderate credit risk profile. Ref-900915.,No,false,Yes
APP-200916,TWN,Dividend,2024-05-17,05-12-2021,36.0,38847.0,698,111510.77,3,0.935,8.51,"$3,285.61",Salaried,Home,North,Married,BR-042,Client requests funding for a family vacation abroad; moderate credit risk profile. Ref-900916.,Yes,false,Yes
APP-200917,TWN,Dividend,2024-06-24,2021-10-09 00:00:00,62.0,null,697,127916.23,0,0.37,9.78,"$3,772.53",Salaried,Medical,North,Married,BR-011,Client seeks a loan to cover a new vehicle purchase; first-time applicant. Ref-900917.,No,false,No
APP-200918,TWN,-,2023-12-17,2022/05/20,40.0,196912.0,682,462556.36,2,0.616,2.44,"$12,986.98",NA,Education,North,Divorced,BR-015,Borrower needs financing for expanding a small business; existing customer over 5 years. Ref-900918.,No,true,No
APP-200919,TWN,n/a,2023-01-03,14-02-2023,43.0,30815.0,631,87016.01,2,0.853,8.66,"$2,487.78",n/a,Car,North,Single,BR-003,Applicant requests funding for tuition and education costs; moderate credit risk profile. Ref-900919.,No,false,Yes
APP-200920,TWN,Pension,2022-09-13,2023/11/09,28.0,115233.0,514,111886.54,0,0.327,4.03,"$3,145.71",Salaried,Business,North,Married,BR-007,Borrower requests funding for medical expenses; stable employment history. Ref-900920.,Yes,false,Yes
APP-200921,TWN,,2022-06-21,2022/01/16,19.0,111904.0,645,162844.47,2,0.455,3.11,"$4,332.75",Contract,Education,North,Married,BR-028,Applicant applies for credit toward tuition and education costs; stable employment history. Ref-900921.,Yes,true,No
APP-200922,TWN,?,2023-07-06,10/15/2023,32.0,24308.0,749,66065.69,0,0.893,5.05,"$1,672.30",Salaried,Travel,North,Married,BR-042,Client applies for credit toward home renovation and repairs; first-time applicant. Ref-900922.,No,false,No
APP-200923,TWN,?,2022-10-13,22-09-2022,36.0,30374.0,694,54624.86,2,0.679,0.08,"$1,562.40",Salaried,Education,North,Single,BR-020,Client needs financing for medical expenses; stable employment history. Ref-900923.,No,false,No
APP-200924,TWN,,2024-06-07,04/24/2021,34.0,38195.0,536,104794.01,3,1.03,4.43,"$2,783.99",Salaried,Travel,North,Divorced,BR-042,Client seeks a loan to cover medical expenses; moderate credit risk profile. Ref-900924.,No,false,Yes
APP-200925,TWN,,2021-09-15,02-05-2024,49.0,101001.0,680,262095.58,1,0.623,2.0,"$7,633.54",Salaried,Medical,North,Divorced,BR-026,Customer seeks a loan to cover a family vacation abroad; first-time applicant. Ref-900925.,No,true,Yes
APP-200926,TWN,null,2022-06-18,04/23/2022,?,50214.0,559,150456.16,1,1.12,7.12,"$4,018.84",Salaried,Car,North,Single,BR-036,Borrower seeks a loan to cover medical expenses; first-time applicant. Ref-900926.,No,false,Yes
APP-200927,TWN,Rental,2022-12-26,08/23/2023,26.0,57226.0,810,123148.67,1,0.521,5.03,"$3,343.14",n/a,Home,North,Married,BR-035,Client requests funding for tuition and education costs; stable employment history. Ref-900927.,Yes,false,No
APP-200928,TWN,Rental,2022-02-15,2022-02-17 00:00:00,18.0,88623.0,692,59160.89,0,0.134,8.69,"$1,776.08",Contract,Medical,North,Married,BR-035,Borrower needs financing for expanding a small business; good repayment record. Ref-900928.,No,true,No
APP-200929,TWN,n/a,2021-12-04,10/12/2022,55.0,65996.0,601,181925.85,0,0.982,8.97,"$4,660.67",Salaried,Car,South,Married,BR-014,Applicant needs financing for a new vehicle purchase; stable employment history. Ref-900929.,No,false,Yes
APP-200930,TWN,?,2023-03-31,2023/08/09,33.0,69649.0,732,67051.69,1,0.367,3.17,"$1,775.02",Salaried,Business,North,Single,BR-021,Client seeks a loan to cover a family vacation abroad; good repayment record. Ref-900930.,Yes,false,Yes
APP-200931,TWN,Pension,2021-08-25,2022/02/04,NA,52981.0,629,47251.2,1,0.197,2.8,"$1,363.03",Salaried,Business,North,Married,BR-008,Borrower applies for credit toward medical expenses; stable employment history. Ref-900931.,Yes,false,No
APP-200932,TWN,,2024-02-16,04/23/2021,26.0,109134.0,717,155236.26,2,0.499,9.39,"$4,249.15",Salaried,Business,North,Married,BR-039,Applicant applies for credit toward a family vacation abroad; first-time applicant. Ref-900932.,No,false,No
APP-200933,TWN,Pension,2022-07-10,2024/03/21,50.0,42161.0,681,42892.98,1,0.22,5.04,"$1,279.13",Self-employed,Car,North,Divorced,BR-021,Client applies for credit toward a family vacation abroad; stable employment history. Ref-900933.,No,true,No
APP-200934,TWN,null,2024-01-01,2021/05/03,,143729.0,603,121985.07,0,0.325,0.97,"$3,133.40",Salaried,Education,North,Married,BR-019,Borrower applies for credit toward home renovation and repairs; stable employment history. Ref-900934.,No,true,No
APP-200935,TWN,null,2021-04-04,08/18/2023,42.0,52527.0,723,110065.29,1,0.613,0.46,"$2,762.18",Salaried,Education,North,Single,BR-034,Customer needs financing for a family vacation abroad; first-time applicant. Ref-900935.,Yes,true,No
APP-200936,TWN,Pension,-,2023/05/24,18.0,41737.0,592,115821.07,3,0.826,9.9,"$3,409.87",Contract,Car,North,Single,BR-022,Borrower needs financing for home renovation and repairs; moderate credit risk profile. Ref-900936.,No,false,No
APP-200937,TWN,null,2022-11-18,2022-10-05 00:00:00,53.0,85927.0,768,99596.87,2,0.443,5.79,"$2,576.53",Contract,Car,North,Married,BR-033,Client requests funding for medical expenses; first-time applicant. Ref-900937.,Yes,false,No
APP-200938,TWN,Dividend,2024-05-27,2021/09/02,44.0,77914.0,684,111813.23,1,0.374,0.54,"$2,971.75",Salaried,Travel,North,Single,BR-008,Client seeks a loan to cover home renovation and repairs; stable employment history. Ref-900938.,No,false,No
APP-200939,TWN,n/a,2023-10-14,2024-06-23 00:00:00,?,5000000.0,613,10515558.42,0,0.648,5.11,"$274,366.14",Salaried,Home,North,Single,BR-032,Borrower applies for credit toward expanding a small business; stable employment history. Ref-900939.,Yes,false,Yes
APP-200940,TWN,null,2024-03-19,21-07-2022,54.0,69446.0,561,86801.86,1,0.275,5.04,"$2,379.73",Self-employed,Business,North,Married,BR-024,Applicant applies for credit toward a new vehicle purchase; existing customer over 5 years. Ref-900940.,No,false,No
APP-200941,TWN,,2023-08-10,08-10-2023,37.0,31653.0,786,54858.35,0,0.408,4.35,"$1,647.75",Salaried,Home,North,Single,BR-031,Client applies for credit toward medical expenses; moderate credit risk profile. Ref-900941.,Yes,false,No
APP-200942,TWN,?,2021-06-09,2024/05/16,37.0,NA,775,114217.39,1,0.854,9.51,"$3,163.51",Self-employed,Home,North,Single,BR-033,Client requests funding for expanding a small business; first-time applicant. Ref-900942.,No,false,No
APP-200943,TWN,null,2024-11-24,12/02/2024,48.0,92110.0,598,73000.88,2,0.296,9.49,"$2,118.70",Salaried,Medical,North,Single,BR-014,Borrower applies for credit toward tuition and education costs; first-time applicant. Ref-900943.,Yes,false,Yes
APP-200944,TWN,Freelance,2022-07-27,03/05/2024,45.0,40378.0,788,74169.75,0,0.504,1.25,"$1,918.55",Salaried,Home,North,Single,BR-012,Borrower applies for credit toward tuition and education costs; moderate credit risk profile. Ref-900944.,Yes,false,No
APP-200945,TWN,Dividend,2024-07-17,2023-08-29 00:00:00,36.0,74216.0,691,76644.95,1,0.208,1.52,"$2,144.19",Salaried,Education,North,Single,BR-036,Borrower seeks a loan to cover home renovation and repairs; existing customer over 5 years. Ref-900945.,Yes,true,Yes
APP-200946,TWN,-,2023-01-14,2024/11/21,40.0,?,666,125031.16,2,0.6,4.07,"$3,279.24",Self-employed,Home,North,Married,BR-007,Borrower needs financing for expanding a small business; first-time applicant. Ref-900946.,No,false,No
APP-200947,TWN,null,2023-07-15,2024-08-06 00:00:00,33.0,163288.0,674,166628.17,0,0.306,8.34,"$4,368.75",Salaried,Business,North,Single,BR-031,Client seeks a loan to cover medical expenses; good repayment record. Ref-900947.,No,false,No
APP-200948,TWN,null,2021-09-23,2021/02/17,48.0,59193.0,662,149577.65,2,0.538,6.24,"$3,995.16",Salaried,Education,North,Married,BR-004,Client needs financing for a new vehicle purchase; good repayment record. Ref-900948.,Yes,false,No
APP-200949,TWN,Freelance,2024-08-03,2023/03/15,NA,34505.0,774,52007.37,0,0.345,7.3,"$1,411.85",Salaried,Home,North,Married,BR-024,Applicant applies for credit toward a family vacation abroad; good repayment record. Ref-900949.,Yes,false,No
APP-200950,TWN,NA,2024-03-01,04/03/2022,,35733.0,690,101016.75,0,0.693,5.76,"$2,928.18",Salaried,Education,North,Married,BR-022,Applicant needs financing for a new vehicle purchase; existing customer over 5 years. Ref-900950.,Yes,false,No
APP-200951,TWN,Freelance,2022-10-11,11/03/2023,62.0,39460.0,560,55531.2,0,0.519,2.1,"$1,419.68",Salaried,Medical,North,Married,BR-015,Customer seeks a loan to cover home renovation and repairs; moderate credit risk profile. Ref-900951.,No,true,No
APP-200952,TWN,Pension,2022-09-04,2021/07/02,21.0,66126.0,817,114566.8,2,0.494,8.18,"$3,031.05",Retired,Business,North,Single,BR-005,Applicant applies for credit toward tuition and education costs; moderate credit risk profile. Ref-900952.,No,false,No
APP-200953,TWN,Dividend,2024-03-12,2024/05/14,,61936.0,738,47488.82,2,0.175,0.14,"$1,443.28",Unemployed,Home,North,Married,BR-034,Applicant seeks a loan to cover a family vacation abroad; stable employment history. Ref-900953.,No,false,Yes
APP-200954,TWN,n/a,2021-08-30,11/15/2024,60.0,100681.0,609,120122.25,0,0.367,6.98,"$3,243.80",Contract,Travel,North,Married,BR-019,Applicant applies for credit toward a new vehicle purchase; stable employment history. Ref-900954.,No,true,No
APP-200955,TWN,Pension,2022-02-20,2021/05/13,34.0,67400.0,657,103717.51,0,0.485,1.94,"$2,604.95",Contract,Business,North,Married,BR-014,Applicant seeks a loan to cover medical expenses; first-time applicant. Ref-900955.,No,false,Yes
APP-200956,TWN,?,2021-07-25,05-01-2024,n/a,66097.0,621,180579.55,4,0.883,4.71,"$5,387.13",Unemployed,Home,North,Single,BR-028,Applicant requests funding for medical expenses; good repayment record. Ref-900956.,No,false,Yes
APP-200957,TWN,Freelance,2023-02-08,2022-11-24 00:00:00,56.0,72857.0,683,143246.73,3,0.684,9.75,"$3,586.17",Salaried,Education,North,Married,BR-021,Applicant seeks a loan to cover expanding a small business; stable employment history. Ref-900957.,Yes,false,Yes
APP-200958,TWN,-,2022-06-28,2024/12/17,46.0,58065.0,706,146559.87,3,0.791,5.39,"$3,972.16",Salaried,Car,North,Married,BR-003,Customer needs financing for tuition and education costs; good repayment record. Ref-900958.,Yes,false,Yes
APP-200959,TWN,-,2024-12-01,06/04/2023,25.0,71682.0,696,188775.36,1,0.554,0.57,"$5,466.71",Contract,Education,North,Married,BR-002,Client needs financing for home renovation and repairs; first-time applicant. Ref-900959.,Yes,true,No
APP-200960,TWN,null,2024-07-28,2024-10-18 00:00:00,49.0,91600.0,641,66438.35,1,0.231,4.29,"$2,008.47",Unemployed,Home,North,Married,BR-036,Borrower applies for credit toward expanding a small business; good repayment record. Ref-900960.,No,false,No
APP-200961,TWN,Freelance,2023-05-25,26-03-2021,NA,91593.0,628,117898.99,0,0.413,6.6,"$3,531.64",Self-employed,Travel,South,Single,BR-024,Customer applies for credit toward a family vacation abroad; first-time applicant. Ref-900961.,Yes,true,No
APP-200962,TWN,Rental,2024-01-23,06/02/2023,23.0,47131.0,735,121624.82,0,0.776,0.57,"$3,673.20",Salaried,Medical,North,Single,BR-005,Client needs financing for home renovation and repairs; stable employment history. Ref-900962.,No,true,No
APP-200963,TWN,n/a,2023-01-10,27-02-2024,38.0,25568.0,673,61089.14,1,0.547,2.53,"$1,728.48",Salaried,Education,North,Single,BR-026,Client seeks a loan to cover a family vacation abroad; moderate credit risk profile. Ref-900963.,Yes,false,No
APP-200964,TWN,-,2022-09-14,03/23/2021,34.0,41305.0,827,78895.14,1,0.461,0.18,"$2,396.27",Salaried,Travel,North,Married,BR-006,Applicant applies for credit toward expanding a small business; good repayment record. Ref-900964.,Yes,false,No
APP-200965,TWN,?,2024-02-24,2023/11/11,26.0,71220.0,627,107513.76,1,0.491,5.4,"$2,827.05",Contract,Car,North,Single,BR-017,Customer requests funding for a new vehicle purchase; moderate credit risk profile. Ref-900965.,No,false,No
APP-200966,TWN,?,2022-06-12,05/15/2024,35.0,17821.0,732,31135.62,0,0.619,3.81,$833.96,Contract,Car,North,Single,BR-030,Borrower seeks a loan to cover home renovation and repairs; stable employment history. Ref-900966.,Yes,false,No
APP-200967,TWN,?,2022-04-02,2024-09-28 00:00:00,27.0,48746.0,683,26185.85,0,0.115,5.04,$749.68,Salaried,Education,North,Married,BR-043,Client applies for credit toward a family vacation abroad; stable employment history. Ref-900967.,Yes,true,No
APP-200968,TWN,Freelance,2021-07-26,03/05/2023,40.0,77384.0,630,63574.94,2,0.289,2.96,"$1,810.97",Salaried,Education,North,Married,BR-043,Customer seeks a loan to cover a family vacation abroad; first-time applicant. Ref-900968.,No,true,Yes
APP-200969,TWN,Freelance,2024-04-28,06/28/2022,39.0,?,769,64788.37,2,0.403,6.57,"$1,915.06",Unemployed,Car,South,Divorced,BR-044,Client seeks a loan to cover tuition and education costs; first-time applicant. Ref-900969.,No,false,No
APP-200970,TWN,-,2024-03-03,2024-05-17 00:00:00,48.0,35328.0,688,30039.69,0,0.277,1.73,$771.56,Unemployed,Education,North,Divorced,BR-006,Customer applies for credit toward medical expenses; good repayment record. Ref-900970.,No,false,Yes
APP-200971,TWN,-,2021-01-28,2022/11/16,135.0,148481.0,622,159738.52,0,0.384,9.07,"$4,324.06",NA,Car,North,Married,BR-016,Applicant needs financing for a new vehicle purchase; stable employment history. Ref-900971.,Yes,true,No
APP-200972,TWN,null,2024-05-15,15-04-2022,23.0,,659,310600.94,1,0.546,9.6,"$8,845.62",Self-employed,Medical,North,Married,BR-032,Borrower requests funding for tuition and education costs; stable employment history. Ref-900972.,No,false,Yes
APP-200973,TWN,null,2021-12-14,2024-08-24 00:00:00,24.0,54268.0,747,131351.01,4,0.837,4.93,"$3,347.26",Retired,Car,North,Single,BR-008,Borrower needs financing for a new vehicle purchase; existing customer over 5 years. Ref-900973.,Yes,false,Yes
APP-200974,TWN,null,2024-07-20,02/13/2024,36.0,119605.0,600,278340.69,1,0.811,4.65,"$7,738.73",Salaried,Car,North,Single,BR-022,Client requests funding for tuition and education costs; moderate credit risk profile. Ref-900974.,No,false,Yes
APP-200975,TWN,null,2021-09-16,2022-08-24 00:00:00,58.0,118149.0,770,226364.94,1,0.563,8.6,"$6,762.69",Salaried,Education,North,Single,BR-004,Applicant applies for credit toward home renovation and repairs; existing customer over 5 years. Ref-900975.,Yes,false,No
APP-200976,TWN,Freelance,2021-08-20,03/04/2021,50.0,35077.0,725,98371.63,1,0.705,2.9,"$2,472.79",Contract,Home,North,Married,BR-010,Borrower needs financing for tuition and education costs; good repayment record. Ref-900976.,Yes,false,Yes
APP-200977,TWN,n/a,2022-01-11,2024/05/03,32.0,235665.0,662,253175.87,0,0.338,8.03,"$7,504.02",Contract,Car,South,Married,BR-010,Borrower seeks a loan to cover expanding a small business; first-time applicant. Ref-900977.,Yes,false,Yes
APP-200978,TWN,NA,2024-09-25,20-11-2021,51.0,38611.0,769,79197.19,1,0.651,2.87,"$2,296.23",Salaried,Business,North,Married,BR-026,Applicant needs financing for home renovation and repairs; existing customer over 5 years. Ref-900978.,Yes,false,Yes
APP-200979,TWN,Freelance,2024-10-12,2022-09-08 00:00:00,25.0,54069.0,794,83914.29,0,0.436,7.2,"$2,298.06",Self-employed,Education,North,Divorced,BR-026,Customer seeks a loan to cover tuition and education costs; moderate credit risk profile. Ref-900979.,Yes,true,No
APP-200980,TWN,NA,2023-08-23,03/07/2021,52.0,35653.0,719,101786.37,0,0.871,3.34,"$2,667.43",Salaried,Car,North,Married,BR-020,Customer requests funding for medical expenses; first-time applicant. Ref-900980.,No,true,Yes
APP-200981,TWN,null,2021-02-04,09-05-2022,35.0,64081.0,691,87067.29,2,0.472,6.03,"$2,555.28",Salaried,Home,North,Married,BR-006,Customer applies for credit toward a family vacation abroad; moderate credit risk profile. Ref-900981.,No,false,No
APP-200982,TWN,-,2023-06-21,15-08-2024,49.0,31933.0,801,34985.66,1,0.393,9.26,$943.80,Retired,Education,North,Single,BR-018,Borrower requests funding for a new vehicle purchase; good repayment record. Ref-900982.,No,false,No
APP-200983,TWN,?,2022-03-13,2022/02/09,47.0,61391.0,778,148567.76,0,0.941,0.54,"$4,232.70",Unemployed,Car,North,Single,BR-013,Customer seeks a loan to cover a new vehicle purchase; moderate credit risk profile. Ref-900983.,No,false,No
APP-200984,TWN,,2023-12-02,04/13/2021,36.0,105826.0,619,267278.0,1,0.997,8.07,"$6,872.55",Salaried,Car,South,Married,BR-040,Borrower requests funding for a family vacation abroad; first-time applicant. Ref-900984.,No,false,No
APP-200985,TWN,?,2023-04-19,11/08/2021,43.0,n/a,666,157383.29,2,0.47,5.42,"$4,600.37",null,Medical,North,Married,BR-030,Borrower seeks a loan to cover a family vacation abroad; stable employment history. Ref-900985.,No,false,Yes
APP-200986,TWN,,2024-07-01,09/15/2021,27.0,53943.0,666,132620.51,1,0.937,3.79,"$3,991.42",Self-employed,Travel,South,Divorced,BR-026,Client applies for credit toward medical expenses; stable employment history. Ref-900986.,No,true,Yes
APP-200987,TWN,?,2023-10-24,2022/09/22,39.0,133310.0,653,130638.8,2,0.369,3.5,"$3,934.00",Salaried,Car,North,Married,BR-034,Client applies for credit toward expanding a small business; good repayment record. Ref-900987.,Yes,false,No
APP-200988,TWN,null,2022-04-05,2021-08-14 00:00:00,n/a,39309.0,582,79102.69,2,0.804,0.69,"$2,408.57",Salaried,Home,North,Single,BR-037,Applicant applies for credit toward medical expenses; existing customer over 5 years. Ref-900988.,Yes,true,No
APP-200989,TWN,Dividend,2024-02-04,24-08-2021,80.0,99832.0,739,183972.88,2,0.661,2.58,"$4,663.25",Self-employed,Education,North,Married,BR-025,Client applies for credit toward expanding a small business; first-time applicant. Ref-900989.,No,true,Yes
APP-200990,TWN,null,2021-12-17,2022-01-11 00:00:00,48.0,52885.0,685,146693.62,1,1.08,6.23,"$4,328.77",Salaried,Car,North,Married,BR-002,Customer requests funding for a new vehicle purchase; good repayment record. Ref-900990.,No,false,Yes
APP-200991,TWN,Freelance,2022-07-14,2024-04-23 00:00:00,40.0,68502.0,686,102307.25,1,0.592,0.98,"$2,695.76",Retired,Business,North,Divorced,BR-020,Applicant needs financing for a new vehicle purchase; first-time applicant. Ref-900991.,No,false,No
APP-200992,TWN,null,2021-12-11,2022-02-14 00:00:00,27.0,62454.0,772,69588.88,1,0.253,6.69,"$1,781.22",Self-employed,Medical,North,Single,BR-043,Applicant seeks a loan to cover a new vehicle purchase; first-time applicant. Ref-900992.,No,false,No
APP-200993,TWN,?,2021-11-18,23-11-2024,52.0,65527.0,643,83123.12,0,0.284,9.62,"$2,445.02",Salaried,Car,North,Single,BR-017,Applicant needs financing for a new vehicle purchase; moderate credit risk profile. Ref-900993.,Yes,false,No
APP-200994,TWN,Freelance,?,2023-12-29 00:00:00,20.0,59835.0,676,106520.13,1,0.556,9.81,"$3,192.74",Salaried,Business,North,Married,BR-011,Applicant requests funding for a new vehicle purchase; existing customer over 5 years. Ref-900994.,No,false,Yes
APP-200995,TWN,Pension,2024-05-29,2021/05/23,30.0,41551.0,698,122912.46,0,1.133,8.89,"$3,119.12",Salaried,Car,North,Single,BR-035,Customer needs financing for expanding a small business; stable employment history. Ref-900995.,No,false,No
APP-200996,TWN,Pension,2022-10-12,2022-07-04 00:00:00,44.0,46219.0,652,103754.94,1,0.688,8.07,"$2,713.52",Self-employed,Medical,North,Married,BR-024,Client needs financing for medical expenses; moderate credit risk profile. Ref-900996.,Yes,false,No
APP-200997,TWN,Pension,2021-06-28,03/22/2021,25.0,76557.0,673,176092.55,2,0.693,1.78,"$4,866.46",Salaried,Home,North,Single,BR-002,Borrower requests funding for tuition and education costs; existing customer over 5 years. Ref-900997.,Yes,false,Yes
APP-200998,TWN,n/a,2024-01-02,09/22/2021,n/a,58149.0,730,96936.21,0,0.619,9.7,"$2,889.94",Self-employed,Home,North,Single,BR-004,Client needs financing for a family vacation abroad; existing customer over 5 years. Ref-900998.,No,false,No
APP-200999,TWN,-,2021-04-05,2021/01/06,53.0,n/a,679,51166.95,2,0.473,2.03,"$1,410.68",Salaried,Business,North,Married,BR-022,Borrower requests funding for tuition and education costs; moderate credit risk profile. Ref-900999.,No,true,No
APP-201000,TWN,NA,2023-04-01,2022/06/13,33.0,43107.0,767,121937.21,0,1.032,8.69,"$3,080.43",Salaried,Home,North,Single,BR-010,Client needs financing for a family vacation abroad; good repayment record. Ref-901000.,No,false,Yes
APP-201001,TWN,n/a,2021-12-05,22-09-2024,33.0,43363.0,631,70519.05,1,0.522,8.78,"$2,049.50",Salaried,Education,North,Married,BR-012,Customer applies for credit toward a new vehicle purchase; first-time applicant. Ref-901001.,No,true,No
APP-201002,TWN,n/a,2024-08-13,25-11-2024,24.0,59625.0,693,48516.66,1,0.247,6.22,"$1,469.95",Salaried,Travel,North,Married,BR-022,Customer seeks a loan to cover a new vehicle purchase; existing customer over 5 years. Ref-901002.,Yes,true,No
APP-201003,TWN,null,2022-12-21,04/18/2021,23.0,66977.0,586,164098.03,1,0.734,5.21,"$4,247.67",-,Business,North,Single,BR-016,Applicant applies for credit toward medical expenses; good repayment record. Ref-901003.,Yes,true,Yes
APP-201004,TWN,n/a,2022-08-27,2022-04-13 00:00:00,45.0,64089.0,672,64376.7,0,0.361,2.0,"$1,904.17",Unemployed,Home,South,Single,BR-034,Borrower seeks a loan to cover medical expenses; stable employment history. Ref-901004.,No,false,No
APP-201005,TWN,Pension,2024-10-07,09/21/2023,47.0,44147.0,634,65130.53,3,0.331,5.19,"$1,974.41",Salaried,Home,North,Married,BR-038,Applicant seeks a loan to cover expanding a small business; good repayment record. Ref-901005.,Yes,false,Yes
APP-201006,TWN,Dividend,2022-10-31,2023-12-31 00:00:00,-,61736.0,770,125333.98,1,0.544,2.91,"$3,424.30",Salaried,Car,North,Single,BR-035,Customer requests funding for a new vehicle purchase; existing customer over 5 years. Ref-901006.,Yes,false,No
APP-201007,TWN,null,2023-12-01,03/20/2022,43.0,30858.0,729,79610.01,1,0.566,1.26,"$2,358.92",Self-employed,Home,North,Single,BR-016,Customer needs financing for tuition and education costs; stable employment history. Ref-901007.,Yes,false,No
APP-201008,TWN,Pension,null,2022-12-15 00:00:00,33.0,14462.0,713,7477.0,2,0.172,1.28,$213.28,Salaried,Education,North,Married,BR-022,Borrower needs financing for expanding a small business; existing customer over 5 years. Ref-901008.,Yes,false,No
APP-201009,TWN,-,2023-04-04,17-10-2021,44.0,59467.0,801,126675.72,1,0.599,8.01,"$3,855.95",Contract,Education,North,Divorced,BR-018,Borrower applies for credit toward home renovation and repairs; existing customer over 5 years. Ref-901009.,No,false,No
APP-201010,TWN,Rental,2022-12-28,2023/02/13,22.0,26728.0,775,22466.77,2,0.319,9.22,$645.55,Salaried,Education,North,Single,BR-012,Customer applies for credit toward expanding a small business; existing customer over 5 years. Ref-901010.,Yes,false,No
APP-201011,TWN,?,2023-01-31,2021-12-26 00:00:00,40.0,38043.0,727,79055.99,1,0.557,1.42,"$2,104.01",Self-employed,Business,North,Married,BR-016,Customer applies for credit toward home renovation and repairs; existing customer over 5 years. Ref-901011.,Yes,false,No
APP-201012,TWN,-,-,2021/09/10,57.0,33405.0,635,67217.64,0,0.772,0.13,"$1,944.47",Salaried,Car,North,Widowed,BR-028,Client seeks a loan to cover medical expenses; good repayment record. Ref-901012.,Yes,false,No
APP-201013,TWN,null,2023-10-10,10/04/2023,55.0,83545.0,585,149638.19,0,0.47,2.64,"$4,018.21",Salaried,Home,North,Married,BR-033,Applicant requests funding for a family vacation abroad; existing customer over 5 years. Ref-901013.,Yes,false,No
APP-201014,TWN,Freelance,2022-11-25,11-08-2021,34.0,33304.0,678,52149.66,1,0.609,1.34,"$1,406.12",Self-employed,Home,North,Single,BR-017,Applicant applies for credit toward home renovation and repairs; first-time applicant. Ref-901014.,No,true,Yes
APP-201015,TWN,,2023-07-04,2021/01/27,35.0,69950.0,657,129562.35,0,0.703,1.89,"$3,241.84",Self-employed,Business,North,Single,BR-021,Applicant applies for credit toward a new vehicle purchase; good repayment record. Ref-901015.,Yes,false,No
APP-201016,TWN,Rental,2023-11-26,2022-11-17 00:00:00,56.0,NA,637,137978.54,1,0.746,5.83,"$3,511.08",Contract,Home,North,Single,BR-008,Borrower seeks a loan to cover a family vacation abroad; good repayment record. Ref-901016.,Yes,true,Yes
APP-201017,TWN,Pension,2022-05-07,06/16/2024,?,32806.0,661,45288.84,2,0.423,4.22,"$1,178.86",Salaried,Home,West,Single,BR-015,Customer needs financing for a family vacation abroad; good repayment record. Ref-901017.,Yes,false,Yes
APP-201018,TWN,n/a,2021-09-06,2022-06-19 00:00:00,21.0,27683.0,571,46462.99,3,0.361,4.29,"$1,334.14",Salaried,Education,North,Married,BR-035,Customer requests funding for a new vehicle purchase; first-time applicant. Ref-901018.,Yes,false,No
APP-201019,TWN,-,2021-05-16,2023/04/09,34.0,76576.0,778,66497.24,3,0.282,2.06,"$1,853.92",Salaried,Education,North,Married,BR-042,Borrower seeks a loan to cover a family vacation abroad; good repayment record. Ref-901019.,No,true,No
APP-201020,TWN,n/a,2023-05-24,02-10-2021,42.0,73695.0,605,108430.25,0,0.494,6.65,"$2,950.08",Salaried,Business,North,Single,BR-036,Borrower applies for credit toward tuition and education costs; stable employment history. Ref-901020.,Yes,false,No
APP-201021,TWN,Freelance,2021-10-21,2021-12-10 00:00:00,54.0,89413.0,636,56271.06,2,0.184,2.9,"$1,597.63",Salaried,Medical,North,Married,BR-002,Customer requests funding for tuition and education costs; moderate credit risk profile. Ref-901021.,No,true,Yes
APP-201022,TWN,Pension,2022-06-07,2021/09/01,29.0,151623.0,718,420574.24,0,0.794,3.99,"$11,257.98",Unemployed,Business,North,Single,BR-008,Client requests funding for a new vehicle purchase; existing customer over 5 years. Ref-901022.,Yes,false,Yes
APP-201023,TWN,Rental,2024-02-17,2021/11/01,47.0,69489.0,573,94732.11,3,0.407,4.63,"$2,541.25",Self-employed,Business,North,Single,BR-007,Applicant seeks a loan to cover a new vehicle purchase; first-time applicant. Ref-901023.,Yes,false,Yes
APP-201024,TWN,null,2022-11-05,06-06-2023,36.0,NA,741,198462.32,0,1.017,9.04,"$5,634.08",Salaried,Home,West,Married,BR-002,Customer requests funding for a family vacation abroad; moderate credit risk profile. Ref-901024.,Yes,false,Yes
APP-201025,TWN,Freelance,2023-07-16,2023/08/14,68.0,56969.0,742,47727.64,0,0.201,2.46,"$1,391.62",Contract,Travel,North,Single,BR-042,Customer applies for credit toward a family vacation abroad; stable employment history. Ref-901025.,No,true,No
APP-201026,TWN,NA,2021-08-05,2022-04-14 00:00:00,45.0,63850.0,659,137509.52,0,0.79,7.19,"$4,002.26",Salaried,Home,North,Married,BR-034,Client requests funding for medical expenses; good repayment record. Ref-901026.,No,false,Yes
APP-201027,TWN,Freelance,2024-03-09,2023/07/08,38.0,50812.0,609,101949.59,2,0.689,3.09,"$2,861.97",Salaried,Home,North,Single,BR-020,Borrower needs financing for home renovation and repairs; good repayment record. Ref-901027.,No,false,No
APP-201028,TWN,Dividend,2023-05-18,22-07-2022,35.0,38692.0,649,83301.78,1,0.601,8.94,"$2,535.57",Salaried,Business,North,Married,BR-037,Customer applies for credit toward home renovation and repairs; moderate credit risk profile. Ref-901028.,No,true,Yes
APP-201029,TWN,,2021-03-06,04/10/2022,52.0,163875.0,558,407680.69,0,0.982,3.94,"$12,435.32",Salaried,Home,North,Married,BR-034,Applicant requests funding for tuition and education costs; moderate credit risk profile. Ref-901029.,No,false,No
APP-201030,TWN,Pension,2022-11-17,08/26/2021,48.0,23829.0,772,16359.54,3,0.217,5.05,$493.49,Salaried,Home,West,Married,BR-004,Client applies for credit toward home renovation and repairs; stable employment history. Ref-901030.,Yes,true,Yes
APP-201031,TWN,,2024-08-08,2022/05/03,26.0,68597.0,684,161082.79,0,0.709,8.77,"$4,291.75",Self-employed,Education,North,Married,BR-032,Applicant requests funding for a family vacation abroad; first-time applicant. Ref-901031.,No,true,No
APP-201032,TWN,-,2022-11-21,11-04-2022,42.0,75354.0,631,42587.43,1,0.173,6.73,"$1,240.31",Salaried,Business,North,Married,BR-018,Customer applies for credit toward home renovation and repairs; moderate credit risk profile. Ref-901032.,No,false,No
APP-201033,TWN,Freelance,2022-07-13,11/08/2022,n/a,65076.0,620,81576.68,0,0.337,0.94,"$2,088.42",Salaried,Car,North,Married,BR-037,Client applies for credit toward medical expenses; moderate credit risk profile. Ref-901033.,Yes,false,No
APP-201034,TWN,,2021-02-10,05/11/2024,30.0,37305.0,718,97678.2,4,0.8,1.37,"$2,980.07",Contract,Business,South,Married,BR-032,Client applies for credit toward a family vacation abroad; stable employment history. Ref-901034.,No,false,No
APP-201035,TWN,n/a,2024-09-14,2024/08/22,24.0,54798.0,779,105535.3,0,0.421,9.91,"$2,972.97",Unemployed,Travel,North,Married,BR-011,Applicant requests funding for home renovation and repairs; moderate credit risk profile. Ref-901035.,No,false,No
APP-201036,TWN,,2021-11-25,12/14/2021,,47861.0,596,135322.62,2,0.908,0.29,"$3,435.65",Self-employed,Car,North,Single,BR-015,Client requests funding for a new vehicle purchase; good repayment record. Ref-901036.,Yes,false,No
APP-201037,TWN,-,2023-05-18,25-02-2023,31.0,35203.0,642,93464.96,2,0.712,3.01,"$2,402.69",Salaried,Home,North,Divorced,BR-019,Borrower seeks a loan to cover medical expenses; stable employment history. Ref-901037.,No,false,No
APP-201038,TWN,Freelance,2022-09-15,2021/06/24,28.0,58826.0,564,91658.08,1,0.517,9.59,"$2,620.77",Salaried,Home,North,Single,BR-036,Applicant seeks a loan to cover a new vehicle purchase; first-time applicant. Ref-901038.,No,true,Yes
APP-201039,TWN,-,2023-03-11,2024/05/11,46.0,49078.0,725,59082.16,1,0.386,0.15,"$1,700.71",Salaried,Home,North,Married,BR-045,Applicant seeks a loan to cover medical expenses; moderate credit risk profile. Ref-901039.,Yes,false,No
APP-201040,TWN,n/a,2021-06-26,2022-05-06 00:00:00,49.0,45630.0,690,46053.88,1,0.402,1.61,"$1,246.18",Salaried,Car,North,Married,BR-002,Borrower seeks a loan to cover home renovation and repairs; moderate credit risk profile. Ref-901040.,Yes,false,No
APP-201041,TWN,NA,2024-04-09,07/25/2023,37.0,84569.0,829,51225.63,1,0.211,2.13,"$1,407.62",Self-employed,Car,North,Single,BR-019,Client seeks a loan to cover a new vehicle purchase; good repayment record. Ref-901041.,No,false,No
APP-201042,TWN,NA,2021-08-25,08/07/2024,26.0,35372.0,672,81030.06,0,0.462,0.86,"$2,390.39",Contract,Home,North,Married,BR-026,Borrower needs financing for home renovation and repairs; stable employment history. Ref-901042.,No,false,Yes
APP-201043,TWN,,2023-07-03,2023/04/01,,74814.0,651,188165.96,1,0.563,4.72,"$5,522.47",Salaried,Car,North,Single,BR-036,Customer requests funding for home renovation and repairs; existing customer over 5 years. Ref-901043.,Yes,true,No
APP-201044,TWN,n/a,2022-01-09,20-08-2024,18.0,44218.0,633,27381.94,3,0.185,5.92,$799.58,Salaried,Home,North,Married,BR-010,Borrower seeks a loan to cover a new vehicle purchase; stable employment history. Ref-901044.,Yes,true,No
APP-201045,TWN,NA,2023-09-12,12/16/2022,?,74248.0,736,128388.65,0,0.533,3.18,"$3,479.36",Contract,Business,North,Single,BR-024,Client requests funding for home renovation and repairs; stable employment history. Ref-901045.,Yes,false,No
APP-201046,TWN,Rental,2021-05-18,10/12/2024,48.0,62063.0,572,159932.32,2,0.761,1.09,"$4,308.60",Self-employed,Business,North,Married,BR-033,Borrower needs financing for a family vacation abroad; good repayment record. Ref-901046.,Yes,false,No
APP-201047,TWN,-,2021-08-19,21-09-2023,47.0,67587.0,730,141841.78,2,0.727,8.11,"$4,065.01",Salaried,Car,North,Married,BR-024,Customer applies for credit toward a family vacation abroad; moderate credit risk profile. Ref-901047.,Yes,false,No
APP-201048,TWN,n/a,2024-08-10,2023/07/06,51.0,36713.0,696,56594.48,2,0.596,8.04,"$1,444.88",Self-employed,Home,North,Married,BR-001,Client needs financing for home renovation and repairs; moderate credit risk profile. Ref-901048.,Yes,false,Yes
APP-201049,TWN,null,2023-06-02,12/19/2022,?,null,647,116802.41,0,0.61,5.62,"$3,358.87",Unemployed,Home,South,Married,BR-003,Borrower applies for credit toward tuition and education costs; existing customer over 5 years. Ref-901049.,Yes,false,No
APP-201050,TWN,NA,2024-04-01,24-11-2024,24.0,39020.0,620,60747.85,0,0.507,1.38,"$1,750.90",Contract,Education,North,Married,BR-032,Customer requests funding for expanding a small business; stable employment history. Ref-901050.,No,true,No
APP-201051,TWN,null,2022-06-05,11/26/2023,NA,65250.0,750,83573.0,0,0.33,5.42,"$2,445.48",Salaried,Travel,North,Married,BR-021,Client needs financing for a new vehicle purchase; stable employment history. Ref-901051.,No,false,No
APP-201052,TWN,Rental,2024-01-19,27-04-2023,46.0,86848.0,803,151384.23,5,0.485,6.3,"$3,991.53",Contract,Medical,North,Married,BR-021,Borrower seeks a loan to cover a family vacation abroad; stable employment history. Ref-901052.,No,true,No
APP-201053,TWN,n/a,2021-04-21,23-09-2021,30.0,102483.0,650,140099.88,0,0.534,4.28,"$3,769.00",Retired,Home,North,Single,BR-020,Applicant seeks a loan to cover a new vehicle purchase; good repayment record. Ref-901053.,No,true,No
APP-201054,TWN,Rental,2023-11-14,05/03/2024,31.0,46541.0,715,68892.77,1,0.316,8.64,"$1,815.08",Unemployed,Car,North,Single,BR-032,Borrower seeks a loan to cover tuition and education costs; moderate credit risk profile. Ref-901054.,No,false,No
APP-201055,TWN,-,2021-07-14,2022-04-16 00:00:00,23.0,62334.0,796,108614.88,0,0.42,3.9,"$2,981.05",Contract,Home,North,Married,BR-025,Customer applies for credit toward expanding a small business; existing customer over 5 years. Ref-901055.,Yes,false,Yes
APP-201056,TWN,-,2023-07-29,2021-05-15 00:00:00,25.0,26632.0,639,18475.47,2,0.209,5.11,$527.28,Salaried,Education,East,Married,BR-006,Client seeks a loan to cover a new vehicle purchase; moderate credit risk profile. Ref-901056.,No,false,No
APP-201057,TWN,Pension,2022-12-02,2024/06/28,NA,19732.0,663,39637.01,0,0.702,1.14,"$1,091.19",Salaried,Car,North,Single,BR-002,Applicant applies for credit toward tuition and education costs; stable employment history. Ref-901057.,No,true,No
APP-201058,TWN,,2023-07-12,30-09-2023,45.0,38734.0,599,75776.63,4,0.764,5.64,"$2,264.79",Self-employed,Car,North,Married,BR-038,Borrower applies for credit toward a family vacation abroad; stable employment history. Ref-901058.,Yes,false,No
APP-201059,TWN,Rental,2022-01-19,01-08-2022,25.0,n/a,670,97520.83,2,0.899,7.66,"$2,755.16",Contract,Home,North,Married,BR-002,Client requests funding for medical expenses; moderate credit risk profile. Ref-901059.,Yes,true,Yes
APP-201060,TWN,null,2021-06-03,2023-02-24 00:00:00,26.0,27473.0,675,30421.03,1,0.427,7.31,$894.89,,Home,North,Married,BR-030,Borrower needs financing for medical expenses; good repayment record. Ref-901060.,No,true,No
APP-201061,TWN,Freelance,2024-01-23,2024/05/15,null,24544.0,652,14785.16,1,0.214,2.57,$448.63,Salaried,Medical,North,Married,BR-005,Applicant requests funding for medical expenses; moderate credit risk profile. Ref-901061.,No,false,No
APP-201062,TWN,Pension,2022-11-05,10-02-2022,-,77781.0,631,176533.75,0,0.658,9.92,"$5,194.13",Salaried,Car,North,Married,BR-002,Borrower seeks a loan to cover tuition and education costs; moderate credit risk profile. Ref-901062.,Yes,false,Yes
APP-201063,TWN,Freelance,2021-06-28,2024-10-01 00:00:00,25.0,39899.0,575,56749.78,2,0.365,7.2,"$1,486.95",?,Home,North,Single,BR-002,Borrower needs financing for tuition and education costs; existing customer over 5 years. Ref-901063.,Yes,false,Yes
APP-201064,TWN,,2022-09-04,2021-06-15 00:00:00,37.0,25743.0,591,51330.61,1,0.743,4.24,"$1,380.61",Salaried,Home,North,Single,BR-040,Client requests funding for tuition and education costs; moderate credit risk profile. Ref-901064.,No,false,No
APP-201065,TWN,-,2021-01-21,2023-04-25 00:00:00,18.0,189558.0,615,223101.67,2,0.411,4.15,"$5,636.50",Salaried,Home,North,Married,BR-007,Borrower seeks a loan to cover a new vehicle purchase; stable employment history. Ref-901065.,Yes,false,Yes
APP-201066,TWN,,2024-07-07,11/14/2023,24.0,64827.0,723,88887.62,3,0.469,7.79,"$2,421.40",Contract,Business,West,Married,BR-008,Borrower seeks a loan to cover tuition and education costs; first-time applicant. Ref-901066.,No,true,No
APP-201067,TWN,Freelance,2024-12-26,29-05-2021,45.0,50745.0,646,58733.2,1,0.41,1.76,"$1,613.25",Salaried,Home,North,Married,BR-025,Applicant requests funding for medical expenses; moderate credit risk profile. Ref-901067.,Yes,true,Yes
APP-201068,TWN,?,2022-08-09,2022/02/20,null,83340.0,623,144315.91,1,0.664,6.4,"$3,867.56",Contract,Travel,North,Divorced,BR-018,Applicant applies for credit toward tuition and education costs; moderate credit risk profile. Ref-901068.,No,false,No
APP-201069,TWN,n/a,2022-04-02,2024/01/11,26.0,40671.0,724,86199.96,3,0.655,7.19,"$2,335.46",Salaried,Travel,North,Married,BR-002,Customer seeks a loan to cover medical expenses; existing customer over 5 years. Ref-901069.,Yes,false,Yes
APP-201070,TWN,,2023-07-08,06/12/2023,30.0,131086.0,717,142685.06,2,0.273,5.16,"$3,728.44",Salaried,Home,North,Married,BR-016,Borrower needs financing for expanding a small business; first-time applicant. Ref-901070.,No,false,No
APP-201071,TWN,-,2023-01-15,08/31/2023,49.0,27549.0,630,35543.76,4,0.261,8.73,"$1,050.81",Salaried,Medical,North,Married,BR-019,Borrower applies for credit toward a family vacation abroad; stable employment history. Ref-901071.,No,false,Yes
APP-201072,TWN,NA,2024-01-11,2023-09-02 00:00:00,35.0,30918.0,638,51201.4,0,0.411,4.69,"$1,392.09",Self-employed,Home,North,Married,BR-035,Client needs financing for home renovation and repairs; first-time applicant. Ref-901072.,No,true,No
APP-201073,TWN,Dividend,2021-11-03,2022/03/01,33.0,?,724,124096.14,2,0.742,4.65,"$3,115.91",Salaried,Medical,North,Married,BR-008,Customer needs financing for home renovation and repairs; existing customer over 5 years. Ref-901073.,No,false,Yes
APP-201074,TWN,?,2022-07-09,2021/02/11,null,40471.0,704,57584.06,2,0.39,2.85,"$1,581.91",Retired,Travel,North,Married,BR-035,Client needs financing for home renovation and repairs; first-time applicant. Ref-901074.,No,false,Yes
APP-201075,TWN,,2021-11-01,13-06-2024,-,119691.0,624,78468.52,0,0.157,9.19,"$2,121.62",Self-employed,Car,North,Single,BR-019,Applicant needs financing for medical expenses; existing customer over 5 years. Ref-901075.,Yes,false,No
APP-201076,TWN,-,2024-10-17,2021/06/27,53.0,26629.0,696,47859.27,0,0.407,3.16,"$1,244.47",Salaried,Home,North,Widowed,BR-004,Applicant requests funding for a family vacation abroad; good repayment record. Ref-901076.,No,true,No
APP-201077,TWN,,2022-08-11,2022/12/06,?,41110.0,678,67236.31,1,0.338,6.95,"$1,942.70",Salaried,Education,North,Single,BR-028,Customer needs financing for home renovation and repairs; first-time applicant. Ref-901077.,Yes,false,No
APP-201078,TWN,-,2023-07-26,29-06-2024,33.0,66613.0,754,199336.19,1,0.94,4.09,"$5,442.97",Contract,Education,North,Married,BR-039,Applicant requests funding for tuition and education costs; stable employment history. Ref-901078.,Yes,false,Yes
APP-201079,TWN,-,2024-02-28,25-03-2021,38.0,78271.0,622,152656.92,2,0.647,9.35,"$4,478.60",Salaried,Home,North,Married,BR-023,Customer applies for credit toward medical expenses; first-time applicant. Ref-901079.,No,true,No
APP-201080,TWN,,2023-06-23,11/11/2023,39.0,97408.0,739,59951.46,0,0.241,9.48,"$1,703.23",Salaried,Car,North,Married,BR-008,Applicant needs financing for a new vehicle purchase; stable employment history. Ref-901080.,Yes,true,No
APP-201081,TWN,?,2021-02-26,10-04-2021,23.0,70106.0,709,147897.78,2,0.752,0.3,"$4,482.84",Salaried,Car,North,Single,BR-032,Customer seeks a loan to cover home renovation and repairs; first-time applicant. Ref-901081.,No,true,No
APP-201082,TWN,n/a,2024-12-13,2021-06-20 00:00:00,28.0,177136.0,613,125258.23,2,0.164,9.95,"$3,366.07",Salaried,Car,North,Married,BR-033,Applicant applies for credit toward tuition and education costs; stable employment history. Ref-901082.,No,false,Yes
APP-201083,TWN,,2024-05-07,2021-11-30 00:00:00,51.0,46603.0,750,66696.54,4,0.345,6.05,"$1,681.66",Salaried,Car,North,Widowed,BR-001,Customer applies for credit toward expanding a small business; first-time applicant. Ref-901083.,Yes,false,No
APP-201084,TWN,Freelance,2022-03-24,06/11/2022,20.0,64395.0,741,37846.98,1,0.231,0.74,$984.74,Salaried,Travel,North,Single,BR-006,Client applies for credit toward home renovation and repairs; good repayment record. Ref-901084.,No,false,No
APP-201085,TWN,-,2024-12-16,10-06-2023,51.0,90380.0,592,180946.51,2,0.517,4.97,"$5,284.31",Contract,Education,North,Single,BR-007,Borrower needs financing for home renovation and repairs; existing customer over 5 years. Ref-901085.,No,false,Yes
APP-201086,TWN,n/a,2024-07-25,06/08/2022,43.0,n/a,812,46935.28,1,0.287,0.49,"$1,224.16",Salaried,Car,North,Divorced,BR-019,Applicant applies for credit toward home renovation and repairs; existing customer over 5 years. Ref-901086.,No,true,No
APP-201087,TWN,n/a,2023-03-28,2024/04/05,38.0,50920.0,604,145666.14,0,1.032,5.49,"$4,121.68",Self-employed,Education,East,Married,BR-031,Applicant requests funding for a new vehicle purchase; existing customer over 5 years. Ref-901087.,No,true,No
APP-201088,TWN,?,2022-09-25,2021/04/25,46.0,46737.0,619,45964.04,2,0.322,1.85,"$1,178.09",Salaried,Education,North,Married,BR-005,Borrower needs financing for expanding a small business; moderate credit risk profile. Ref-901088.,Yes,false,No
APP-201089,TWN,Pension,2022-06-10,05/25/2021,45.0,42717.0,658,124744.83,0,0.607,3.68,"$3,711.42",Salaried,Business,North,Married,BR-036,Client needs financing for a family vacation abroad; moderate credit risk profile. Ref-901089.,No,false,No
APP-201090,TWN,-,2022-01-09,2021-12-10 00:00:00,54.0,33531.0,731,93367.93,3,0.82,3.05,"$2,534.04",Self-employed,Car,North,Single,BR-031,Customer needs financing for a family vacation abroad; first-time applicant. Ref-901090.,Yes,false,No
APP-201091,TWN,Rental,2021-12-08,02-02-2021,35.0,n/a,719,80095.9,2,0.55,6.02,"$2,132.26",Salaried,Medical,North,Married,BR-008,Borrower seeks a loan to cover expanding a small business; existing customer over 5 years. Ref-901091.,No,false,Yes
APP-201092,TWN,n/a,2021-06-29,2022/01/14,37.0,27177.0,674,45125.59,0,0.51,8.22,"$1,351.12",n/a,Home,North,Married,BR-019,Borrower applies for credit toward a new vehicle purchase; first-time applicant. Ref-901092.,Yes,false,Yes
APP-201093,TWN,null,2021-09-25,28-06-2023,37.0,71034.0,771,104609.38,1,0.327,9.37,"$3,024.15",Salaried,Medical,North,Married,BR-006,Client applies for credit toward tuition and education costs; existing customer over 5 years. Ref-901093.,No,true,No
APP-201094,TWN,n/a,2024-12-01,2023-09-11 00:00:00,62.0,26577.0,707,63054.7,2,0.932,3.29,"$1,787.41",Unemployed,Medical,North,Married,BR-026,Applicant applies for credit toward tuition and education costs; existing customer over 5 years. Ref-901094.,No,false,Yes
APP-201095,TWN,Freelance,2022-04-18,21-08-2022,51.0,164327.0,773,159371.32,4,0.291,5.7,"$4,785.91",Salaried,Home,South,Married,BR-037,Borrower needs financing for medical expenses; moderate credit risk profile. Ref-901095.,Yes,false,No
APP-201096,TWN,-,NA,2022/04/08,28.0,136962.0,850,189862.62,0,0.464,0.06,"$5,598.16",Self-employed,Education,North,Single,BR-045,Borrower needs financing for a family vacation abroad; existing customer over 5 years. Ref-901096.,No,false,No
APP-201097,TWN,Dividend,2024-05-28,07-10-2022,35.0,101792.0,693,65832.25,0,0.228,3.72,"$1,648.82",Contract,Home,North,Single,BR-036,Borrower seeks a loan to cover expanding a small business; first-time applicant. Ref-901097.,Yes,false,No
APP-201098,TWN,-,2023-05-20,2023-03-30 00:00:00,31.0,52809.0,508,82821.85,1,0.393,9.61,"$2,489.22",Retired,Business,North,Single,BR-038,Borrower applies for credit toward medical expenses; stable employment history. Ref-901098.,No,false,Yes
APP-201099,TWN,-,2021-01-05,2024-04-13 00:00:00,40.0,43777.0,650,42830.37,1,0.201,1.19,"$1,117.93",Salaried,Education,North,Married,BR-001,Borrower applies for credit toward a family vacation abroad; good repayment record. Ref-901099.,No,false,No
APP-201100,TWN,Freelance,2022-01-03,2021-08-09 00:00:00,42.0,107902.0,608,302004.88,1,0.904,8.7,"$8,770.86",Self-employed,Home,North,Married,BR-010,Applicant seeks a loan to cover expanding a small business; first-time applicant. Ref-901100.,Yes,true,No
APP-201101,TWN,?,2024-02-22,2024/09/03,67.0,null,686,104324.39,2,0.621,6.53,"$2,782.46",Unemployed,Medical,North,Single,BR-026,Customer requests funding for medical expenses; existing customer over 5 years. Ref-901101.,No,false,No
APP-201102,TWN,,2022-02-06,2022/07/18,18.0,77436.0,687,81855.73,0,0.399,2.94,"$2,181.16",Salaried,Home,North,Married,BR-020,Client requests funding for tuition and education costs; good repayment record. Ref-901102.,Yes,false,No
APP-201103,TWN,,2023-09-02,13-11-2024,n/a,40926.0,598,48460.41,2,0.445,7.78,"$1,325.42",Retired,Home,North,Married,BR-044,Client requests funding for tuition and education costs; stable employment history. Ref-901103.,No,false,Yes
APP-201104,TWN,-,2023-04-27,2022-03-27 00:00:00,45.0,99615.0,603,94195.08,1,0.228,2.89,"$2,358.55",Unemployed,Education,South,Married,BR-026,Applicant seeks a loan to cover home renovation and repairs; stable employment history. Ref-901104.,No,true,No
APP-201105,TWN,-,2021-01-28,12-02-2024,31.0,39311.0,662,28402.44,2,0.272,8.95,$843.30,Salaried,Medical,West,Married,BR-015,Client needs financing for a family vacation abroad; stable employment history. Ref-901105.,Yes,true,No
APP-201106,TWN,null,2021-07-06,2022/11/09,38.0,61736.0,667,39090.02,1,0.136,0.83,"$1,035.14",Salaried,Medical,North,Single,BR-016,Client requests funding for tuition and education costs; stable employment history. Ref-901106.,No,false,No
APP-201107,TWN,Freelance,2021-04-12,05-01-2021,34.0,24714.0,505,56625.53,1,0.589,1.19,"$1,615.73",Salaried,Medical,North,Married,BR-040,Client needs financing for tuition and education costs; good repayment record. Ref-901107.,No,false,No
APP-201108,TWN,?,2024-04-15,2021-02-21 00:00:00,40.0,42213.0,745,32176.13,2,0.278,7.5,$830.23,Contract,Medical,North,Married,BR-003,Customer requests funding for a family vacation abroad; existing customer over 5 years. Ref-901108.,Yes,false,No
APP-201109,TWN,null,2023-12-10,08/08/2021,52.0,75074.0,682,195498.63,0,0.569,4.49,"$4,993.18",Salaried,Car,North,Married,BR-003,Applicant seeks a loan to cover expanding a small business; stable employment history. Ref-901109.,Yes,true,Yes
APP-201110,TWN,?,-,2023/05/20,21.0,46725.0,679,136402.96,0,1.04,1.47,"$3,424.03",Self-employed,Home,North,Married,BR-016,Customer applies for credit toward expanding a small business; good repayment record. Ref-901110.,No,false,Yes
APP-201111,TWN,NA,2023-09-10,08-05-2023,55.0,46800.0,700,130378.59,1,1.0,5.13,"$3,611.79",Salaried,Car,North,Separated,BR-008,Customer requests funding for a new vehicle purchase; first-time applicant. Ref-901111.,No,false,Yes
APP-201112,TWN,null,2021-08-20,2021/08/29,35.0,86586.0,611,81518.11,0,0.359,2.97,"$2,226.75",Salaried,Business,North,Married,BR-013,Borrower seeks a loan to cover medical expenses; moderate credit risk profile. Ref-901112.,Yes,true,No
APP-201113,TWN,Freelance,2022-04-03,26-10-2024,58.0,?,677,139879.33,2,0.922,5.49,"$4,056.51",Contract,Home,North,Single,BR-030,Customer applies for credit toward tuition and education costs; first-time applicant. Ref-901113.,Yes,false,Yes
APP-201114,TWN,Rental,2023-09-30,27-04-2022,44.0,108455.0,750,216201.08,2,0.685,7.44,"$5,924.03",Salaried,Home,North,Married,BR-009,Client requests funding for home renovation and repairs; first-time applicant. Ref-901114.,No,true,No
APP-201115,TWN,n/a,2024-06-11,29-04-2021,54.0,17530.0,753,50212.76,0,0.669,8.57,"$1,396.85",Self-employed,Business,North,Single,BR-028,Borrower seeks a loan to cover tuition and education costs; stable employment history. Ref-901115.,Yes,false,No
APP-201116,TWN,Dividend,2022-03-11,2023/03/31,46.0,77515.0,711,95572.92,0,0.275,0.59,"$2,691.37",Unemployed,Home,North,Married,BR-008,Client seeks a loan to cover a family vacation abroad; existing customer over 5 years. Ref-901116.,Yes,false,No
APP-201117,TWN,Dividend,2021-11-03,01/22/2023,53.0,75170.0,661,151332.18,1,0.435,5.92,"$3,905.50",Salaried,Education,North,Single,BR-029,Client seeks a loan to cover medical expenses; stable employment history. Ref-901117.,No,true,No
APP-201118,TWN,n/a,2021-01-31,2021-06-17 00:00:00,40.0,27060.0,624,55212.75,1,0.535,9.84,"$1,495.44",Salaried,Business,North,Single,BR-005,Customer needs financing for home renovation and repairs; good repayment record. Ref-901118.,Yes,true,No
APP-201119,TWN,Freelance,2022-09-16,2022/08/02,30.0,-,769,29791.85,2,0.256,4.6,$882.77,Contract,Car,North,Married,BR-035,Borrower needs financing for a family vacation abroad; stable employment history. Ref-901119.,No,false,Yes
APP-201120,TWN,n/a,2023-04-09,16-07-2023,48.0,NA,715,180841.39,0,0.797,7.7,"$5,513.84",Self-employed,Medical,North,Single,BR-038,Client seeks a loan to cover tuition and education costs; first-time applicant. Ref-901120.,Yes,false,Yes
APP-201121,TWN,Freelance,2021-06-17,08/17/2022,n/a,34304.0,651,79345.0,1,0.858,0.97,"$2,198.38",Self-employed,Home,North,Married,BR-037,Applicant requests funding for tuition and education costs; first-time applicant. Ref-901121.,No,false,No
APP-201122,TWN,Rental,2023-08-27,2022-06-16 00:00:00,?,42506.0,533,106990.21,1,0.551,8.74,"$2,859.95",Salaried,Medical,East,Widowed,BR-021,Applicant applies for credit toward medical expenses; good repayment record. Ref-901122.,Yes,false,Yes
APP-201123,TWN,Pension,2023-08-01,01/28/2022,18.0,78602.0,621,207471.93,2,0.776,5.82,"$6,170.59",Salaried,Education,North,Single,BR-036,Borrower seeks a loan to cover home renovation and repairs; stable employment history. Ref-901123.,No,false,Yes
APP-201124,TWN,Rental,2021-08-19,2022-08-01 00:00:00,37.0,49454.0,549,28013.71,1,0.204,8.88,$785.53,Contract,Education,North,Married,BR-033,Client applies for credit toward tuition and education costs; existing customer over 5 years. Ref-901124.,Yes,true,No
APP-201125,TWN,Rental,2021-05-08,31-01-2022,52.0,73980.0,765,177282.18,1,0.667,7.87,"$4,472.82",Salaried,Home,North,Single,BR-039,Borrower applies for credit toward medical expenses; first-time applicant. Ref-901125.,No,true,No
APP-201126,TWN,null,2021-10-14,2021/10/08,25.0,37863.0,693,49639.53,2,0.399,8.69,"$1,285.50",Self-employed,Education,East,Single,BR-035,Client applies for credit toward a family vacation abroad; good repayment record. Ref-901126.,Yes,false,No
APP-201127,TWN,Rental,2021-09-20,2021/12/15,37.0,67629.0,629,163229.65,3,0.906,0.57,"$4,661.64",Self-employed,Medical,South,Divorced,BR-011,Borrower applies for credit toward tuition and education costs; existing customer over 5 years. Ref-901127.,No,true,No
APP-201128,TWN,NA,2021-09-20,2021-06-23 00:00:00,65.0,99984.0,661,87798.41,4,0.337,7.16,"$2,255.00",Salaried,Business,East,Single,BR-039,Client seeks a loan to cover expanding a small business; existing customer over 5 years. Ref-901128.,Yes,false,Yes
APP-201129,TWN,Rental,2024-01-24,05/31/2021,57.0,68572.0,850,98768.5,0,0.337,1.97,"$2,759.35",Salaried,Home,North,Single,BR-010,Customer applies for credit toward a family vacation abroad; moderate credit risk profile. Ref-901129.,No,false,No
APP-201130,TWN,,2021-11-26,2022-02-25 00:00:00,29.0,19555.0,763,29636.54,2,0.552,2.66,$900.05,Salaried,Business,North,Single,BR-027,Applicant requests funding for home renovation and repairs; good repayment record. Ref-901130.,No,false,Yes
APP-201131,TWN,-,2023-01-01,20-03-2023,57.0,n/a,588,180561.05,1,0.649,3.25,"$5,033.97",Salaried,Medical,North,Married,BR-001,Applicant seeks a loan to cover medical expenses; stable employment history. Ref-901131.,No,false,Yes
APP-201132,TWN,?,2024-02-05,26-04-2021,54.0,60026.0,671,122421.35,0,0.417,5.91,"$3,369.52",Salaried,Car,North,Married,BR-039,Client applies for credit toward tuition and education costs; moderate credit risk profile. Ref-901132.,No,false,Yes
APP-201133,TWN,,2023-08-25,2022/10/14,49.0,37142.0,596,94130.76,0,0.66,6.28,"$2,772.28",Unemployed,Medical,North,Single,BR-019,Applicant needs financing for expanding a small business; existing customer over 5 years. Ref-901133.,No,false,Yes
APP-201134,TWN,,2022-09-06,24-08-2023,null,,562,60096.88,3,0.195,9.31,"$1,677.46",Salaried,Medical,North,Married,BR-007,Client requests funding for home renovation and repairs; moderate credit risk profile. Ref-901134.,No,false,No
APP-201135,TWN,-,2023-12-08,2023/11/07,42.0,24472.0,692,29636.93,0,0.287,0.13,$878.83,Self-employed,Education,North,Married,BR-039,Borrower seeks a loan to cover medical expenses; stable employment history. Ref-901135.,No,false,Yes
APP-201136,TWN,-,2021-01-29,2022/11/18,29.0,null,845,346852.34,2,0.545,1.93,"$8,694.61",Salaried,Business,North,Single,BR-009,Borrower applies for credit toward tuition and education costs; moderate credit risk profile. Ref-901136.,No,false,No
APP-201137,TWN,,2023-06-05,2023-07-24 00:00:00,33.0,42545.0,787,46746.98,0,0.43,3.62,"$1,387.67",Self-employed,Business,North,Single,BR-032,Customer requests funding for a family vacation abroad; good repayment record. Ref-901137.,No,false,Yes
APP-201138,TWN,NA,2022-05-25,2023/03/28,48.0,127647.0,683,333066.02,0,0.748,8.18,"$8,633.58",Self-employed,Medical,North,Married,BR-030,Applicant applies for credit toward expanding a small business; good repayment record. Ref-901138.,No,true,Yes
APP-201139,TWN,?,2021-10-16,10/23/2024,n/a,NA,654,72765.46,3,0.488,5.5,"$1,907.49",Self-employed,Home,North,Married,BR-012,Customer requests funding for medical expenses; existing customer over 5 years. Ref-901139.,Yes,false,No
APP-201140,TWN,Rental,2021-09-18,2024/05/24,62.0,30057.0,694,65147.79,2,0.555,5.12,"$1,834.11",Salaried,Car,South,Single,BR-017,Client requests funding for expanding a small business; first-time applicant. Ref-901140.,No,false,No
APP-201141,TWN,,2023-10-17,05/11/2022,n/a,61113.0,751,38994.52,1,0.135,7.6,"$1,122.93",Retired,Travel,North,Single,BR-022,Borrower requests funding for tuition and education costs; first-time applicant. Ref-901141.,No,true,Yes
APP-201142,TWN,?,null,03/18/2021,18.0,n/a,580,191863.57,0,1.069,6.55,"$4,969.80",Salaried,Education,North,Married,BR-009,Borrower seeks a loan to cover tuition and education costs; first-time applicant. Ref-901142.,Yes,true,Yes
APP-201143,TWN,null,2021-06-19,2024-07-12 00:00:00,36.0,76331.0,552,59622.25,0,0.206,2.9,"$1,753.72",Self-employed,Home,South,Married,BR-028,Customer needs financing for a family vacation abroad; moderate credit risk profile. Ref-901143.,Yes,false,Yes
APP-201144,TWN,Dividend,2022-03-19,01-01-2021,43.0,98844.0,809,151033.41,0,0.593,0.87,"$4,179.41",Salaried,Medical,North,Married,BR-017,Borrower requests funding for expanding a small business; stable employment history. Ref-901144.,No,true,No
APP-201145,TWN,NA,2022-01-29,16-07-2022,44.0,37285.0,699,54928.07,0,0.493,4.62,"$1,602.34",Salaried,Home,North,Divorced,BR-022,Borrower needs financing for medical expenses; stable employment history. Ref-901145.,No,false,Yes
APP-201146,TWN,-,2022-12-18,2021-12-17 00:00:00,40.0,74467.0,790,93725.16,1,0.462,8.8,"$2,529.45",Salaried,Travel,North,Divorced,BR-018,Borrower needs financing for a new vehicle purchase; stable employment history. Ref-901146.,Yes,false,No
APP-201147,TWN,NA,2022-10-17,08/23/2023,30.0,84102.0,696,154761.27,1,0.486,5.98,"$4,176.49",Salaried,Education,North,Married,BR-020,Client requests funding for medical expenses; moderate credit risk profile. Ref-901147.,No,true,No
APP-201148,TWN,Dividend,2023-09-12,29-01-2021,n/a,50901.0,782,92207.91,0,0.621,0.53,"$2,578.76",Unemployed,Travel,North,Married,BR-041,Customer applies for credit toward expanding a small business; existing customer over 5 years. Ref-901148.,Yes,false,Yes
APP-201149,TWN,Freelance,2021-06-17,2024-03-21 00:00:00,32.0,36560.0,638,90870.19,1,0.903,4.4,"$2,604.77",Self-employed,Car,North,Married,BR-043,Client seeks a loan to cover a new vehicle purchase; good repayment record. Ref-901149.,No,false,No
APP-201150,TWN,n/a,2023-01-08,06/21/2023,48.0,8000000.0,714,23441794.11,0,0.984,3.85,"$686,243.73",Salaried,Business,North,Married,BR-020,Customer requests funding for medical expenses; moderate credit risk profile. Ref-901150.,Yes,false,Yes
APP-201151,TWN,Dividend,2021-06-04,08/03/2022,36.0,n/a,787,211719.48,0,0.963,5.82,"$5,688.56",Salaried,Car,North,Married,BR-004,Applicant needs financing for expanding a small business; moderate credit risk profile. Ref-901151.,No,false,Yes
APP-201152,TWN,,2024-03-18,01-01-2021,25.0,86735.0,750,200221.05,1,0.88,5.87,"$5,693.80",Salaried,Home,North,Married,BR-041,Client seeks a loan to cover tuition and education costs; first-time applicant. Ref-901152.,Yes,false,No
APP-201153,TWN,-,2023-08-11,2022-10-14 00:00:00,57.0,38560.0,648,38350.01,1,0.312,9.51,"$1,013.42",Contract,Medical,North,Married,BR-002,Applicant requests funding for a new vehicle purchase; stable employment history. Ref-901153.,No,false,No
APP-201154,TWN,NA,2024-07-10,2023-03-21 00:00:00,NA,29916.0,742,30831.06,1,0.4,3.38,$891.11,Salaried,Travel,South,Married,BR-010,Borrower needs financing for medical expenses; stable employment history. Ref-901154.,Yes,true,No
APP-201155,TWN,Freelance,2023-12-20,2023-07-11 00:00:00,29.0,?,634,57330.45,2,0.182,4.08,"$1,561.77",Contract,Travel,North,Married,BR-045,Borrower requests funding for expanding a small business; stable employment history. Ref-901155.,No,false,Yes
APP-201156,TWN,n/a,2023-09-27,16-07-2022,45.0,26883.0,582,19688.65,1,0.28,6.14,$593.58,Self-employed,Home,North,Divorced,BR-040,Client seeks a loan to cover tuition and education costs; stable employment history. Ref-901156.,No,false,No
APP-201157,TWN,Pension,2022-06-26,2021-06-11 00:00:00,35.0,,716,154955.02,2,0.562,8.86,"$4,502.23",Contract,Education,North,Married,BR-042,Customer seeks a loan to cover expanding a small business; good repayment record. Ref-901157.,Yes,false,Yes
APP-201158,TWN,Rental,2024-05-17,09/24/2021,49.0,39006.0,777,25048.8,1,0.167,7.06,$636.78,Salaried,Education,North,Married,BR-038,Applicant applies for credit toward home renovation and repairs; first-time applicant. Ref-901158.,No,false,Yes
APP-201159,TWN,?,2022-07-24,2023/02/16,38.0,24310.0,739,28532.37,1,0.27,4.71,$814.59,Self-employed,Car,North,Single,BR-035,Borrower seeks a loan to cover a new vehicle purchase; existing customer over 5 years. Ref-901159.,No,false,No
APP-201160,TWN,null,2021-12-24,12/10/2021,34.0,61955.0,593,90355.69,2,0.299,8.15,"$2,449.83",Salaried,Medical,North,Married,BR-009,Client applies for credit toward a new vehicle purchase; stable employment history. Ref-901160.,No,true,Yes
APP-201161,TWN,Rental,2021-10-31,19-05-2021,66.0,52978.0,740,47307.93,5,0.296,4.85,"$1,267.92",Self-employed,Car,North,Married,BR-032,Customer applies for credit toward tuition and education costs; first-time applicant. Ref-901161.,No,false,Yes
APP-201162,TWN,NA,2023-01-21,2022/07/09,37.0,119223.0,727,160840.11,3,0.532,9.64,"$4,208.54",Salaried,Business,North,Single,BR-035,Applicant needs financing for a new vehicle purchase; good repayment record. Ref-901162.,Yes,false,No
APP-201163,TWN,Pension,2023-02-01,2021/11/25,38.0,180416.0,648,203972.13,0,0.368,2.82,"$5,894.20",Salaried,Education,North,Married,BR-044,Borrower seeks a loan to cover a new vehicle purchase; stable employment history. Ref-901163.,Yes,false,Yes
APP-201164,TWN,Pension,2022-01-04,2022-07-31 00:00:00,-,53029.0,508,80760.25,2,0.601,1.27,"$2,401.83",Contract,Car,North,Single,BR-036,Borrower requests funding for tuition and education costs; moderate credit risk profile. Ref-901164.,No,false,Yes
APP-201165,TWN,null,2023-04-28,06/29/2023,31.0,97011.0,750,91802.53,1,0.345,8.3,"$2,521.90",Salaried,Car,North,Married,BR-012,Customer requests funding for a family vacation abroad; moderate credit risk profile. Ref-901165.,No,false,No
APP-201166,TWN,Dividend,2021-10-29,2021/08/31,48.0,null,741,55250.17,3,0.183,2.97,"$1,534.06",Salaried,Car,North,Divorced,BR-036,Customer applies for credit toward a family vacation abroad; stable employment history. Ref-901166.,Yes,false,No
APP-201167,TWN,null,2024-09-25,11/20/2024,46.0,44878.0,714,124387.93,1,0.776,8.47,"$3,340.04",Salaried,Car,North,Married,BR-024,Borrower requests funding for expanding a small business; existing customer over 5 years. Ref-901167.,No,false,No
APP-201168,TWN,?,2021-02-17,2021/07/10,40.0,-,560,89144.42,1,0.565,6.09,"$2,630.50",Salaried,Education,North,Single,BR-041,Client needs financing for tuition and education costs; good repayment record. Ref-901168.,Yes,false,No
APP-201169,TWN,-,2021-03-01,2024-12-30 00:00:00,31.0,129779.0,577,314763.62,1,0.949,5.09,"$9,593.50",Contract,Car,North,Married,BR-023,Borrower applies for credit toward home renovation and repairs; stable employment history. Ref-901169.,No,false,Yes
APP-201170,TWN,Pension,2022-04-25,2022-06-17 00:00:00,48.0,48548.0,750,55189.53,1,0.441,0.87,"$1,518.25",Unemployed,Home,North,Single,BR-021,Client seeks a loan to cover home renovation and repairs; first-time applicant. Ref-901170.,Yes,false,No
APP-201171,TWN,n/a,2024-08-19,2022/01/16,19.0,57485.0,736,163777.25,1,1.082,7.86,"$4,503.60",Contract,Education,North,Single,BR-025,Customer requests funding for expanding a small business; stable employment history. Ref-901171.,Yes,false,Yes
APP-201172,TWN,Pension,2021-11-05,11/01/2023,,50372.0,714,130116.34,1,0.689,0.66,"$3,390.24",Salaried,Car,North,Single,BR-023,Borrower requests funding for tuition and education costs; moderate credit risk profile. Ref-901172.,No,false,No
APP-201173,TWN,,2024-12-17,2021/08/02,37.0,54488.0,663,82875.91,0,0.532,9.65,"$2,203.33",Self-employed,Business,North,Single,BR-025,Applicant seeks a loan to cover home renovation and repairs; existing customer over 5 years. Ref-901173.,Yes,false,No
APP-201174,TWN,Dividend,2022-05-06,2023/06/30,?,43107.0,707,52745.04,0,0.376,8.77,"$1,433.75",Self-employed,Home,North,Single,BR-012,Client applies for credit toward a new vehicle purchase; first-time applicant. Ref-901174.,No,false,Yes
APP-201175,TWN,Freelance,2022-05-21,28-01-2023,null,84503.0,642,209784.63,2,0.905,3.03,"$5,727.02",Self-employed,Medical,North,Single,BR-042,Customer requests funding for home renovation and repairs; moderate credit risk profile. Ref-901175.,No,false,No
APP-201176,TWN,n/a,2021-06-04,01-05-2024,32.0,108767.0,658,60048.44,0,0.173,1.28,"$1,556.90",Self-employed,Car,North,Single,BR-023,Borrower seeks a loan to cover expanding a small business; first-time applicant. Ref-901176.,No,false,No
APP-201177,TWN,-,2023-11-26,07-10-2022,30.0,48354.0,620,93372.41,3,0.391,8.86,"$2,520.67",Unemployed,Medical,North,Married,BR-030,Client applies for credit toward a family vacation abroad; existing customer over 5 years. Ref-901177.,No,false,Yes
APP-201178,TWN,Pension,2024-06-20,08-12-2021,,29296.0,698,78210.42,3,0.682,4.8,"$1,981.48",Self-employed,Car,South,Married,BR-042,Applicant seeks a loan to cover home renovation and repairs; first-time applicant. Ref-901178.,No,false,No
APP-201179,TWN,null,2024-04-19,2022/07/08,49.0,59705.0,651,166043.14,0,0.706,1.25,"$4,410.96",Salaried,Home,North,Single,BR-005,Customer seeks a loan to cover tuition and education costs; good repayment record. Ref-901179.,No,false,Yes
APP-201180,TWN,,2021-08-04,2021-06-20 00:00:00,54.0,NA,746,78076.4,1,0.747,4.99,"$2,236.39",Contract,Education,North,Married,BR-029,Applicant seeks a loan to cover expanding a small business; first-time applicant. Ref-901180.,No,false,Yes
APP-201181,TWN,-,2023-08-09,2024/01/27,40.0,42351.0,730,66571.93,0,0.423,2.47,"$1,999.94",Self-employed,Home,North,Married,BR-013,Customer seeks a loan to cover expanding a small business; moderate credit risk profile. Ref-901181.,Yes,false,No
APP-201182,TWN,NA,2022-10-19,2021-07-28 00:00:00,51.0,107402.0,623,57915.37,1,0.11,4.08,"$1,517.75",Contract,Medical,North,Single,BR-037,Customer seeks a loan to cover a new vehicle purchase; good repayment record. Ref-901182.,Yes,true,No
APP-201183,TWN,NA,2022-02-26,2023-11-03 00:00:00,49.0,184781.0,808,253929.56,0,0.415,6.4,"$7,335.48",Salaried,Education,South,Single,BR-036,Customer seeks a loan to cover medical expenses; stable employment history. Ref-901183.,Yes,false,No
APP-201184,TWN,n/a,2024-01-22,13-07-2022,54.0,70199.0,602,82542.63,2,0.456,9.15,"$2,169.16",Salaried,Business,North,Single,BR-040,Customer applies for credit toward expanding a small business; stable employment history. Ref-901184.,No,false,No
APP-201185,TWN,Rental,2023-06-29,04/01/2023,NA,n/a,711,66685.26,1,0.629,8.01,"$2,018.86",Salaried,Education,North,Single,BR-010,Customer requests funding for expanding a small business; first-time applicant. Ref-901185.,No,true,No
APP-201186,TWN,Freelance,2024-06-14,2022-08-15 00:00:00,37.0,85829.0,755,198485.87,2,0.561,1.61,"$5,236.24",Salaried,Car,North,Married,BR-028,Customer seeks a loan to cover expanding a small business; stable employment history. Ref-901186.,No,false,No
APP-201187,TWN,NA,2024-07-04,2023/06/27,43.0,-,769,56159.18,1,1.163,4.77,"$1,419.48",Self-employed,Education,North,Married,BR-037,Borrower seeks a loan to cover a family vacation abroad; existing customer over 5 years. Ref-901187.,Yes,true,No
APP-201188,TWN,Dividend,2024-06-04,14-01-2024,39.0,-,526,53483.14,0,0.487,4.92,"$1,619.31",Salaried,Home,North,Married,BR-025,Borrower seeks a loan to cover tuition and education costs; existing customer over 5 years. Ref-901188.,No,false,No
APP-201189,TWN,Dividend,2021-06-06,30-04-2023,18.0,124237.0,750,174822.03,1,0.53,9.89,"$4,706.76",Self-employed,Home,North,Married,BR-002,Borrower needs financing for a new vehicle purchase; good repayment record. Ref-901189.,No,true,No
APP-201190,TWN,-,2023-06-24,22-02-2023,23.0,84349.0,765,60404.41,1,0.16,0.87,"$1,579.76",Salaried,Home,North,Married,BR-010,Borrower requests funding for a new vehicle purchase; stable employment history. Ref-901190.,Yes,true,No
APP-201191,TWN,Dividend,2022-12-02,16-09-2023,40.0,,780,75651.39,1,0.88,5.11,"$2,082.46",Contract,Car,North,Single,BR-026,Client needs financing for a family vacation abroad; stable employment history. Ref-901191.,Yes,false,No
APP-201192,TWN,?,2021-09-13,10/28/2022,47.0,25447.0,525,44447.02,1,0.464,9.14,"$1,319.68",Salaried,Business,South,Married,BR-027,Applicant seeks a loan to cover a new vehicle purchase; moderate credit risk profile. Ref-901192.,Yes,false,Yes
APP-201193,TWN,null,2021-02-03,2024-09-16 00:00:00,33.0,89096.0,633,96484.32,1,0.389,3.99,"$2,623.15",Salaried,Home,North,Separated,BR-042,Borrower applies for credit toward medical expenses; good repayment record. Ref-901193.,No,true,No
APP-201194,TWN,Rental,2021-10-25,2021/05/24,54.0,NA,673,99889.12,0,0.483,2.62,"$2,751.69",?,Home,North,Single,BR-028,Customer seeks a loan to cover a family vacation abroad; moderate credit risk profile. Ref-901194.,No,true,No
APP-201195,TWN,Freelance,2024-05-18,2024-10-14 00:00:00,55.0,43332.0,649,74180.17,1,0.427,5.56,"$2,123.02",Retired,Home,North,Married,BR-028,Applicant applies for credit toward medical expenses; existing customer over 5 years. Ref-901195.,Yes,true,Yes
APP-201196,TWN,NA,2023-09-27,21-12-2021,35.0,NA,774,181794.58,1,1.001,3.2,"$4,567.95",Contract,Medical,North,Married,BR-003,Customer seeks a loan to cover a family vacation abroad; good repayment record. Ref-901196.,No,false,Yes
APP-201197,TWN,NA,2024-02-11,01-12-2024,57.0,43752.0,633,46984.65,0,0.398,9.27,"$1,411.43",Unemployed,Business,North,Married,BR-026,Borrower requests funding for a family vacation abroad; good repayment record. Ref-901197.,Yes,false,Yes
APP-201198,TWN,Rental,2024-08-07,2023/05/22,-,?,766,39546.52,2,0.583,0.85,"$1,145.24",Salaried,Education,North,Married,BR-001,Client seeks a loan to cover a new vehicle purchase; moderate credit risk profile. Ref-901198.,No,true,Yes
APP-201199,TWN,Pension,2021-03-09,06/09/2024,46.0,87051.0,719,140351.12,1,0.478,2.07,"$3,969.74",Salaried,Home,North,Married,BR-042,Customer needs financing for tuition and education costs; moderate credit risk profile. Ref-901199.,No,false,No
APP-201200,TWN,Freelance,2022-08-18,02/19/2021,n/a,42174.0,578,31666.6,1,0.235,0.84,$854.48,Unemployed,Business,North,Married,BR-044,Applicant applies for credit toward a family vacation abroad; moderate credit risk profile. Ref-901200.,Yes,true,Yes
APP-201201,TWN,null,2023-12-25,02-06-2021,58.0,35344.0,611,29867.48,0,0.28,7.12,$907.65,Contract,Car,North,Married,BR-024,Client requests funding for expanding a small business; existing customer over 5 years. Ref-901201.,No,true,No
APP-201202,TWN,Freelance,2023-12-11,06-07-2021,38.0,29986.0,647,33041.4,1,0.315,2.93,$839.69,Self-employed,Education,North,Married,BR-003,Applicant applies for credit toward a family vacation abroad; good repayment record. Ref-901202.,Yes,false,No
APP-201203,TWN,?,2023-10-07,22-10-2022,135.0,65929.0,687,104615.67,0,0.447,9.0,"$2,618.47",Salaried,Medical,North,Widowed,BR-041,Client needs financing for home renovation and repairs; first-time applicant. Ref-901203.,No,false,No
APP-201204,TWN,,2021-07-24,05-02-2021,41.0,39008.0,749,73675.5,2,0.478,8.94,"$2,085.04",Salaried,Car,North,Married,BR-037,Customer needs financing for medical expenses; existing customer over 5 years. Ref-901204.,Yes,false,No
APP-201205,TWN,-,2021-07-04,02/16/2024,34.0,79423.0,667,187688.66,1,0.768,9.36,"$5,397.72",Salaried,Home,North,Married,BR-038,Customer applies for credit toward a new vehicle purchase; moderate credit risk profile. Ref-901205.,Yes,false,No
APP-201206,TWN,Dividend,2022-09-19,07/27/2024,53.0,50969.0,744,141453.31,1,0.714,2.56,"$3,654.95",Contract,Home,North,Single,BR-029,Borrower applies for credit toward expanding a small business; stable employment history. Ref-901206.,Yes,false,Yes
APP-201207,TWN,NA,null,03/06/2022,49.0,99675.0,570,72645.96,0,0.207,0.01,"$2,157.07",Self-employed,Business,North,Married,BR-023,Applicant requests funding for tuition and education costs; good repayment record. Ref-901207.,Yes,false,No
APP-201208,TWN,n/a,2022-04-10,2022-02-08 00:00:00,55.0,48039.0,467,140945.21,1,0.756,3.88,"$3,865.57",Contract,Home,North,Divorced,BR-038,Client requests funding for a new vehicle purchase; moderate credit risk profile. Ref-901208.,No,false,No
APP-201209,TWN,,2023-10-04,06/05/2023,47.0,42055.0,656,64409.71,1,0.586,9.63,"$1,730.36",Self-employed,Medical,North,Single,BR-044,Applicant requests funding for expanding a small business; good repayment record. Ref-901209.,Yes,false,No
APP-201210,TWN,Freelance,2021-11-21,2024/06/21,30.0,21855.0,712,53580.35,1,0.745,7.64,"$1,552.45",Salaried,Travel,North,Single,BR-025,Client applies for credit toward medical expenses; moderate credit risk profile. Ref-901210.,No,true,No
APP-201211,TWN,,2022-05-05,2021/03/22,38.0,33706.0,655,44843.05,1,0.306,0.6,"$1,222.65",Salaried,Car,North,Single,BR-029,Applicant applies for credit toward home renovation and repairs; good repayment record. Ref-901211.,No,false,No
APP-201212,TWN,null,2021-05-28,20-01-2023,51.0,83314.0,609,193743.16,2,0.521,7.03,"$5,018.98",Salaried,Home,North,Married,BR-025,Customer requests funding for a family vacation abroad; stable employment history. Ref-901212.,Yes,false,Yes
APP-201213,TWN,n/a,2023-01-06,2021/10/25,35.0,266229.0,710,589402.44,1,0.784,9.17,"$16,142.95",Unemployed,Education,North,Married,BR-020,Customer applies for credit toward a family vacation abroad; first-time applicant. Ref-901213.,No,false,No
APP-201214,TWN,Pension,2023-12-20,2022-12-27 00:00:00,?,31238.0,815,17119.87,1,0.212,9.68,$431.69,Salaried,Home,North,Single,BR-010,Client applies for credit toward tuition and education costs; first-time applicant. Ref-901214.,Yes,true,No
APP-201215,TWN,Pension,2024-11-25,08-08-2022,37.0,34748.0,673,93091.62,1,0.656,7.16,"$2,487.23",Unemployed,Car,North,Married,BR-005,Client requests funding for medical expenses; good repayment record. Ref-901215.,No,true,Yes
APP-201216,TWN,Freelance,2021-12-18,2022/07/31,33.0,68888.0,629,41980.05,0,0.191,8.63,"$1,185.76",Salaried,Car,North,Single,BR-027,Borrower requests funding for a new vehicle purchase; good repayment record. Ref-901216.,Yes,false,Yes
APP-201217,TWN,NA,2023-07-18,04/13/2021,54.0,73837.0,621,127830.94,1,0.515,8.42,"$3,252.89",null,Medical,North,Married,BR-016,Client needs financing for expanding a small business; moderate credit risk profile. Ref-901217.,Yes,false,No
APP-201218,TWN,Pension,2021-03-15,01-08-2024,49.0,41580.0,818,43375.31,0,0.3,3.58,"$1,189.57",Self-employed,Medical,North,Married,BR-041,Customer applies for credit toward a new vehicle purchase; existing customer over 5 years. Ref-901218.,Yes,true,No
APP-201219,TWN,Dividend,2023-01-03,2022-09-12 00:00:00,,60560.0,677,119862.0,0,0.672,0.99,"$3,317.05",n/a,Education,North,Married,BR-019,Applicant applies for credit toward home renovation and repairs; first-time applicant. Ref-901219.,Yes,false,Yes
APP-201220,TWN,n/a,2024-07-15,2024-08-10 00:00:00,37.0,26173.0,723,24998.78,3,0.345,7.27,$629.91,Salaried,Car,North,Widowed,BR-011,Customer applies for credit toward medical expenses; existing customer over 5 years. Ref-901220.,No,false,No
APP-201221,TWN,Freelance,-,2021-12-02 00:00:00,45.0,50216.0,765,101579.18,0,0.736,1.37,"$2,658.39",null,Medical,North,Divorced,BR-012,Borrower applies for credit toward medical expenses; existing customer over 5 years. Ref-901221.,Yes,false,No
APP-201222,TWN,Pension,2022-07-12,05/19/2024,50.0,91163.0,755,221052.39,1,0.592,3.84,"$5,582.84",Retired,Home,North,Divorced,BR-042,Customer requests funding for medical expenses; moderate credit risk profile. Ref-901222.,Yes,true,No
APP-201223,TWN,-,2021-06-26,12-06-2024,NA,131310.0,615,260534.05,1,0.636,9.96,"$7,266.43",Contract,Home,North,Married,BR-031,Applicant applies for credit toward a new vehicle purchase; existing customer over 5 years. Ref-901223.,No,false,Yes
APP-201224,TWN,,2023-02-15,06-02-2024,36.0,53584.0,747,139004.38,2,0.6,5.6,"$3,969.59",Salaried,Home,North,Single,BR-012,Applicant applies for credit toward a new vehicle purchase; good repayment record. Ref-901224.,No,false,Yes
APP-201225,TWN,NA,2024-05-27,04/11/2022,45.0,,739,74424.14,0,0.345,5.22,"$1,861.73",Salaried,Home,North,Married,BR-025,Client seeks a loan to cover tuition and education costs; stable employment history. Ref-901225.,No,false,Yes
APP-201226,TWN,Pension,2022-11-15,2023-09-09 00:00:00,50.0,n/a,714,158394.83,1,0.584,9.48,"$4,459.45",Salaried,Car,North,Married,BR-029,Borrower needs financing for expanding a small business; good repayment record. Ref-901226.,No,false,No
APP-201227,TWN,,?,2022/07/10,49.0,101032.0,751,163539.65,0,0.509,2.84,"$4,872.32",Salaried,Home,North,Single,BR-044,Customer applies for credit toward a new vehicle purchase; existing customer over 5 years. Ref-901227.,Yes,false,No
APP-201228,TWN,null,2022-03-21,2024/11/14,18.0,74227.0,641,206992.98,0,0.832,9.99,"$5,225.75",Salaried,Travel,East,Married,BR-042,Applicant seeks a loan to cover tuition and education costs; good repayment record. Ref-901228.,No,false,No
APP-201229,TWN,Freelance,2024-05-04,2024-03-16 00:00:00,29.0,?,675,29568.96,0,0.154,9.12,$836.68,Self-employed,Home,North,Single,BR-021,Client seeks a loan to cover a family vacation abroad; good repayment record. Ref-901229.,Yes,false,Yes
APP-201230,TWN,?,2021-12-12,2022/08/26,,69562.0,643,185998.56,2,0.798,3.64,"$4,981.28",Salaried,Travel,North,Married,BR-038,Borrower applies for credit toward medical expenses; moderate credit risk profile. Ref-901230.,No,false,No
APP-201231,TWN,n/a,2023-04-25,2023-03-29 00:00:00,37.0,?,733,50306.52,0,0.125,3.27,"$1,297.73",Salaried,Medical,North,Divorced,BR-016,Client requests funding for a new vehicle purchase; existing customer over 5 years. Ref-901231.,No,false,No
APP-201232,TWN,?,2022-06-05,06-09-2024,42.0,40867.0,634,107835.62,2,0.618,1.27,"$3,216.73",Salaried,Education,North,Single,BR-014,Customer requests funding for a family vacation abroad; existing customer over 5 years. Ref-901232.,No,false,Yes
APP-201233,TWN,-,2023-04-21,03/15/2021,51.0,29975.0,708,21381.05,0,0.266,9.16,$571.52,Salaried,Car,North,Married,BR-011,Client needs financing for a family vacation abroad; good repayment record. Ref-901233.,No,false,No
APP-201234,TWN,NA,2022-01-31,2021/11/01,47.0,75062.0,603,168345.48,1,0.739,1.86,"$5,000.76",Contract,Medical,North,Married,BR-026,Borrower applies for credit toward home renovation and repairs; moderate credit risk profile. Ref-901234.,No,false,Yes
APP-201235,TWN,Freelance,2023-02-14,11/14/2021,38.0,69912.0,671,52712.23,2,0.188,0.09,"$1,581.94",Salaried,Car,North,Married,BR-019,Borrower seeks a loan to cover tuition and education costs; moderate credit risk profile. Ref-901235.,No,false,No
APP-201236,TWN,NA,2022-01-29,02/02/2021,40.0,94250.0,655,231002.05,2,0.869,8.9,"$6,095.94",Self-employed,Medical,South,Married,BR-036,Customer requests funding for expanding a small business; first-time applicant. Ref-901236.,Yes,true,Yes
APP-201237,TWN,null,2023-12-10,11-06-2023,61.0,60907.0,672,64343.74,1,0.419,5.98,"$1,920.59",Contract,Car,South,Single,BR-024,Client seeks a loan to cover expanding a small business; good repayment record. Ref-901237.,No,true,No
APP-201238,TWN,-,2021-11-29,2023-09-26 00:00:00,33.0,42299.0,689,28584.56,2,0.251,6.72,$859.06,Salaried,Medical,North,Single,BR-045,Client applies for credit toward a new vehicle purchase; first-time applicant. Ref-901238.,No,false,No
APP-201239,TWN,,2022-04-28,19-10-2021,44.0,46900.0,667,125464.37,1,0.614,7.33,"$3,138.13",Salaried,Car,North,Single,BR-009,Customer needs financing for medical expenses; good repayment record. Ref-901239.,No,true,No
APP-201240,TWN,?,2021-01-23,2023-12-24 00:00:00,null,,665,67838.49,1,0.644,0.43,"$2,028.99",Salaried,Travel,North,Divorced,BR-034,Applicant needs financing for medical expenses; existing customer over 5 years. Ref-901240.,No,true,No
APP-201241,TWN,,2022-12-27,12/29/2021,44.0,36404.0,535,95320.94,2,0.738,0.92,"$2,719.64",Unemployed,Education,North,Single,BR-001,Applicant requests funding for tuition and education costs; stable employment history. Ref-901241.,No,false,Yes
APP-201242,TWN,Pension,2021-01-04,2024/07/11,18.0,44105.0,757,109379.17,0,0.715,5.0,"$2,736.94",Salaried,Education,North,Single,BR-042,Customer needs financing for medical expenses; good repayment record. Ref-901242.,No,true,No
APP-201243,TWN,,2022-11-17,2023-06-29 00:00:00,44.0,45850.0,636,33732.4,2,0.174,0.5,$942.21,Salaried,Home,North,Single,BR-017,Customer seeks a loan to cover a new vehicle purchase; good repayment record. Ref-901243.,No,false,No
APP-201244,TWN,?,2024-06-06,2022-11-23 00:00:00,n/a,,663,75200.22,5,0.167,5.04,"$2,237.50",Retired,Travel,North,Married,BR-024,Applicant requests funding for a family vacation abroad; good repayment record. Ref-901244.,Yes,false,Yes
APP-201245,TWN,NA,2023-08-24,24-12-2022,-,31688.0,622,72475.11,3,0.903,7.36,"$2,154.28",Self-employed,Home,North,Divorced,BR-035,Applicant applies for credit toward medical expenses; existing customer over 5 years. Ref-901245.,No,false,Yes
APP-201246,TWN,NA,2023-02-04,2021/09/23,53.0,56966.0,750,148925.3,2,0.762,6.57,"$4,459.02",Unemployed,Home,North,Married,BR-028,Borrower requests funding for home renovation and repairs; good repayment record. Ref-901246.,Yes,false,Yes
APP-201247,TWN,Rental,2021-11-12,2022/01/28,46.0,43526.0,617,41385.87,0,0.222,6.17,"$1,153.22",Salaried,Car,North,Single,BR-034,Customer needs financing for a family vacation abroad; stable employment history. Ref-901247.,No,true,No
APP-201248,TWN,?,2024-06-25,2022/04/24,37.0,122317.0,715,332369.53,1,0.796,0.46,"$8,500.17",Self-employed,Travel,North,Married,BR-012,Client seeks a loan to cover home renovation and repairs; good repayment record. Ref-901248.,Yes,false,No
APP-201249,TWN,Pension,2021-02-06,03/28/2023,51.0,66491.0,762,37625.91,2,0.165,2.37,"$1,012.46",Contract,Home,North,Single,BR-021,Client needs financing for tuition and education costs; first-time applicant. Ref-901249.,No,false,No
APP-201250,TWN,NA,2021-10-10,2022-11-27 00:00:00,n/a,48480.0,795,117387.68,1,0.56,8.97,"$3,128.98",Salaried,Home,North,Divorced,BR-018,Borrower seeks a loan to cover home renovation and repairs; existing customer over 5 years. Ref-901250.,Yes,false,No
APP-201251,TWN,NA,2021-05-10,07/15/2023,41.0,87548.0,763,181126.17,0,0.72,1.23,"$5,155.86",Salaried,Car,West,Married,BR-010,Borrower requests funding for expanding a small business; good repayment record. Ref-901251.,No,false,No
APP-201252,TWN,,?,28-02-2024,44.0,60360.0,723,88292.95,0,0.476,5.33,"$2,338.42",Salaried,Medical,North,Married,BR-016,Customer seeks a loan to cover tuition and education costs; stable employment history. Ref-901252.,Yes,true,No
APP-201253,TWN,Rental,2021-09-19,2021-02-27 00:00:00,43.0,46090.0,596,67091.33,1,0.501,0.5,"$1,885.04",Salaried,Medical,North,Married,BR-007,Borrower seeks a loan to cover a new vehicle purchase; good repayment record. Ref-901253.,No,true,No
APP-201254,TWN,,2021-08-11,04/23/2024,36.0,125314.0,770,159013.68,3,0.467,9.39,"$4,248.14",NA,Home,North,Married,BR-044,Customer applies for credit toward medical expenses; moderate credit risk profile. Ref-901254.,Yes,false,No
APP-201255,TWN,n/a,2024-06-05,04-02-2022,34.0,83186.0,763,140499.32,0,0.635,1.72,"$3,875.59",Salaried,Car,North,Divorced,BR-023,Client needs financing for expanding a small business; good repayment record. Ref-901255.,No,true,No
APP-201256,TWN,n/a,2023-03-04,2021-06-16 00:00:00,40.0,138071.0,739,241743.19,4,0.7,4.1,"$6,904.35",Salaried,Car,South,Single,BR-044,Customer applies for credit toward a family vacation abroad; stable employment history. Ref-901256.,No,true,No
APP-201257,TWN,n/a,2023-11-13,2022-03-26 00:00:00,29.0,103876.0,736,94810.9,2,0.311,5.47,"$2,800.36",Salaried,Home,North,Single,BR-005,Customer seeks a loan to cover tuition and education costs; stable employment history. Ref-901257.,No,false,No
APP-201258,TWN,?,2023-02-09,2024-01-25 00:00:00,25.0,-,686,45869.06,1,0.212,7.19,"$1,157.17",Self-employed,Home,North,Married,BR-043,Customer seeks a loan to cover tuition and education costs; good repayment record. Ref-901258.,No,false,No
APP-201259,TWN,-,2023-12-31,07/06/2024,null,62426.0,644,113443.13,0,0.722,9.37,"$3,120.92",Retired,Car,South,Single,BR-017,Client applies for credit toward a new vehicle purchase; moderate credit risk profile. Ref-901259.,No,false,Yes
APP-201260,TWN,null,2024-01-11,01/11/2024,37.0,34095.0,756,33285.63,1,0.233,7.36,$892.23,n/a,Car,North,Single,BR-019,Client requests funding for expanding a small business; good repayment record. Ref-901260.,No,false,No
APP-201261,TWN,Freelance,2022-10-11,2021-03-16 00:00:00,40.0,83203.0,769,62055.04,1,0.207,3.47,"$1,768.43",Salaried,Education,North,Married,BR-010,Client requests funding for expanding a small business; existing customer over 5 years. Ref-901261.,No,false,No
APP-201262,TWN,?,2024-05-16,2021-05-30 00:00:00,38.0,60632.0,608,68557.23,0,0.335,0.75,"$1,987.83",Salaried,Education,North,Married,BR-044,Customer applies for credit toward medical expenses; good repayment record. Ref-901262.,Yes,false,Yes
APP-201263,TWN,n/a,2021-05-31,05/22/2022,40.0,81844.0,744,70481.09,3,0.253,7.07,"$2,041.12",Contract,Education,North,Married,BR-033,Customer needs financing for medical expenses; existing customer over 5 years. Ref-901263.,No,true,No
APP-201264,TWN,-,2024-10-04,01/16/2021,40.0,58269.0,698,155176.65,3,0.584,9.73,"$4,014.36",Salaried,Car,East,Single,BR-029,Borrower applies for credit toward home renovation and repairs; first-time applicant. Ref-901264.,No,false,No
APP-201265,TWN,n/a,2022-11-11,10/12/2021,41.0,41529.0,742,50929.68,2,0.342,0.17,"$1,315.14",Salaried,Home,North,Married,BR-010,Borrower requests funding for medical expenses; first-time applicant. Ref-901265.,Yes,true,No
APP-201266,TWN,-,-,01/13/2022,30.0,35491.0,700,75214.98,1,0.759,7.75,"$2,241.68",Salaried,Home,North,Divorced,BR-010,Borrower requests funding for tuition and education costs; first-time applicant. Ref-901266.,Yes,false,No
APP-201267,TWN,,2024-06-13,10/12/2023,51.0,82872.0,758,43457.85,1,0.158,1.76,"$1,161.77",Salaried,Home,North,Single,BR-005,Applicant needs financing for expanding a small business; first-time applicant. Ref-901267.,Yes,false,No
APP-201268,TWN,?,2023-09-04,2023/06/07,32.0,111272.0,752,239571.7,0,0.718,4.6,"$6,916.61",Salaried,Medical,East,Married,BR-022,Client applies for credit toward medical expenses; good repayment record. Ref-901268.,No,false,Yes
APP-201269,TWN,Rental,2023-01-14,30-03-2024,,50744.0,743,146436.19,0,0.977,5.23,"$3,674.79",Salaried,Home,North,Married,BR-005,Client applies for credit toward a family vacation abroad; good repayment record. Ref-901269.,No,false,Yes
APP-201270,TWN,n/a,2022-01-30,2021/02/10,18.0,73398.0,585,175247.74,2,0.777,6.14,"$4,962.43",Salaried,Car,North,Married,BR-005,Applicant applies for credit toward a family vacation abroad; moderate credit risk profile. Ref-901270.,Yes,false,No
APP-201271,TWN,NA,2023-07-12,2021/03/25,27.0,116491.0,738,280690.39,3,0.488,9.9,"$7,380.19",Salaried,Home,North,Married,BR-037,Customer requests funding for medical expenses; first-time applicant. Ref-901271.,No,true,No
APP-201272,TWN,Pension,2024-03-18,2023/11/21,52.0,38687.0,684,59752.56,1,0.427,6.87,"$1,715.59",-,Home,North,Single,BR-024,Client requests funding for home renovation and repairs; good repayment record. Ref-901272.,Yes,true,Yes
APP-201273,TWN,Rental,2022-07-01,2024-06-14 00:00:00,38.0,49465.0,602,83762.3,2,0.592,3.92,"$2,132.39",Salaried,Medical,North,Married,BR-029,Applicant applies for credit toward tuition and education costs; stable employment history. Ref-901273.,Yes,true,Yes
APP-201274,TWN,Freelance,2021-08-09,25-07-2023,32.0,33590.0,730,92497.77,1,0.753,7.15,"$2,766.33",Self-employed,Medical,North,Widowed,BR-043,Borrower seeks a loan to cover a family vacation abroad; moderate credit risk profile. Ref-901274.,Yes,true,No
APP-201275,TWN,Freelance,2021-08-08,10/14/2023,45.0,105267.0,586,114927.36,0,0.43,4.67,"$3,312.01",Self-employed,Car,North,Married,BR-031,Client applies for credit toward expanding a small business; good repayment record. Ref-901275.,Yes,false,No
APP-201276,TWN,-,2024-03-04,2024-11-18 00:00:00,?,66759.0,743,117752.28,1,0.691,4.13,"$3,351.45",Self-employed,Education,North,Married,BR-019,Borrower seeks a loan to cover expanding a small business; moderate credit risk profile. Ref-901276.,Yes,false,Yes
APP-201277,TWN,Pension,2023-07-04,11/13/2021,41.0,46594.0,799,108234.62,1,0.703,3.66,"$2,990.46",Salaried,Education,North,Married,BR-020,Customer seeks a loan to cover medical expenses; first-time applicant. Ref-901277.,No,false,No
APP-201278,TWN,Dividend,2022-01-03,2023/12/15,18.0,25747.0,646,34600.02,2,0.532,4.93,"$1,017.77",Salaried,Medical,North,Single,BR-018,Borrower applies for credit toward home renovation and repairs; moderate credit risk profile. Ref-901278.,Yes,false,No
APP-201279,TWN,null,2022-12-10,2024/08/30,35.0,53613.0,745,90066.82,1,0.406,2.81,"$2,471.04",Unemployed,Home,East,Single,BR-036,Customer applies for credit toward home renovation and repairs; good repayment record. Ref-901279.,No,false,Yes
APP-201280,TWN,Dividend,2021-09-02,08/17/2024,32.0,96249.0,713,56640.16,1,0.174,2.42,"$1,617.15",Salaried,Home,North,Single,BR-004,Customer requests funding for medical expenses; good repayment record. Ref-901280.,Yes,true,No
APP-201281,TWN,Pension,2022-05-20,2022/03/04,46.0,50630.0,727,111668.73,0,0.85,1.48,"$3,036.53",Self-employed,Medical,North,Married,BR-026,Applicant requests funding for a new vehicle purchase; first-time applicant. Ref-901281.,Yes,false,No
APP-201282,TWN,NA,2024-03-23,20-02-2021,51.0,47502.0,587,43604.31,3,0.2,4.4,"$1,093.31",Salaried,Travel,North,Single,BR-022,Applicant seeks a loan to cover a family vacation abroad; existing customer over 5 years. Ref-901282.,No,false,Yes
APP-201283,TWN,NA,2022-01-13,2024-02-26 00:00:00,30.0,?,724,92497.89,0,0.347,2.93,"$2,549.25",Salaried,Medical,North,Single,BR-040,Applicant needs financing for home renovation and repairs; stable employment history. Ref-901283.,Yes,true,No
APP-201284,TWN,Pension,2024-11-06,15-07-2021,59.0,31798.0,691,33779.21,2,0.301,8.37,$995.04,Salaried,Business,North,Married,BR-031,Customer applies for credit toward tuition and education costs; good repayment record. Ref-901284.,Yes,false,Yes
APP-201285,TWN,?,2023-10-14,04/20/2021,null,,733,138207.95,1,0.638,8.48,"$3,947.66",Salaried,Home,North,Married,BR-009,Client applies for credit toward a new vehicle purchase; good repayment record. Ref-901285.,Yes,false,No
APP-201286,TWN,n/a,2021-03-24,2023/05/11,18.0,78977.0,682,118334.64,0,0.43,3.44,"$3,016.34",Salaried,Home,North,Single,BR-042,Applicant needs financing for a new vehicle purchase; moderate credit risk profile. Ref-901286.,No,true,No
APP-201287,TWN,?,2022-04-10,2022/10/28,18.0,39848.0,758,118935.08,0,0.956,6.19,"$2,995.11",Self-employed,Travel,North,Single,BR-036,Client requests funding for tuition and education costs; existing customer over 5 years. Ref-901287.,No,true,Yes
APP-201288,TWN,,2022-03-30,12/01/2023,,38879.0,701,97132.78,0,0.961,9.02,"$2,522.37",Retired,Home,North,Widowed,BR-016,Borrower seeks a loan to cover tuition and education costs; stable employment history. Ref-901288.,No,false,No
APP-201289,TWN,?,2023-04-21,2023-01-09 00:00:00,39.0,-,729,186475.84,2,0.591,3.59,"$5,310.72",Salaried,Home,North,Married,BR-037,Client applies for credit toward home renovation and repairs; existing customer over 5 years. Ref-901289.,Yes,false,Yes
APP-201290,TWN,null,2024-12-28,2021/09/30,32.0,NA,777,123920.26,0,0.508,5.55,"$3,308.57",Retired,Education,North,Divorced,BR-012,Borrower applies for credit toward expanding a small business; stable employment history. Ref-901290.,Yes,false,No
APP-201291,TWN,Freelance,2022-01-15,02-08-2024,31.0,52220.0,694,56135.92,2,0.363,4.44,"$1,480.09",Salaried,Car,South,Married,BR-001,Client seeks a loan to cover expanding a small business; first-time applicant. Ref-901291.,Yes,false,No
APP-201292,TWN,-,2021-09-17,2022/10/04,27.0,65078.0,751,85217.65,1,0.403,6.5,"$2,543.49",Salaried,Business,North,Single,BR-043,Customer requests funding for expanding a small business; good repayment record. Ref-901292.,No,false,No
APP-201293,TWN,,2024-01-05,05/06/2024,null,65579.0,698,92405.03,0,0.485,9.6,"$2,315.88",Self-employed,Home,North,Married,BR-025,Borrower seeks a loan to cover a family vacation abroad; existing customer over 5 years. Ref-901293.,Yes,true,Yes
APP-201294,TWN,-,2023-06-30,23-07-2023,39.0,37090.0,718,37320.51,1,0.371,1.39,"$1,103.26",Self-employed,Home,North,Married,BR-005,Client requests funding for medical expenses; first-time applicant. Ref-901294.,No,true,Yes
APP-201295,TWN,null,2022-07-02,09-03-2023,61.0,42184.0,645,70311.16,1,0.607,9.65,"$1,893.87",Salaried,Home,North,Married,BR-039,Applicant needs financing for a family vacation abroad; moderate credit risk profile. Ref-901295.,Yes,true,No
APP-201296,TWN,Freelance,2023-10-17,02/02/2022,38.0,73401.0,736,181863.97,0,0.654,6.66,"$5,363.72",Unemployed,Medical,North,Single,BR-017,Applicant applies for credit toward medical expenses; stable employment history. Ref-901296.,Yes,true,Yes
APP-201297,TWN,Pension,2022-11-30,2021/03/17,18.0,102508.0,767,184989.16,3,0.439,7.96,"$4,922.64",Retired,Education,North,Married,BR-035,Applicant needs financing for home renovation and repairs; stable employment history. Ref-901297.,Yes,false,Yes
APP-201298,TWN,Pension,2024-07-17,04/04/2021,50.0,115068.0,676,105361.36,0,0.297,6.35,"$2,936.87",Salaried,Education,North,Married,BR-022,Client needs financing for a family vacation abroad; existing customer over 5 years. Ref-901298.,No,false,No
APP-201299,TWN,,2024-09-16,09/20/2022,36.0,n/a,737,90006.02,2,0.492,8.7,"$2,321.06",Salaried,Home,North,Married,BR-025,Customer requests funding for tuition and education costs; existing customer over 5 years. Ref-901299.,No,true,No
APP-201300,TWN,NA,2022-04-03,2022/11/21,37.0,101162.0,712,294667.51,1,0.929,3.26,"$7,821.22",Self-employed,Home,North,Married,BR-043,Applicant needs financing for home renovation and repairs; moderate credit risk profile. Ref-901300.,No,true,No
APP-201301,TWN,Pension,2023-11-15,02-07-2022,59.0,85645.0,606,144425.26,2,0.546,7.08,"$4,128.99",null,Medical,North,Married,BR-005,Applicant applies for credit toward a family vacation abroad; moderate credit risk profile. Ref-901301.,No,true,No
APP-201302,TWN,-,2023-01-06,05/25/2024,37.0,57914.0,706,49470.16,3,0.254,2.64,"$1,423.23",Salaried,Medical,North,Married,BR-028,Applicant requests funding for home renovation and repairs; stable employment history. Ref-901302.,No,false,No
APP-201303,TWN,?,2023-12-12,24-12-2024,54.0,74917.0,773,174263.77,0,0.862,5.09,"$4,520.90",Contract,Home,North,Single,BR-032,Borrower applies for credit toward a new vehicle purchase; good repayment record. Ref-901303.,No,false,No
APP-201304,TWN,Pension,2022-06-22,2021-05-12 00:00:00,40.0,88760.0,649,164007.5,3,0.394,6.81,"$4,682.93",Self-employed,Car,North,Married,BR-040,Client seeks a loan to cover expanding a small business; existing customer over 5 years. Ref-901304.,No,false,Yes
APP-201305,TWN,null,2022-05-11,2023/09/21,135.0,142784.0,559,359877.65,0,0.514,2.01,"$10,952.72",Salaried,Medical,North,Married,BR-005,Borrower needs financing for a new vehicle purchase; first-time applicant. Ref-901305.,No,true,No
APP-201306,TWN,,2021-01-29,12/07/2023,,34854.0,696,70202.6,0,0.778,0.61,"$1,990.99",Salaried,Medical,North,Married,BR-041,Borrower applies for credit toward medical expenses; existing customer over 5 years. Ref-901306.,Yes,true,No
APP-201307,TWN,,2024-05-11,15-08-2022,33.0,,638,212441.87,1,0.987,7.91,"$5,641.35",Contract,Home,North,Married,BR-007,Applicant applies for credit toward expanding a small business; existing customer over 5 years. Ref-901307.,Yes,true,No
APP-201308,TWN,,2023-01-26,2022/07/23,55.0,54907.0,813,29425.04,2,0.111,8.09,$847.07,Unemployed,Home,North,Single,BR-034,Client seeks a loan to cover a new vehicle purchase; good repayment record. Ref-901308.,No,false,No
APP-201309,TWN,n/a,2022-07-18,2022/06/17,52.0,53114.0,679,112929.31,2,0.731,6.66,"$3,190.51",,Medical,North,Single,BR-014,Client seeks a loan to cover a new vehicle purchase; good repayment record. Ref-901309.,No,false,No
APP-201310,TWN,?,2023-02-24,08/16/2022,41.0,?,682,208363.27,2,0.636,3.21,"$5,971.71",Salaried,Medical,North,Married,BR-036,Applicant applies for credit toward tuition and education costs; first-time applicant. Ref-901310.,No,false,No
APP-201311,TWN,Pension,2024-12-13,26-01-2024,47.0,88333.0,639,216150.96,4,0.559,6.58,"$6,408.66",Contract,Car,North,Single,BR-027,Borrower needs financing for tuition and education costs; moderate credit risk profile. Ref-901311.,Yes,false,Yes
APP-201312,TWN,Freelance,2024-04-28,2024-07-31 00:00:00,47.0,35591.0,700,37255.87,0,0.296,0.84,"$1,124.94",Salaried,Medical,North,Married,BR-010,Customer requests funding for home renovation and repairs; existing customer over 5 years. Ref-901312.,No,true,No
APP-201313,TWN,,2024-08-01,2021-05-20 00:00:00,37.0,51168.0,643,100470.78,1,0.627,6.63,"$2,597.22",Salaried,Education,West,Married,BR-045,Customer needs financing for home renovation and repairs; good repayment record. Ref-901313.,No,false,No
APP-201314,TWN,,2022-07-02,20-07-2021,51.0,,620,76987.15,4,0.375,5.76,"$2,029.63",Salaried,Car,North,Married,BR-037,Applicant seeks a loan to cover expanding a small business; first-time applicant. Ref-901314.,No,true,Yes
APP-201315,TWN,-,NA,07-04-2024,37.0,29237.0,678,69784.08,2,0.574,6.17,"$1,795.87",Salaried,Car,North,Single,BR-021,Client applies for credit toward a family vacation abroad; stable employment history. Ref-901315.,Yes,false,No
APP-201316,TWN,,2023-02-02,2021/07/09,47.0,90379.0,627,63197.43,1,0.141,4.47,"$1,929.67",Self-employed,Home,North,Married,BR-037,Customer seeks a loan to cover medical expenses; existing customer over 5 years. Ref-901316.,No,true,Yes
APP-201317,TWN,NA,2024-04-28,2023-09-07 00:00:00,29.0,n/a,773,50745.0,0,0.19,2.25,"$1,545.82",Contract,Car,North,Married,BR-027,Client applies for credit toward expanding a small business; existing customer over 5 years. Ref-901317.,Yes,true,No
APP-201318,TWN,?,2023-12-03,07-04-2021,41.0,63852.0,602,182815.99,1,0.711,7.26,"$5,335.74",Salaried,Home,North,Married,BR-015,Applicant seeks a loan to cover expanding a small business; moderate credit risk profile. Ref-901318.,No,false,Yes
APP-201319,TWN,Rental,2023-03-06,09/28/2022,45.0,69576.0,677,163101.06,1,0.616,4.64,"$4,642.92",Self-employed,Car,South,Married,BR-007,Customer seeks a loan to cover medical expenses; existing customer over 5 years. Ref-901319.,Yes,true,No
APP-201320,TWN,?,2022-12-03,2021/02/24,31.0,144236.0,635,163018.91,2,0.273,7.45,"$4,218.52",Salaried,Home,North,Married,BR-010,Applicant needs financing for tuition and education costs; existing customer over 5 years. Ref-901320.,No,false,No
APP-201321,TWN,-,2023-12-07,2023-11-04 00:00:00,35.0,60004.0,587,76842.78,0,0.344,3.64,"$2,051.01",Salaried,Home,North,Single,BR-045,Customer needs financing for medical expenses; good repayment record. Ref-901321.,Yes,false,Yes
APP-201322,TWN,?,2023-01-02,2023/04/02,-,49375.0,797,78261.07,1,0.349,0.88,"$2,013.79",Salaried,Travel,North,Married,BR-013,Customer seeks a loan to cover home renovation and repairs; stable employment history. Ref-901322.,No,true,No
APP-201323,TWN,-,?,2022/08/04,49.0,?,538,151135.65,1,0.302,5.42,"$4,081.27",Salaried,Home,North,Married,BR-021,Client requests funding for tuition and education costs; stable employment history. Ref-901323.,No,false,Yes
APP-201324,TWN,Pension,2021-03-19,11-10-2023,31.0,45978.0,782,39111.29,1,0.227,6.23,$998.77,Salaried,Car,North,Single,BR-039,Applicant applies for credit toward expanding a small business; good repayment record. Ref-901324.,No,false,No
APP-201325,TWN,n/a,2024-12-14,07/29/2021,45.0,45455.0,585,132943.02,0,0.76,9.22,"$3,338.08",Salaried,Business,North,Single,BR-027,Client seeks a loan to cover home renovation and repairs; moderate credit risk profile. Ref-901325.,Yes,false,Yes
APP-201326,TWN,Dividend,2022-01-13,2023-07-17 00:00:00,58.0,null,689,30536.53,3,0.284,8.88,$773.26,Salaried,Home,North,Divorced,BR-032,Applicant applies for credit toward home renovation and repairs; moderate credit risk profile. Ref-901326.,No,true,Yes
APP-201327,TWN,Rental,null,2022/09/01,44.0,100681.0,838,238613.05,1,0.883,0.57,"$6,551.85",Self-employed,Education,East,Single,BR-041,Borrower needs financing for medical expenses; first-time applicant. Ref-901327.,Yes,false,No
APP-201328,TWN,n/a,2021-06-15,09/05/2022,21.0,67460.0,536,154855.04,1,0.821,7.72,"$4,010.74",Self-employed,Car,North,Divorced,BR-022,Client requests funding for a new vehicle purchase; first-time applicant. Ref-901328.,No,false,No
APP-201329,TWN,-,2021-07-27,16-03-2021,42.0,74457.0,588,174166.43,1,0.528,2.61,"$4,410.31",Salaried,Education,North,Married,BR-034,Applicant applies for credit toward a family vacation abroad; moderate credit risk profile. Ref-901329.,Yes,false,Yes
APP-201330,TWN,null,2021-02-11,15-05-2024,53.0,64022.0,773,80508.32,1,0.276,6.97,"$2,349.71",Salaried,Education,North,Single,BR-004,Applicant applies for credit toward medical expenses; first-time applicant. Ref-901330.,Yes,true,Yes
APP-201331,TWN,Freelance,2021-12-21,2021-05-08 00:00:00,,55157.0,694,58242.58,1,0.33,3.79,"$1,703.12",Salaried,Car,North,Married,BR-011,Applicant requests funding for expanding a small business; good repayment record. Ref-901331.,No,true,No
APP-201332,TWN,null,n/a,03/28/2022,53.0,39989.0,645,81638.18,1,0.444,3.22,"$2,469.00",Salaried,Business,North,Married,BR-041,Applicant needs financing for home renovation and repairs; moderate credit risk profile. Ref-901332.,Yes,false,No
APP-201333,TWN,Pension,?,2022-10-03 00:00:00,47.0,40082.0,680,119786.72,3,1.083,4.88,"$3,529.08",Retired,Education,North,Widowed,BR-016,Applicant needs financing for a family vacation abroad; stable employment history. Ref-901333.,Yes,true,No
APP-201334,TWN,null,2021-01-15,20-11-2023,45.0,73048.0,616,107508.37,0,0.404,5.31,"$3,254.19",Unemployed,Home,North,Divorced,BR-001,Borrower requests funding for medical expenses; stable employment history. Ref-901334.,No,false,No
APP-201335,TWN,?,2024-01-19,19-04-2024,37.0,62722.0,691,65620.58,1,0.415,6.94,"$1,878.54",Salaried,Education,West,Married,BR-028,Applicant applies for credit toward a family vacation abroad; existing customer over 5 years. Ref-901335.,Yes,false,No
APP-201336,TWN,null,2024-09-24,2021/05/26,34.0,132268.0,785,234161.8,2,0.484,6.38,"$6,543.79",Contract,Home,North,Single,BR-010,Client seeks a loan to cover tuition and education costs; good repayment record. Ref-901336.,Yes,false,No
APP-201337,TWN,n/a,2021-08-06,25-10-2021,37.0,40512.0,656,39483.95,1,0.3,6.78,"$1,077.98",Salaried,Home,North,Married,BR-029,Borrower seeks a loan to cover a family vacation abroad; stable employment history. Ref-901337.,No,false,No
APP-201338,TWN,?,2023-03-16,07/02/2022,41.0,46372.0,692,63412.57,0,0.291,3.84,"$1,702.82",Retired,Business,North,Married,BR-041,Borrower requests funding for tuition and education costs; first-time applicant. Ref-901338.,Yes,true,No
APP-201339,TWN,NA,2024-11-03,2023-01-02 00:00:00,46.0,35618.0,765,83280.23,0,0.548,6.77,"$2,089.45",Self-employed,Home,North,Married,BR-044,Borrower seeks a loan to cover home renovation and repairs; good repayment record. Ref-901339.,Yes,true,No
APP-201340,TWN,Freelance,2022-04-27,12-07-2021,45.0,116714.0,819,129105.27,0,0.261,3.45,"$3,736.94",Contract,Car,North,Married,BR-024,Applicant requests funding for medical expenses; stable employment history. Ref-901340.,No,false,No
APP-201341,TWN,null,2022-05-21,30-11-2024,37.0,32074.0,642,51982.43,2,0.629,6.08,"$1,391.69",Self-employed,Home,North,Married,BR-023,Customer seeks a loan to cover a new vehicle purchase; existing customer over 5 years. Ref-901341.,No,true,No
APP-201342,TWN,Dividend,2023-06-23,2022/02/20,NA,?,703,182334.11,1,0.841,4.6,"$5,300.52",Self-employed,Business,North,Married,BR-016,Borrower requests funding for tuition and education costs; stable employment history. Ref-901342.,Yes,false,No
APP-201343,TWN,NA,2024-12-23,23-04-2024,45.0,120236.0,644,107975.26,4,0.294,5.63,"$3,264.53",Self-employed,Home,North,Single,BR-039,Customer seeks a loan to cover a family vacation abroad; existing customer over 5 years. Ref-901343.,No,true,No
APP-201344,TWN,,2024-09-15,2024-02-02 00:00:00,21.0,null,638,47431.56,2,0.28,0.18,"$1,394.15",Contract,Education,South,Widowed,BR-023,Applicant requests funding for a family vacation abroad; moderate credit risk profile. Ref-901344.,No,false,No
APP-201345,TWN,Pension,2024-01-04,09-08-2024,31.0,,655,246075.79,0,1.027,4.99,"$6,845.44",Salaried,Car,North,Married,BR-012,Client needs financing for a new vehicle purchase; existing customer over 5 years. Ref-901345.,No,true,Yes
APP-201346,TWN,null,2022-02-18,2024/08/09,31.0,20618.0,639,55040.14,1,0.769,2.2,"$1,546.55",Self-employed,Business,North,Single,BR-029,Borrower seeks a loan to cover expanding a small business; existing customer over 5 years. Ref-901346.,No,false,Yes
APP-201347,TWN,?,2022-12-10,13-09-2023,38.0,48773.0,564,132270.34,0,1.049,3.86,"$3,958.23",Self-employed,Home,North,Single,BR-015,Borrower seeks a loan to cover home renovation and repairs; existing customer over 5 years. Ref-901347.,Yes,true,No
APP-201348,TWN,Dividend,2021-09-08,2022-03-29 00:00:00,37.0,26005.0,546,50215.41,1,0.476,0.74,"$1,322.21",Retired,Home,North,Married,BR-031,Customer applies for credit toward medical expenses; moderate credit risk profile. Ref-901348.,Yes,true,No
APP-201349,TWN,null,2022-06-14,11-05-2023,NA,64295.0,632,113223.51,1,0.673,6.57,"$3,200.48",Salaried,Business,South,Married,BR-028,Borrower requests funding for tuition and education costs; stable employment history. Ref-901349.,No,false,Yes
APP-201350,TWN,Rental,NA,2021-09-22 00:00:00,-,59324.0,692,45790.49,1,0.157,8.94,"$1,296.53",NA,Home,North,Single,BR-025,Borrower seeks a loan to cover expanding a small business; existing customer over 5 years. Ref-901350.,No,true,No
APP-201351,TWN,NA,n/a,2023-04-30 00:00:00,48.0,8000000.0,766,8801747.56,0,0.35,3.55,"$249,552.03",Salaried,Car,North,Single,BR-041,Client seeks a loan to cover expanding a small business; moderate credit risk profile. Ref-901351.,Yes,true,No
APP-201352,TWN,?,2021-07-06,03-11-2021,43.0,94234.0,646,73605.18,2,0.252,1.05,"$1,958.74",Self-employed,Business,North,Married,BR-003,Customer needs financing for a family vacation abroad; existing customer over 5 years. Ref-901352.,No,true,Yes
APP-201353,TWN,Dividend,2021-05-09,2023-05-28 00:00:00,20.0,70423.0,671,128922.71,1,0.644,6.2,"$3,550.53",Salaried,Car,North,Married,BR-031,Applicant applies for credit toward medical expenses; moderate credit risk profile. Ref-901353.,Yes,true,No
APP-201354,TWN,NA,2021-10-18,16-12-2023,40.0,45609.0,728,72483.21,1,0.376,1.27,"$2,015.72",Contract,Home,South,Married,BR-008,Applicant seeks a loan to cover home renovation and repairs; existing customer over 5 years. Ref-901354.,Yes,false,No
APP-201355,TWN,-,2023-07-09,10-11-2022,27.0,45851.0,733,42711.98,2,0.25,8.92,"$1,255.81",Salaried,Business,North,Married,BR-002,Borrower needs financing for medical expenses; moderate credit risk profile. Ref-901355.,No,false,No
APP-201356,TWN,,2022-07-01,2024-02-07 00:00:00,n/a,-,675,21341.13,0,0.287,1.22,$647.93,Salaried,Medical,North,Separated,BR-012,Client needs financing for expanding a small business; stable employment history. Ref-901356.,No,false,No
APP-201357,TWN,Freelance,2024-02-04,2022-06-11 00:00:00,35.0,53908.0,679,104358.78,2,0.464,3.62,"$2,639.55",Salaried,Travel,North,Single,BR-022,Client applies for credit toward tuition and education costs; good repayment record. Ref-901357.,Yes,false,No
APP-201358,TWN,NA,2023-05-24,2023/02/15,35.0,168457.0,811,143666.03,1,0.221,4.95,"$4,227.91",Unemployed,Medical,North,Divorced,BR-021,Customer applies for credit toward expanding a small business; moderate credit risk profile. Ref-901358.,No,false,No
APP-201359,TWN,?,2024-08-18,12/15/2021,41.0,41587.0,660,22131.83,1,0.168,1.18,$613.06,Self-employed,Education,North,Married,BR-039,Client applies for credit toward a new vehicle purchase; existing customer over 5 years. Ref-901359.,Yes,false,No
APP-201360,TWN,?,2022-04-14,06/13/2022,38.0,,649,77410.37,1,0.423,3.19,"$2,212.67",Contract,Home,North,Married,BR-026,Applicant seeks a loan to cover a new vehicle purchase; stable employment history. Ref-901360.,No,true,No
APP-201361,TWN,,2022-06-17,2021-04-06 00:00:00,39.0,45065.0,571,112994.84,1,0.667,2.75,"$3,164.79",Contract,Medical,North,Single,BR-039,Customer needs financing for a family vacation abroad; stable employment history. Ref-901361.,Yes,false,Yes
APP-201362,TWN,Rental,2021-02-21,2024/09/29,59.0,87928.0,712,188532.09,2,0.503,7.13,"$5,555.94",Unemployed,Education,North,Married,BR-036,Client needs financing for expanding a small business; moderate credit risk profile. Ref-901362.,Yes,false,Yes
APP-201363,TWN,?,2024-09-30,23-06-2022,43.0,73465.0,664,131717.47,0,0.403,9.86,"$3,591.17",null,Car,North,Married,BR-012,Client applies for credit toward a family vacation abroad; stable employment history. Ref-901363.,No,false,No
APP-201364,TWN,?,2024-05-02,2023-09-17 00:00:00,50.0,52675.0,813,56013.76,1,0.423,3.63,"$1,523.80",Salaried,Education,North,Married,BR-010,Applicant needs financing for a new vehicle purchase; first-time applicant. Ref-901364.,Yes,false,No
APP-201365,TWN,null,2022-03-10,01/30/2024,54.0,24486.0,660,40863.84,1,0.419,7.91,"$1,146.54",Salaried,Home,North,Married,BR-042,Client seeks a loan to cover a family vacation abroad; moderate credit risk profile. Ref-901365.,Yes,false,No
APP-201366,TWN,?,2021-12-07,04/24/2023,29.0,45856.0,738,24063.95,3,0.183,1.4,$731.16,Self-employed,Travel,North,Single,BR-006,Customer applies for credit toward a family vacation abroad; moderate credit risk profile. Ref-901366.,Yes,false,Yes
APP-201367,TWN,n/a,2024-10-04,2023/03/18,60.0,106980.0,746,140486.78,1,0.281,5.8,"$3,841.72",Salaried,Car,North,Married,BR-002,Applicant needs financing for home renovation and repairs; stable employment history. Ref-901367.,No,false,No
APP-201368,TWN,Freelance,2023-01-21,2024-03-18 00:00:00,48.0,52405.0,795,89009.57,1,0.485,4.33,"$2,435.11",Self-employed,Travel,East,Single,BR-038,Client applies for credit toward tuition and education costs; good repayment record. Ref-901368.,Yes,true,No
APP-201369,TWN,Freelance,NA,08/28/2021,52.0,?,593,58828.27,0,0.231,2.88,"$1,636.32",Salaried,Medical,South,Married,BR-045,Applicant needs financing for a family vacation abroad; good repayment record. Ref-901369.,Yes,false,No
APP-201370,TWN,?,2022-04-07,2021-05-16 00:00:00,30.0,46628.0,790,90928.5,1,0.677,8.22,"$2,776.55",Contract,Education,North,Married,BR-027,Customer needs financing for expanding a small business; good repayment record. Ref-901370.,Yes,true,No
APP-201371,TWN,-,2021-08-15,03-04-2024,50.0,23508.0,683,37761.37,1,0.525,7.46,$977.77,Salaried,Home,North,Married,BR-038,Client seeks a loan to cover tuition and education costs; existing customer over 5 years. Ref-901371.,No,false,No
APP-201372,TWN,,2023-05-07,2024-07-05 00:00:00,45.0,72999.0,675,46378.56,2,0.181,1.34,"$1,313.94",Salaried,Education,North,Single,BR-018,Customer seeks a loan to cover expanding a small business; existing customer over 5 years. Ref-901372.,Yes,false,No
APP-201373,TWN,Pension,2024-06-10,02-03-2021,34.0,,661,60117.23,1,0.202,2.92,"$1,706.58",Contract,Car,North,Married,BR-001,Applicant applies for credit toward a family vacation abroad; stable employment history. Ref-901373.,Yes,true,No
APP-201374,TWN,?,2021-06-03,2023/02/23,NA,44430.0,655,76458.63,1,0.487,8.2,"$2,289.42",Salaried,Business,North,Single,BR-004,Client needs financing for home renovation and repairs; moderate credit risk profile. Ref-901374.,Yes,false,Yes
APP-201375,TWN,Pension,2023-10-25,09/21/2024,47.0,49240.0,659,135046.45,3,0.803,9.92,"$3,637.31",Salaried,Car,North,Divorced,BR-039,Client requests funding for a new vehicle purchase; first-time applicant. Ref-901375.,No,true,Yes
APP-201376,TWN,Pension,2021-02-21,2022/10/18,37.0,68248.0,523,43831.31,1,0.169,6.12,"$1,245.76",?,Business,West,Single,BR-009,Customer applies for credit toward a new vehicle purchase; good repayment record. Ref-901376.,Yes,false,No
APP-201377,TWN,Pension,2023-10-23,2023-08-10 00:00:00,43.0,44127.0,717,84083.26,0,0.436,8.72,"$2,220.23",Salaried,Home,North,Single,BR-013,Client needs financing for medical expenses; stable employment history. Ref-901377.,Yes,false,No
APP-201378,TWN,Rental,2024-07-07,23-06-2022,51.0,70174.0,687,84984.79,2,0.456,9.84,"$2,308.13",Unemployed,Medical,East,Married,BR-036,Borrower seeks a loan to cover expanding a small business; first-time applicant. Ref-901378.,Yes,true,No
APP-201379,TWN,Pension,2024-05-12,03/23/2023,,53488.0,617,78677.08,1,0.351,7.41,"$1,999.90",Salaried,Car,North,Single,BR-043,Customer needs financing for a family vacation abroad; moderate credit risk profile. Ref-901379.,Yes,false,Yes
APP-201380,TWN,-,2023-06-10,06-05-2022,47.0,18449.0,678,51766.73,3,0.773,6.45,"$1,374.65",Contract,Education,South,Married,BR-024,Applicant requests funding for medical expenses; existing customer over 5 years. Ref-901380.,Yes,false,No
APP-201381,TWN,NA,2023-02-23,08/26/2022,55.0,55086.0,840,114269.81,1,0.606,2.21,"$3,103.72",Contract,Education,North,Married,BR-044,Customer requests funding for tuition and education costs; first-time applicant. Ref-901381.,No,false,No
APP-201382,TWN,-,2021-07-11,07-03-2024,58.0,44043.0,708,53321.99,2,0.282,3.7,"$1,421.45",Self-employed,Travel,North,Single,BR-001,Borrower requests funding for expanding a small business; first-time applicant. Ref-901382.,No,false,No
APP-201383,TWN,-,2023-01-10,2024/04/19,null,,656,63744.73,3,0.581,6.24,"$1,740.17",Salaried,Education,North,Single,BR-044,Customer seeks a loan to cover medical expenses; moderate credit risk profile. Ref-901383.,No,false,No
APP-201384,TWN,Dividend,2024-09-17,12-11-2021,34.0,72184.0,800,213179.7,2,0.686,9.26,"$5,671.45",Salaried,Travel,North,Married,BR-023,Customer needs financing for a family vacation abroad; existing customer over 5 years. Ref-901384.,Yes,true,Yes
APP-201385,TWN,NA,2022-06-20,2021-01-10 00:00:00,29.0,46477.0,628,124017.01,0,0.978,3.02,"$3,276.06",Contract,Medical,North,Single,BR-020,Client requests funding for home renovation and repairs; good repayment record. Ref-901385.,No,true,No
APP-201386,TWN,null,2022-02-12,10/27/2024,41.0,77261.0,672,120867.84,0,0.321,3.95,"$3,251.93",Self-employed,Car,North,Divorced,BR-020,Applicant needs financing for a new vehicle purchase; stable employment history. Ref-901386.,No,false,No
APP-201387,TWN,Rental,2024-06-17,01/24/2021,58.0,101583.0,645,185319.48,2,0.374,0.22,"$5,323.92",Contract,Travel,North,Married,BR-030,Borrower seeks a loan to cover a family vacation abroad; good repayment record. Ref-901387.,Yes,false,No
APP-201388,TWN,n/a,2023-02-20,04-02-2023,48.0,63519.0,666,104543.4,1,0.499,6.97,"$2,975.37",Retired,Medical,North,Single,BR-035,Client applies for credit toward home renovation and repairs; good repayment record. Ref-901388.,Yes,false,No
APP-201389,TWN,,2024-08-08,2023/01/30,28.0,27539.0,732,24135.13,3,0.269,4.44,$734.73,n/a,Education,South,Married,BR-044,Applicant seeks a loan to cover a family vacation abroad; first-time applicant. Ref-901389.,Yes,false,Yes
APP-201390,TWN,Freelance,2021-03-03,10-07-2023,-,41232.0,722,120371.15,1,0.852,7.98,"$3,100.90",Unemployed,Business,North,Married,BR-005,Customer requests funding for medical expenses; good repayment record. Ref-901390.,No,true,Yes
APP-201391,TWN,Pension,2021-08-23,2022-03-10 00:00:00,53.0,92942.0,632,99714.59,2,0.411,2.34,"$2,939.70",Retired,Home,North,Widowed,BR-044,Customer needs financing for medical expenses; first-time applicant. Ref-901391.,No,false,No
APP-201392,TWN,n/a,2023-09-15,11-07-2021,34.0,52097.0,674,54590.96,2,0.367,6.6,"$1,389.08",Self-employed,Home,North,Single,BR-018,Applicant requests funding for expanding a small business; existing customer over 5 years. Ref-901392.,No,true,No
APP-201393,TWN,Pension,2024-02-02,08/10/2022,39.0,39734.0,688,30834.24,3,0.283,6.73,$809.75,Contract,Education,North,Married,BR-039,Customer seeks a loan to cover medical expenses; moderate credit risk profile. Ref-901393.,Yes,true,No
APP-201394,TWN,-,2024-11-23,18-11-2024,44.0,56629.0,654,161647.04,4,1.016,4.64,"$4,056.93",Salaried,Car,North,Single,BR-042,Customer applies for credit toward a new vehicle purchase; existing customer over 5 years. Ref-901394.,No,false,No
APP-201395,TWN,Pension,2022-02-07,2023/02/23,18.0,75936.0,680,211634.64,1,1.015,1.89,"$5,878.25",Retired,Home,North,Single,BR-034,Customer needs financing for tuition and education costs; moderate credit risk profile. Ref-901395.,Yes,true,No
APP-201396,TWN,Freelance,2022-01-13,19-10-2022,50.0,67309.0,633,140849.42,1,0.756,4.03,"$3,531.11",Salaried,Home,North,Married,BR-033,Applicant applies for credit toward expanding a small business; existing customer over 5 years. Ref-901396.,No,true,No
APP-201397,TWN,?,2021-09-26,2021/03/05,-,81489.0,632,148440.24,0,0.688,7.45,"$3,765.10",Salaried,Home,North,Married,BR-033,Customer applies for credit toward a family vacation abroad; existing customer over 5 years. Ref-901397.,Yes,false,No
APP-201398,TWN,null,2023-12-22,2024/09/17,47.0,39401.0,685,76934.58,2,0.686,1.89,"$2,199.58",Self-employed,Business,South,Single,BR-030,Client requests funding for a family vacation abroad; stable employment history. Ref-901398.,No,false,No
APP-201399,TWN,-,2021-10-15,06-12-2024,28.0,51716.0,612,73746.4,2,0.337,0.9,"$2,109.63",Contract,Home,North,Married,BR-009,Borrower applies for credit toward medical expenses; first-time applicant. Ref-901399.,Yes,false,No
APP-201400,TWN,n/a,2024-08-09,2021/03/18,31.0,52302.0,711,142507.3,0,0.825,4.63,"$3,638.16",Salaried,Home,North,Single,BR-019,Customer applies for credit toward home renovation and repairs; stable employment history. Ref-901400.,No,false,Yes
APP-201401,TWN,Rental,2023-04-18,17-09-2023,33.0,NA,669,110967.19,0,0.645,2.35,"$3,156.97",Contract,Education,North,Married,BR-022,Client requests funding for medical expenses; stable employment history. Ref-901401.,No,false,Yes
APP-201402,TWN,null,2023-09-11,01/29/2024,43.0,21032.0,619,55518.48,1,0.797,8.01,"$1,519.81",Contract,Home,North,Married,BR-012,Customer requests funding for medical expenses; moderate credit risk profile. Ref-901402.,No,false,Yes
APP-201403,TWN,Rental,2022-02-13,25-05-2021,41.0,52719.0,640,117896.93,2,0.674,8.17,"$3,516.25",Salaried,Home,North,Single,BR-003,Client needs financing for a new vehicle purchase; good repayment record. Ref-901403.,No,false,Yes
APP-201404,TWN,Pension,2023-11-30,06/16/2022,42.0,30535.0,650,67097.0,0,0.58,9.45,"$1,892.34",Salaried,Car,North,Married,BR-005,Applicant applies for credit toward tuition and education costs; first-time applicant. Ref-901404.,Yes,false,No
APP-201405,TWN,null,2021-12-20,15-12-2023,62.0,117795.0,671,256531.73,1,0.51,8.4,"$7,162.31",Unemployed,Car,North,Divorced,BR-016,Applicant requests funding for a family vacation abroad; first-time applicant. Ref-901405.,Yes,false,Yes
APP-201406,TWN,?,NA,2024/06/19,56.0,127884.0,690,312007.03,0,0.928,6.47,"$9,518.75",Salaried,Car,North,Married,BR-014,Client requests funding for home renovation and repairs; first-time applicant. Ref-901406.,No,false,Yes
APP-201407,TWN,null,2021-05-24,02/18/2023,32.0,136026.0,668,344616.31,0,0.692,1.87,"$9,144.39",Contract,Education,North,Single,BR-043,Customer seeks a loan to cover expanding a small business; moderate credit risk profile. Ref-901407.,Yes,false,Yes
APP-201408,TWN,Dividend,?,2022/03/07,-,88452.0,623,195290.31,2,0.453,8.23,"$5,374.63",Unemployed,Home,North,Single,BR-017,Customer needs financing for a family vacation abroad; first-time applicant. Ref-901408.,No,false,No
APP-201409,TWN,null,2022-04-20,2023-09-30 00:00:00,61.0,46633.0,780,60711.66,1,0.354,7.28,"$1,778.63",Salaried,Car,North,Married,BR-004,Client needs financing for home renovation and repairs; moderate credit risk profile. Ref-901409.,Yes,true,No
APP-201410,TWN,?,2021-06-02,2022/05/06,36.0,95260.0,744,110314.33,0,0.463,7.47,"$3,201.61",Salaried,Business,North,Single,BR-020,Client requests funding for home renovation and repairs; moderate credit risk profile. Ref-901410.,No,false,No
APP-201411,TWN,Rental,2024-02-05,2023-12-14 00:00:00,57.0,53696.0,690,53150.79,0,0.202,6.97,"$1,341.00",Salaried,Car,North,Single,BR-008,Applicant seeks a loan to cover expanding a small business; first-time applicant. Ref-901411.,Yes,false,No
APP-201412,TWN,?,2022-05-27,2021-01-22 00:00:00,59.0,80225.0,747,211793.29,3,1.05,8.3,"$5,309.39",Salaried,Medical,North,Married,BR-038,Borrower requests funding for home renovation and repairs; good repayment record. Ref-901412.,No,true,No
APP-201413,TWN,Rental,2021-02-01,2024/12/18,34.0,37965.0,704,65090.09,0,0.408,2.98,"$1,728.20",Contract,Car,North,Married,BR-002,Client requests funding for tuition and education costs; first-time applicant. Ref-901413.,No,false,No
APP-201414,TWN,Dividend,2024-07-30,23-01-2022,37.0,44367.0,665,22219.81,1,0.104,6.72,$675.40,Salaried,Home,North,Married,BR-020,Borrower seeks a loan to cover home renovation and repairs; good repayment record. Ref-901414.,Yes,false,Yes
APP-201415,TWN,Freelance,2022-12-06,2021/06/22,41.0,74641.0,688,149108.03,0,0.797,5.17,"$3,782.16",Salaried,Car,North,Married,BR-017,Client needs financing for a family vacation abroad; first-time applicant. Ref-901415.,No,false,No
APP-201416,TWN,-,2023-08-11,2021-06-19 00:00:00,30.0,142452.0,850,378776.86,0,0.67,3.38,"$9,513.74",Self-employed,Home,North,Widowed,BR-030,Customer requests funding for medical expenses; good repayment record. Ref-901416.,Yes,true,No
APP-201417,TWN,?,2023-05-31,12/25/2024,29.0,58599.0,750,163880.39,2,1.104,3.27,"$4,935.49",Salaried,Home,North,Single,BR-039,Applicant requests funding for a family vacation abroad; existing customer over 5 years. Ref-901417.,Yes,true,Yes
APP-201418,TWN,null,2024-03-07,2024-09-27 00:00:00,35.0,180745.0,753,514470.52,0,0.717,1.55,"$13,264.43",Salaried,Car,North,Single,BR-008,Applicant applies for credit toward expanding a small business; good repayment record. Ref-901418.,Yes,true,Yes
APP-201419,TWN,?,2021-03-14,28-11-2022,50.0,231675.0,655,618958.3,0,0.723,4.92,"$16,562.60",NA,Business,North,Married,BR-042,Applicant requests funding for tuition and education costs; first-time applicant. Ref-901419.,No,true,No
APP-201420,TWN,-,2022-06-07,2024-01-25 00:00:00,null,?,723,29656.29,1,0.373,3.69,$883.48,Retired,Business,East,Married,BR-017,Client seeks a loan to cover home renovation and repairs; stable employment history. Ref-901420.,Yes,false,No
APP-201421,TWN,Dividend,2022-03-06,10/21/2021,38.0,58551.0,836,104756.9,1,0.45,4.22,"$2,850.66",Contract,Medical,North,Married,BR-020,Applicant requests funding for tuition and education costs; stable employment history. Ref-901421.,No,false,No
APP-201422,TWN,n/a,2023-04-14,2024-09-24 00:00:00,n/a,,711,84197.62,1,0.827,8.52,"$2,125.99",Contract,Car,North,Married,BR-042,Borrower seeks a loan to cover home renovation and repairs; moderate credit risk profile. Ref-901422.,No,true,No
APP-201423,TWN,n/a,2024-08-16,30-06-2022,24.0,55413.0,755,116818.78,1,0.775,6.82,"$3,190.62",Salaried,Home,North,Married,BR-023,Customer seeks a loan to cover a new vehicle purchase; first-time applicant. Ref-901423.,No,false,No
APP-201424,TWN,-,2021-01-17,2023/05/18,?,,768,63659.65,1,0.39,6.8,"$1,849.45",Salaried,Education,North,Married,BR-008,Applicant seeks a loan to cover a new vehicle purchase; moderate credit risk profile. Ref-901424.,No,false,Yes
APP-201425,TWN,null,2024-12-22,2022-06-16 00:00:00,18.0,57431.0,726,34057.0,0,0.133,9.84,$881.55,Contract,Car,North,Married,BR-034,Borrower needs financing for expanding a small business; existing customer over 5 years. Ref-901425.,No,false,No
APP-201426,TWN,,2022-11-23,06/02/2021,32.0,95638.0,789,261380.89,1,0.988,2.18,"$6,920.90",Salaried,Medical,North,Divorced,BR-005,Applicant requests funding for a new vehicle purchase; moderate credit risk profile. Ref-901426.,No,false,Yes
APP-201427,TWN,-,2024-05-26,2024-07-31 00:00:00,47.0,94447.0,698,230942.81,0,0.566,5.08,"$6,202.91",Salaried,Car,North,Married,BR-028,Client needs financing for a family vacation abroad; first-time applicant. Ref-901427.,No,true,No
APP-201428,TWN,,2024-10-23,01/29/2024,23.0,67521.0,716,179945.61,4,0.73,0.93,"$4,510.10",Salaried,Home,North,Married,BR-004,Borrower applies for credit toward a family vacation abroad; moderate credit risk profile. Ref-901428.,No,true,No
APP-201429,TWN,-,2021-09-05,2023/02/05,47.0,-,639,87050.11,0,0.352,3.93,"$2,508.87",Self-employed,Car,North,Married,BR-028,Borrower applies for credit toward a new vehicle purchase; stable employment history. Ref-901429.,Yes,false,Yes
APP-201430,TWN,Dividend,2021-11-30,2024/12/29,,62974.0,850,70539.29,1,0.425,9.5,"$1,799.74",Salaried,Home,West,Married,BR-001,Client applies for credit toward a new vehicle purchase; stable employment history. Ref-901430.,No,false,No
APP-201431,TWN,,-,2021/04/08,30.0,63242.0,703,165094.43,0,0.668,0.86,"$4,325.63",Contract,Business,North,Married,BR-027,Client seeks a loan to cover a family vacation abroad; first-time applicant. Ref-901431.,Yes,false,No
APP-201432,TWN,NA,2022-09-04,09/19/2022,43.0,78878.0,690,168516.89,3,0.662,7.58,"$4,630.85",Salaried,Home,North,Single,BR-007,Customer seeks a loan to cover home renovation and repairs; first-time applicant. Ref-901432.,No,true,No
APP-201433,TWN,?,2022-10-21,10-11-2023,27.0,59558.0,776,129126.5,1,0.725,8.65,"$3,772.45",Salaried,Car,North,Married,BR-002,Client needs financing for medical expenses; existing customer over 5 years. Ref-901433.,Yes,false,Yes
APP-201434,TWN,-,2022-03-30,2022-05-17 00:00:00,46.0,n/a,649,44617.05,0,0.148,5.09,"$1,136.05",Salaried,Home,North,Married,BR-004,Customer applies for credit toward medical expenses; moderate credit risk profile. Ref-901434.,Yes,false,No
APP-201435,TWN,Freelance,2021-09-07,2022/12/28,41.0,?,682,23884.68,0,0.241,7.98,$725.46,Salaried,Education,North,Divorced,BR-031,Client requests funding for expanding a small business; existing customer over 5 years. Ref-901435.,No,false,No
APP-201436,TWN,-,,2021/09/17,43.0,87934.0,629,213103.77,2,0.833,4.41,"$5,927.11",Salaried,Home,North,Single,BR-008,Borrower applies for credit toward expanding a small business; moderate credit risk profile. Ref-901436.,No,false,Yes
APP-201437,TWN,?,2022-12-04,04-04-2024,-,140949.0,684,381816.96,2,1.075,3.53,"$9,900.44",Retired,Travel,South,Divorced,BR-012,Borrower seeks a loan to cover tuition and education costs; moderate credit risk profile. Ref-901437.,Yes,false,Yes
APP-201438,TWN,Rental,2021-01-13,01/17/2022,46.0,65066.0,656,90034.22,0,0.396,5.06,"$2,339.96",Self-employed,Education,North,Single,BR-019,Client requests funding for tuition and education costs; existing customer over 5 years. Ref-901438.,Yes,false,No
APP-201439,TWN,-,2024-09-09,2021/03/09,56.0,29546.0,719,79196.52,0,0.72,1.95,"$2,216.60",Salaried,Business,East,Single,BR-007,Borrower applies for credit toward a new vehicle purchase; first-time applicant. Ref-901439.,No,true,No
APP-201440,TWN,Freelance,2021-06-25,09/09/2021,48.0,115895.0,673,109865.03,1,0.256,3.07,"$2,801.84",Salaried,Car,South,Single,BR-032,Borrower requests funding for a family vacation abroad; moderate credit risk profile. Ref-901440.,Yes,false,No
APP-201441,TWN,Freelance,2024-07-04,16-06-2024,26.0,50506.0,641,98469.31,0,0.608,3.05,"$2,551.01",Contract,Car,North,Married,BR-004,Customer applies for credit toward expanding a small business; existing customer over 5 years. Ref-901441.,Yes,false,Yes
APP-201442,TWN,Pension,2023-10-31,2023-01-09 00:00:00,43.0,13561.0,662,18620.68,1,0.361,9.88,$564.32,Self-employed,Car,North,Single,BR-037,Client requests funding for medical expenses; moderate credit risk profile. Ref-901442.,Yes,true,No
APP-201443,TWN,null,2022-07-26,27-07-2024,46.0,53363.0,674,97905.68,0,0.517,3.35,"$2,923.41",Salaried,Home,North,Married,BR-034,Customer seeks a loan to cover tuition and education costs; first-time applicant. Ref-901443.,No,true,No
APP-201444,TWN,-,2022-07-31,29-01-2023,23.0,80203.0,647,79543.17,3,0.325,2.29,"$2,260.71",Salaried,Education,North,Married,BR-026,Applicant seeks a loan to cover tuition and education costs; existing customer over 5 years. Ref-901444.,Yes,false,Yes
APP-201445,TWN,-,2021-04-03,13-01-2021,?,71885.0,745,104772.02,2,0.506,9.4,"$3,054.72",Contract,Car,North,Married,BR-036,Customer applies for credit toward a new vehicle purchase; first-time applicant. Ref-901445.,Yes,false,No
APP-201446,TWN,NA,2022-07-30,17-03-2024,41.0,109806.0,728,181653.92,0,0.57,1.39,"$4,653.00",Retired,Education,North,Single,BR-005,Customer needs financing for a new vehicle purchase; first-time applicant. Ref-901446.,Yes,false,Yes
APP-201447,TWN,null,2024-08-07,28-11-2022,45.0,80830.0,692,157496.56,3,0.646,9.66,"$4,178.52",Retired,Car,North,Single,BR-022,Client needs financing for medical expenses; existing customer over 5 years. Ref-901447.,Yes,false,No
APP-201448,TWN,-,2024-07-10,2021-06-12 00:00:00,29.0,63245.0,601,64034.96,0,0.231,8.53,"$1,606.54",NA,Home,North,Single,BR-037,Client requests funding for home renovation and repairs; existing customer over 5 years. Ref-901448.,Yes,false,No
APP-201449,TWN,,2024-12-10,27-06-2021,41.0,22384.0,717,45075.16,1,0.674,6.47,"$1,272.44",Salaried,Education,North,Married,BR-034,Client requests funding for a new vehicle purchase; first-time applicant. Ref-901449.,No,false,Yes
APP-201450,TWN,Rental,2023-09-01,2021-04-20 00:00:00,44.0,34280.0,595,35293.12,0,0.25,4.28,$883.27,Salaried,Business,North,Single,BR-030,Customer needs financing for expanding a small business; good repayment record. Ref-901450.,No,false,No
APP-201451,TWN,,2023-01-17,2023-02-12 00:00:00,36.0,64992.0,694,191104.91,0,1.087,1.97,"$4,889.60",Salaried,Car,North,Single,BR-005,Client seeks a loan to cover expanding a small business; stable employment history. Ref-901451.,No,false,No
APP-201452,TWN,Freelance,2024-03-21,18-09-2023,41.0,83140.0,685,91734.7,1,0.419,1.06,"$2,801.01",Salaried,Car,North,Divorced,BR-038,Borrower applies for credit toward a new vehicle purchase; existing customer over 5 years. Ref-901452.,No,false,No
APP-201453,TWN,NA,2021-11-25,2021/05/11,18.0,35787.0,642,27701.62,0,0.198,1.04,$706.35,Contract,Home,North,Married,BR-015,Applicant applies for credit toward a new vehicle purchase; moderate credit risk profile. Ref-901453.,Yes,false,No
APP-201454,TWN,n/a,?,2023-04-22 00:00:00,57.0,43947.0,626,51762.86,1,0.46,3.49,"$1,577.25",Salaried,Home,North,Married,BR-035,Applicant seeks a loan to cover medical expenses; good repayment record. Ref-901454.,Yes,false,No
APP-201455,TWN,NA,2023-03-05,07/19/2024,27.0,75050.0,635,144110.35,1,0.627,4.07,"$4,034.71",Self-employed,Medical,North,Single,BR-005,Borrower requests funding for expanding a small business; stable employment history. Ref-901455.,No,false,No
APP-201456,TWN,,2022-10-18,08/16/2024,18.0,23129.0,821,37365.55,3,0.56,9.24,"$1,035.42",Retired,Car,North,Married,BR-010,Applicant applies for credit toward medical expenses; stable employment history. Ref-901456.,No,false,No
APP-201457,TWN,,2023-10-14,26-09-2021,29.0,22712.0,664,48796.65,3,0.742,5.36,"$1,254.63",Contract,Travel,North,Married,BR-029,Client requests funding for medical expenses; good repayment record. Ref-901457.,Yes,true,Yes
APP-201458,TWN,Freelance,2023-05-09,01/27/2022,30.0,53090.0,668,41123.65,1,0.258,9.91,"$1,118.15",Salaried,Education,North,Widowed,BR-044,Applicant requests funding for expanding a small business; first-time applicant. Ref-901458.,No,true,No
APP-201459,TWN,n/a,2022-12-06,09/03/2023,47.0,null,747,103203.76,0,0.348,7.21,"$2,780.72",null,Home,North,Married,BR-027,Customer seeks a loan to cover a family vacation abroad; existing customer over 5 years. Ref-901459.,Yes,false,Yes
APP-201460,TWN,-,2024-08-07,14-01-2024,29.0,46939.0,710,88721.3,3,0.601,1.46,"$2,561.01",Unemployed,Home,North,Married,BR-036,Borrower applies for credit toward a new vehicle purchase; moderate credit risk profile. Ref-901460.,No,false,Yes
APP-201461,TWN,,2022-05-30,2023/08/13,44.0,5000000.0,753,14683303.58,1,1.161,5.54,"$447,198.74",Salaried,Education,West,Married,BR-009,Applicant applies for credit toward a new vehicle purchase; existing customer over 5 years. Ref-901461.,No,false,Yes
APP-201462,TWN,Rental,2024-05-21,2023-05-19 00:00:00,29.0,60179.0,599,163454.97,0,0.991,1.59,"$4,380.61",Self-employed,Car,North,Single,BR-015,Client needs financing for a family vacation abroad; existing customer over 5 years. Ref-901462.,No,false,Yes
APP-201463,TWN,Dividend,2021-12-28,2022/04/14,67.0,30835.0,608,59484.35,2,0.56,0.39,"$1,495.58",Self-employed,Medical,North,Single,BR-032,Borrower requests funding for home renovation and repairs; stable employment history. Ref-901463.,No,true,No
APP-201464,TWN,Rental,2022-08-21,09/14/2024,47.0,82223.0,850,102857.81,1,0.496,9.44,"$3,122.84",Self-employed,Education,North,Married,BR-035,Customer requests funding for a family vacation abroad; moderate credit risk profile. Ref-901464.,Yes,true,Yes
APP-201465,TWN,?,2022-03-10,2021/11/10,64.0,56598.0,679,44546.99,2,0.299,3.38,"$1,233.44",Salaried,Medical,North,Single,BR-042,Borrower applies for credit toward home renovation and repairs; first-time applicant. Ref-901465.,Yes,false,No
APP-201466,TWN,?,2021-09-26,2023/08/10,28.0,67814.0,662,141123.38,0,0.601,1.9,"$3,850.07",Retired,Education,North,Married,BR-019,Borrower seeks a loan to cover a family vacation abroad; stable employment history. Ref-901466.,Yes,false,Yes
APP-201467,TWN,-,2021-03-14,08/29/2024,48.0,81722.0,693,155943.74,0,0.706,1.02,"$4,556.43",Contract,Car,North,Married,BR-036,Applicant needs financing for a new vehicle purchase; first-time applicant. Ref-901467.,Yes,false,No
APP-201468,TWN,-,2023-04-09,2023-07-24 00:00:00,29.0,45855.0,749,77295.77,2,0.427,6.52,"$2,207.88",Salaried,Car,North,Married,BR-005,Client applies for credit toward expanding a small business; stable employment history. Ref-901468.,Yes,true,No
APP-201469,TWN,Rental,2022-01-08,28-02-2021,47.0,89602.0,601,206135.04,0,0.527,4.61,"$5,770.80",Salaried,Home,North,Married,BR-026,Client needs financing for home renovation and repairs; first-time applicant. Ref-901469.,Yes,true,No
APP-201470,TWN,NA,2024-12-23,2021/10/13,48.0,110093.0,701,183122.37,2,0.499,0.12,"$4,721.01",Salaried,Home,North,Married,BR-029,Borrower applies for credit toward medical expenses; moderate credit risk profile. Ref-901470.,Yes,false,No
APP-201471,TWN,,2024-10-23,01/07/2022,21.0,72412.0,680,177262.52,0,0.886,7.15,"$5,218.07",Salaried,Business,South,Married,BR-001,Borrower applies for credit toward home renovation and repairs; moderate credit risk profile. Ref-901471.,Yes,false,No
APP-201472,TWN,n/a,2022-04-16,29-09-2024,27.0,114911.0,727,140347.84,2,0.415,2.57,"$3,699.47",Salaried,Education,North,Married,BR-045,Borrower requests funding for a family vacation abroad; moderate credit risk profile. Ref-901472.,Yes,false,No
APP-201473,TWN,,2021-01-12,2022-04-23 00:00:00,26.0,NA,694,57544.89,3,0.345,7.81,"$1,632.85",Salaried,Education,North,Married,BR-036,Customer requests funding for a family vacation abroad; good repayment record. Ref-901473.,No,false,No
APP-201474,TWN,Rental,2023-12-25,2021/12/04,22.0,93641.0,646,260400.89,1,0.83,4.89,"$6,782.88",Salaried,Medical,North,Single,BR-030,Borrower needs financing for expanding a small business; stable employment history. Ref-901474.,No,false,No
APP-201475,TWN,n/a,2023-11-29,2023/05/03,,67992.0,623,132421.43,0,0.689,5.36,"$3,481.16",Salaried,Home,North,Divorced,BR-041,Borrower requests funding for expanding a small business; first-time applicant. Ref-901475.,No,true,No
APP-201476,TWN,n/a,2022-06-05,2022-10-14 00:00:00,29.0,,517,105452.98,1,0.999,4.57,"$3,002.58",Salaried,Education,North,Married,BR-042,Client requests funding for medical expenses; stable employment history. Ref-901476.,No,false,No
APP-201477,TWN,NA,2024-02-26,24-06-2022,23.0,57252.0,748,37424.04,3,0.255,6.76,"$1,090.53",Salaried,Business,North,Married,BR-037,Applicant applies for credit toward a new vehicle purchase; first-time applicant. Ref-901477.,No,false,Yes
APP-201478,TWN,NA,2021-06-21,07/17/2021,41.0,45785.0,583,128746.63,1,0.646,9.9,"$3,913.77",Salaried,Education,North,Married,BR-009,Applicant needs financing for home renovation and repairs; existing customer over 5 years. Ref-901478.,No,true,Yes
APP-201479,TWN,?,2022-08-14,12-06-2021,47.0,45284.0,655,29137.71,2,0.224,7.98,$839.01,Unemployed,Business,North,Single,BR-037,Client applies for credit toward medical expenses; stable employment history. Ref-901479.,No,false,Yes
APP-201480,TWN,null,2021-10-31,09-03-2022,24.0,62133.0,794,147221.65,1,0.79,0.69,"$4,201.51",Salaried,Home,North,Single,BR-023,Customer seeks a loan to cover tuition and education costs; moderate credit risk profile. Ref-901480.,Yes,false,Yes
APP-201481,TWN,,2023-05-20,13-04-2023,33.0,100678.0,654,196099.59,2,0.5,4.95,"$5,556.14",Retired,Travel,North,Married,BR-044,Applicant seeks a loan to cover a family vacation abroad; first-time applicant. Ref-901481.,Yes,true,No
APP-201482,TWN,Freelance,2021-04-10,2021/02/05,null,50868.0,723,40875.74,0,0.315,2.34,"$1,087.58",Unemployed,Home,North,Married,BR-014,Client applies for credit toward tuition and education costs; existing customer over 5 years. Ref-901482.,No,false,No
APP-201483,TWN,null,2021-11-19,11/24/2023,37.0,63319.0,668,79609.43,1,0.376,1.02,"$2,394.89",Salaried,Medical,North,Single,BR-032,Client applies for credit toward home renovation and repairs; existing customer over 5 years. Ref-901483.,No,false,No
APP-201484,TWN,n/a,2021-08-21,2022-01-11 00:00:00,32.0,28784.0,729,48917.67,1,0.557,1.95,"$1,380.98",Unemployed,Travel,North,Single,BR-043,Borrower needs financing for a new vehicle purchase; existing customer over 5 years. Ref-901484.,No,true,No
APP-201485,TWN,-,2023-09-03,2023/10/26,50.0,,684,118948.08,1,0.755,2.48,"$3,009.31",Salaried,Education,North,Single,BR-040,Client needs financing for home renovation and repairs; stable employment history. Ref-901485.,Yes,false,No
APP-201486,TWN,?,2022-08-23,08/16/2023,50.0,105383.0,648,181184.75,1,0.529,9.6,"$5,009.34",Contract,Home,North,Married,BR-007,Customer seeks a loan to cover expanding a small business; existing customer over 5 years. Ref-901486.,No,false,No
APP-201487,TWN,-,2023-10-31,12/16/2022,48.0,88898.0,773,50497.33,1,0.189,7.45,"$1,357.94",Salaried,Travel,North,Single,BR-006,Applicant requests funding for expanding a small business; moderate credit risk profile. Ref-901487.,No,false,No
APP-201488,TWN,Rental,2021-07-07,2023-07-17 00:00:00,38.0,-,664,224885.66,1,0.945,8.53,"$5,818.34",Self-employed,Home,North,Single,BR-002,Borrower applies for credit toward a family vacation abroad; first-time applicant. Ref-901488.,Yes,false,No
APP-201489,TWN,?,2023-12-09,25-03-2022,64.0,45873.0,592,63321.48,3,0.508,6.99,"$1,826.08",Retired,Medical,North,Married,BR-017,Client needs financing for home renovation and repairs; stable employment history. Ref-901489.,No,false,No
APP-201490,TWN,null,2023-04-25,09-10-2021,,36745.0,660,84755.36,1,0.772,3.16,"$2,499.16",Salaried,Education,South,Single,BR-025,Applicant seeks a loan to cover tuition and education costs; existing customer over 5 years. Ref-901490.,No,true,No
APP-201491,TWN,-,2022-12-19,15-01-2021,35.0,56833.0,718,160388.24,1,0.647,3.91,"$4,809.23",Salaried,Car,North,Married,BR-032,Borrower seeks a loan to cover expanding a small business; good repayment record. Ref-901491.,No,true,No
APP-201492,TWN,Dividend,2022-07-16,2023-03-16 00:00:00,39.0,30696.0,607,90115.79,0,0.62,4.41,"$2,690.14",n/a,Medical,North,Single,BR-019,Client applies for credit toward a family vacation abroad; stable employment history. Ref-901492.,No,false,Yes
APP-201493,TWN,null,2024-11-17,2023-02-17 00:00:00,54.0,NA,735,30999.68,0,0.365,2.93,$944.83,Salaried,Travel,North,Married,BR-042,Customer requests funding for medical expenses; stable employment history. Ref-901493.,No,false,No
APP-201494,TWN,Dividend,2023-07-16,06/21/2021,31.0,94929.0,733,259209.96,0,0.958,4.21,"$6,755.63",Unemployed,Travel,North,Single,BR-010,Client seeks a loan to cover medical expenses; moderate credit risk profile. Ref-901494.,No,false,Yes
APP-201495,TWN,Freelance,2024-06-18,07-07-2023,45.0,37804.0,825,67362.27,1,0.401,7.71,"$1,897.51",Salaried,Medical,North,Single,BR-023,Client requests funding for expanding a small business; first-time applicant. Ref-901495.,Yes,true,No
APP-201496,TWN,Dividend,2022-01-04,12/06/2021,?,144854.0,639,309682.92,4,0.799,0.76,"$8,443.27",-,Business,North,Married,BR-042,Applicant seeks a loan to cover medical expenses; moderate credit risk profile. Ref-901496.,No,false,Yes
APP-201497,TWN,?,2023-04-16,2022-10-07 00:00:00,NA,29345.0,726,32718.23,0,0.371,2.77,$950.03,Self-employed,Home,North,Married,BR-021,Customer requests funding for medical expenses; existing customer over 5 years. Ref-901497.,Yes,true,No
APP-201498,TWN,,2023-10-15,2022-11-19 00:00:00,37.0,73665.0,569,63369.57,2,0.276,4.79,"$1,827.17",Contract,Car,East,Divorced,BR-014,Client applies for credit toward a new vehicle purchase; existing customer over 5 years. Ref-901498.,Yes,false,No
APP-201499,TWN,n/a,2023-09-24,01-11-2024,21.0,-,654,64929.76,1,0.683,6.76,"$1,650.10",Contract,Education,North,Single,BR-010,Client applies for credit toward medical expenses; first-time applicant. Ref-901499.,No,false,No
